date,AAPL,ABBV,ABT,ACN,ADBE,ADI,ADP,ALL,AMAT,AMD,AMGN,AMZN,ANET,APP,APPF,ARM,ASML,ASTS,AVGO,AXON,AXP,BA,BABA,BAC,BEN,BILL,BKNG,BLK,BMY,BRK-B,BSX,BX,C,CAT,CB,CDNS,CEG,CELH,CL,CLS,CMCSA,CME,COIN,COP,COST,CRDO,CRM,CRWD,CSCO,CVX,DE,DHR,DIS,DUK,DUOL,EEM,EFA,EL,ELV,EOG,EQIX,ETN,EWG,EWJ,F,FTNT,GDX,GE,GEV,GILD,GM,GOOG,GOOGL,GS,GTLB,HD,HON,HOOD,IBIT,IBM,ICE,IEMG,INTC,INTU,ISRG,IWM,JNJ,JPM,KHC,KLAC,KO,KRE,KVUE,LIN,LITE,LLY,LMT,LOW,LRCX,MA,MCD,MCK,MDB,MDT,MDY,MELI,MET,META,MMM,MNDY,MO,MRK,MRVL,MS,MSFT,MSTR,MU,NEE,NFLX,NKE,NOW,NVDA,NVO,ORCL,PANW,PEP,PFE,PG,PGR,PLD,PLTR,PM,PYPL,QCOM,RBRK,RTX,SAP,SBUX,SCHD,SFM,SHW,SMCI,SNOW,SNPS,SO,SOFI,SONY,SPGI,SPY,SYK,T,TCEHY,TGT,TJX,TMO,TOST,TPR,TSLA,TSM,TTD,TXN,UBER,UNH,UNP,UPS,UPWK,URA,V,VEEV,VGK,VLO,VNQ,VOD,VRT,VRTX,VST,VWO,VZ,WFC,WMT,XLE,XLF,XLI,XLV,XOM,FISV
2026-01-02,271.010009765625,229.30999755859372,124.19000244140624,259.95001220703125,333.29998779296875,273.739990234375,252.8800048828125,203.82000732421875,268.8699951171875,223.47000122070312,327.6400146484375,226.5,133.60000610351562,618.3200073242188,230.3699951171875,114.7300033569336,1163.780029296875,83.47000122070312,347.6199951171875,563.4500122070312,372.7300109863281,227.7700042724609,155.74000549316406,55.95000076293945,23.799999237060547,50.560001373291016,212.9279937744141,1085.06005859375,53.459999084472656,496.8500061035156,94.70999908447266,158.8000030517578,118.6999969482422,598.4099731445312,310.0599975585937,310.3999938964844,366.25,47.75,77.69000244140625,302.3999938964844,27.68509864807129,269.67999267578125,236.52999877929688,96.6999969482422,854.5,143.22000122070312,253.6199951171875,113.3949966430664,76.04000091552734,155.89999389648438,466.7999877929688,230.3999938964844,111.8499984741211,117.44000244140624,176.47999572753906,56.2400016784668,97.04000091552734,106.76000213623048,354.25,107.2699966430664,764.1099853515625,327.3099975585937,42.560001373291016,81.33000183105469,13.34000015258789,77.87999725341797,85.7300033569336,320.75,679.5499877929688,121.5999984741211,80.9800033569336,315.32000732421875,315.1499938964844,914.3400268554688,36.18000030517578,345.82000732421875,205.4326171875,115.20999908447266,50.93999862670898,291.5,159.99000549316406,69.0,39.380001068115234,629.4600219726562,561.97998046875,248.77999877929688,207.3500061035156,325.4800109863281,24.38999938964844,127.4469985961914,69.12000274658203,65.23999786376953,17.31999969482422,429.1099853515625,386.1099853515625,1080.3599853515625,497.0700073242188,246.88999938964844,185.05999755859372,563.1300048828125,303.260009765625,823.4400024414062,399.6499938964844,96.0500030517578,611.3099975585938,1973.699951171875,80.31999969482422,650.4099731445312,161.82000732421875,143.4199981689453,57.310001373291016,106.4499969482422,89.38999938964844,181.8999938964844,472.9400024414063,157.16000366210938,315.4200134277344,80.93000030517578,90.98999786376952,63.27999877929688,147.4499969482422,188.8500061035156,52.38999938964844,195.7100067138672,179.3699951171875,142.22999572753906,25.18000030517578,141.7899932861328,212.1199951171875,129.0500030517578,167.86000061035156,160.3000030517578,58.13999938964844,172.97999572753906,75.47000122070312,187.25,236.9199981689453,83.97000122070312,27.729999542236328,80.63999938964844,327.8399963378906,30.959999084472656,216.7100067138672,480.4200134277344,87.18000030517578,27.459999084472656,25.8799991607666,485.0141906738281,683.1699829101562,348.17999267578125,24.559999465942383,80.55000305175781,100.51000213623048,154.27999877929688,592.510009765625,34.02000045776367,129.07000732421875,438.0700073242188,319.6099853515625,37.68000030517578,177.52000427246094,82.86000061035156,336.3999938964844,231.91000366210935,101.0199966430664,19.84000015258789,46.060001373291016,346.4800109863281,219.4900054931641,84.55999755859375,165.30999755859375,88.5199966430664,13.34000015258789,175.61000061035156,452.1300048828125,165.22999572753906,54.93000030517578,40.52000045776367,95.1999969482422,112.76000213623048,45.650001525878906,54.93000030517578,157.97999572753906,155.50999450683594,122.6500015258789,65.58999633789062
2026-01-05,267.260009765625,220.17999267578125,126.4499969482422,263.9800109863281,331.5599975585937,277.2900085449219,257.32000732421875,205.57000732421875,284.32000732421875,221.0800018310547,320.7200012207031,233.05999755859372,137.19000244140625,632.9099731445312,233.8000030517578,116.11000061035156,1228.18994140625,90.91999816894533,343.4200134277344,591.1599731445312,379.7999877929688,228.1300048828125,156.25999450683594,56.88999938964844,24.489999771118164,53.66999816894531,214.69479370117188,1119.760009765625,53.060001373291016,498.5199890136719,95.4800033569336,162.35000610351562,123.3000030517578,616.0999755859375,315.19000244140625,301.2200012207031,354.94000244140625,48.09000015258789,76.93000030517578,293.239990234375,28.1299991607666,275.0599975585937,254.9199981689453,99.1999969482422,875.739990234375,140.24000549316406,256.260009765625,114.1374969482422,75.58000183105469,163.85000610351562,466.1000061035156,235.3600006103516,114.06999969482422,116.80999755859376,185.1499938964844,56.86000061035156,98.1500015258789,108.16000366210938,363.510009765625,106.1999969482422,772.02001953125,322.260009765625,43.04999923706055,83.12999725341797,13.470000267028809,77.94000244140625,88.44999694824219,324.32000732421875,680.8599853515625,118.3000030517578,83.1500015258789,317.32000732421875,316.5400085449219,948.4400024414062,37.5099983215332,344.0899963378906,210.89669799804688,123.23999786376952,53.459999084472656,294.9700012207031,165.6199951171875,69.69999694824219,39.369998931884766,633.8400268554688,566.3800048828125,252.72999572753903,204.30999755859372,334.0400085449219,23.770000457763672,135.2449951171875,67.94000244140625,66.55999755859375,16.81999969482422,433.1000061035156,357.04998779296875,1041.510009765625,511.5700073242188,244.75,194.75999450683597,568.5700073242188,299.8599853515625,824.9199829101562,420.8200073242188,97.36000061035156,619.3599853515625,2148.6201171875,81.7699966430664,658.7899780273438,163.5500030517578,142.77000427246094,56.29999923706055,107.44000244140624,90.2300033569336,186.5399932861328,472.8500061035156,164.72000122070312,312.1499938964844,81.31999969482422,91.45999908447266,64.52999877929688,147.60000610351562,188.1199951171875,55.11000061035156,192.58999633789065,182.1199951171875,139.9199981689453,25.170000076293945,140.3699951171875,212.9199981689453,129.69000244140625,174.0399932861328,159.86000061035156,59.290000915527344,176.30999755859375,73.5,188.25999450683597,240.44000244140625,86.55999755859375,27.90999984741211,79.94000244140625,332.20001220703125,30.06999969482422,224.3600006103516,494.1900024414063,86.87000274658203,29.280000686645508,25.82999992370605,504.1627197265625,687.719970703125,348.7900085449219,24.709999084472656,81.06999969482422,102.0999984741211,153.83999633789062,611.2000122070312,34.5,128.52999877929688,451.6700134277344,322.25,40.11000061035156,177.1699981689453,80.73999786376953,342.0199890136719,231.97000122070312,102.0,20.6200008392334,48.630001068115234,353.79998779296875,221.32000732421875,85.2300033569336,180.57000732421875,88.72000122070312,13.56999969482422,173.9499969482422,448.7999877929688,162.92999267578125,55.290000915527344,40.22999954223633,96.37999725341795,112.70999908447266,46.88999938964844,56.130001068115234,159.85000610351562,155.0399932861328,125.36000061035156,66.98999786376953
2026-01-06,262.3599853515625,223.92999267578125,127.77999877929688,275.92999267578125,335.989990234375,292.94000244140625,261.1199951171875,207.9199981689453,296.010009765625,214.3500061035156,330.1700134277344,240.92999267578125,132.5800018310547,617.239990234375,234.82000732421875,115.52999877929688,1242.18994140625,97.48999786376952,343.7699890136719,626.6500244140625,383.55999755859375,229.83999633789065,150.89999389648438,57.25,25.1200008392334,55.33000183105469,213.9355926513672,1112.280029296875,54.41999816894531,499.0499877929688,97.79000091552734,162.64999389648438,122.5,623.0900268554688,309.2900085449219,314.6400146484375,354.5799865722656,48.68999862670898,77.19999694824219,305.0,27.420000076293945,269.1499938964844,250.55999755859372,97.11000061035156,889.0999755859375,132.9499969482422,262.8999938964844,114.58000183105467,75.2300033569336,156.5399932861328,485.9800109863281,236.58999633789065,114.56999969482422,117.73999786376952,178.94000244140625,57.27999877929688,98.3000030517578,108.5500030517578,371.3699951171875,105.0,788.0599975585938,332.9700012207031,43.130001068115234,83.06999969482422,13.800000190734863,78.44000244140625,92.13999938964844,327.5400085449219,686.3300170898438,121.36000061035156,82.18000030517578,314.54998779296875,314.3399963378906,955.469970703125,36.7400016784668,349.2900085449219,214.9344482421875,121.6999969482422,52.45000076293945,302.4700012207031,166.00999450683594,70.2300033569336,40.040000915527344,647.2000122070312,592.8499755859375,256.0799865722656,204.7899932861328,334.6099853515625,23.51000022888184,139.5,67.83999633789062,67.2300033569336,16.75,437.1600036621094,397.4200134277344,1064.0400390625,522.0399780273438,246.4900054931641,206.9600067138672,580.3400268554688,302.7699890136719,826.510009765625,435.8599853515625,100.30999755859376,628.27001953125,2187.0400390625,81.18000030517578,660.6199951171875,166.2100067138672,146.91000366210938,55.15999984741211,108.87000274658205,88.2300033569336,187.75,478.510009765625,157.97000122070312,343.42999267578125,81.05000305175781,90.6500015258789,65.3499984741211,148.80999755859375,187.2400054931641,56.2599983215332,193.75,185.8600006103516,138.9600067138672,25.43000030517578,139.91000366210938,212.3500061035156,127.45999908447266,179.7100067138672,155.16000366210938,59.810001373291016,182.4499969482422,75.11000061035156,190.3999938964844,237.97999572753903,89.45999908447266,28.09000015258789,77.0,340.0899963378906,30.540000915527344,234.52999877929688,508.7699890136719,87.5199966430664,26.979999542236328,25.739999771118164,510.5487365722656,691.8099975585938,366.3900146484375,24.34000015258789,81.0,104.3000030517578,153.9199981689453,620.719970703125,36.06999969482422,133.17999267578125,432.9599914550781,327.42999267578125,39.7400016784668,192.1000061035156,85.54000091552734,348.9700012207031,233.6199951171875,105.22000122070312,20.270000457763672,49.369998931884766,357.5599975585937,237.8699951171875,85.44000244140625,178.27000427246094,89.37000274658203,13.529999732971191,174.9499969482422,468.3800048828125,169.52999877929688,55.59000015258789,40.29999923706055,96.38999938964844,114.33999633789062,45.63999938964844,56.400001525878906,162.02000427246094,158.08999633789062,121.0500030517578,68.76000213623047
2026-01-07,260.3299865722656,233.4199981689453,127.04000091552734,273.9800109863281,338.1000061035156,292.8900146484375,261.260009765625,207.2700042724609,292.20001220703125,210.0200042724609,341.6400146484375,241.55999755859372,130.0800018310547,632.9199829101562,225.8500061035156,115.68000030517578,1228.469970703125,85.7300033569336,343.5,620.9099731445312,378.2200012207031,228.1199951171875,146.75,55.63999938964844,25.149999618530277,56.310001373291016,217.82879638671875,1075.0899658203125,56.720001220703125,496.1199951171875,98.6500015258789,153.58999633789062,121.37000274658205,596.52001953125,306.6300048828125,320.5400085449219,338.6300048828125,51.34000015258789,77.08999633789062,305.8699951171875,27.899999618530277,266.8500061035156,245.92999267578125,93.94000244140624,882.5800170898438,141.0,266.1199951171875,119.72750091552734,74.72000122070312,155.1999969482422,475.2000122070313,235.57000732421875,112.91000366210938,116.19000244140624,176.3000030517578,56.84999847412109,97.93000030517578,105.2699966430664,366.6900024414063,102.5500030517578,776.5499877929688,322.6700134277344,43.2599983215332,82.91999816894531,13.739999771118164,80.0199966430664,91.05999755859376,323.6400146484375,662.3200073242188,124.3499984741211,81.91000366210938,322.42999267578125,321.9800109863281,941.02001953125,36.7599983215332,349.0599975585937,209.23963928222656,116.97000122070312,51.540000915527344,296.7300109863281,161.9199981689453,69.7699966430664,42.630001068115234,651.1500244140625,592.27001953125,255.47999572753903,207.4900054931641,326.989990234375,23.01000022888184,135.968994140625,67.54000091552734,66.75,16.739999771118164,434.1400146484375,392.8800048828125,1108.0899658203125,496.8699951171875,247.1199951171875,203.0800018310547,579.9199829101562,304.1600036621094,823.9500122070312,440.6000061035156,99.7699966430664,623.72998046875,2162.610107421875,78.2699966430664,648.6900024414062,162.91000366210938,149.9499969482422,54.720001220703125,108.5999984741211,84.63999938964844,184.7899932861328,483.4700012207031,161.8300018310547,339.54998779296875,78.37000274658203,90.7300033569336,63.220001220703125,150.89999389648438,189.1100006103516,56.56999969482422,192.83999633789065,193.8999938964844,137.00999450683594,25.280000686645508,138.0399932861328,209.1000061035156,126.9000015258789,181.67999267578125,155.14999389648438,58.5099983215332,180.19000244140625,76.87000274658203,185.72999572753903,243.42999267578125,86.69000244140625,27.899999618530277,74.7300033569336,331.4100036621094,30.01000022888184,233.5,519.7000122070312,86.2699966430664,27.0,25.1200008392334,508.5146789550781,689.5800170898438,367.75,23.96999931335449,79.58999633789062,103.66999816894533,154.0399932861328,617.1500244140625,36.65999984741211,130.97000122070312,431.4100036621094,318.67999267578125,38.650001525878906,185.7100067138672,86.19000244140625,341.70001220703125,224.47999572753903,105.41000366210938,20.86000061035156,49.83000183105469,355.8800048828125,239.3500061035156,85.19000244140625,183.8600006103516,88.5,13.970000267028809,171.5399932861328,484.1499938964844,154.60000610351562,55.25,40.130001068115234,94.29000091552734,112.72000122070312,45.130001068115234,55.61000061035156,158.97000122070312,159.66000366210938,118.48999786376952,68.70999908447266
2026-01-08,259.0400085449219,224.1300048828125,126.18000030517578,281.82000732421875,339.0400085449219,299.1600036621094,265.6700134277344,211.1000061035156,281.6400146484375,204.67999267578125,330.1099853515625,246.2899932861328,123.72000122070312,616.530029296875,226.1699981689453,113.08000183105467,1194.3199462890625,90.55999755859376,332.4800109863281,612.97998046875,382.9800109863281,227.3800048828125,154.47000122070312,56.18000030517578,25.450000762939453,54.54999923706055,217.8000030517578,1087.9200439453125,55.900001525878906,499.7699890136719,98.37999725341795,155.3000030517578,120.5999984741211,608.1300048828125,313.0,318.79998779296875,322.5400085449219,51.27999877929688,80.87000274658203,288.6000061035156,28.209999084472656,266.6400146484375,245.58999633789065,98.72000122070312,915.3099975585938,141.58999633789062,260.5299987792969,115.96749877929688,73.95999908447266,159.25,500.7999877929688,235.0,114.16999816894533,117.31999969482422,173.8699951171875,56.869998931884766,97.94000244140624,110.2699966430664,374.7699890136719,105.56999969482422,781.8800048828125,320.5799865722656,43.310001373291016,82.86000061035156,14.399999618530272,78.05000305175781,91.54000091552734,314.44000244140625,628.4000244140625,120.66999816894533,85.12999725341797,326.010009765625,325.44000244140625,934.8300170898438,35.54999923706055,359.5599975585937,215.24908447265625,115.38999938964844,51.52000045776367,302.7200012207031,161.97999572753906,69.77999877929688,41.11000061035156,652.75,585.0800170898438,258.2699890136719,205.75,329.7900085449219,23.43000030517578,132.4600067138672,69.37000274658203,68.08000183105469,16.989999771118164,439.6900024414063,348.260009765625,1085.18994140625,518.4400024414062,256.2099914550781,200.9600067138672,580.0700073242188,308.8800048828125,814.6300048828125,413.5199890136719,98.69000244140624,626.0399780273438,2179.800048828125,79.77999877929688,646.0599975585938,165.24000549316406,147.6699981689453,55.900001525878906,110.98999786376952,83.44999694824219,184.67999267578125,478.1099853515625,166.97000122070312,327.0199890136719,79.48999786376953,90.52999877929688,65.26000213623047,146.19000244140625,185.0399932861328,57.34000015258789,189.6499938964844,190.8000030517578,139.3699951171875,25.290000915527344,141.52999877929688,213.1499938964844,128.38999938964844,176.86000061035156,158.80999755859375,58.27000045776367,181.8699951171875,71.66999816894531,187.1699981689453,241.02999877929688,88.18000030517578,28.420000076293945,77.08999633789062,341.0299987792969,29.899999618530277,223.7899932861328,514.489990234375,87.22000122070312,27.71999931335449,25.25,512.355712890625,689.510009765625,367.2099914550781,24.170000076293945,78.94999694824219,106.33000183105467,158.25,606.5,36.619998931884766,133.52000427246094,435.7999877929688,318.010009765625,37.29999923706055,188.4499969482422,87.58999633789062,346.8500061035156,229.8500061035156,106.97000122070312,20.420000076293945,49.5099983215332,352.2300109863281,241.16000366210935,85.18000030517578,191.32000732421875,89.29000091552734,13.81999969482422,160.77999877929688,469.6799926757813,150.60000610351562,55.310001373291016,40.56999969482422,95.5999984741211,113.06999969482422,46.54999923706055,55.900001525878906,160.1699981689453,158.1199951171875,122.91000366210938,69.5
2026-01-09,259.3699951171875,220.0800018310547,125.91999816894533,280.6700134277344,333.95001220703125,300.92999267578125,266.0199890136719,212.2100067138672,301.17999267578125,203.1699981689453,326.1000061035156,247.3800048828125,122.88999938964844,647.719970703125,226.5800018310547,111.79000091552734,1273.8800048828125,97.66999816894533,344.9700012207031,631.6900024414062,375.6099853515625,234.52999877929688,150.9600067138672,55.84999847412109,25.65999984741211,54.47999954223633,219.6844024658203,1085.0999755859375,55.86000061035156,499.1000061035156,97.63999938964844,157.6199951171875,121.31999969482422,617.6199951171875,306.8099975585937,327.3099975585937,342.5199890136719,52.900001525878906,81.4800033569336,302.29998779296875,28.3700008392334,262.45001220703125,240.77999877929688,97.51000213623048,924.8800048828124,150.4199981689453,259.94000244140625,117.65249633789062,73.87999725341797,162.11000061035156,488.0799865722656,238.3699951171875,115.87999725341795,116.8000030517578,176.66000366210938,57.13999938964844,98.80999755859376,113.7300033569336,372.8299865722656,104.91999816894533,800.3499755859375,324.510009765625,43.40999984741211,84.61000061035156,14.199999809265137,79.22000122070312,92.55999755859376,321.5899963378906,622.5,121.0999984741211,82.87000274658203,329.1400146484375,328.57000732421875,938.97998046875,35.38999938964844,374.6400146484375,217.49343872070312,115.2699966430664,51.15999984741211,304.2200012207031,165.97999572753906,70.04000091552734,45.54999923706055,646.9000244140625,586.239990234375,260.2300109863281,204.38999938964844,329.19000244140625,23.420000076293945,140.0,70.51000213623047,67.4800033569336,16.829999923706055,444.0799865722656,351.4200134277344,1063.56005859375,542.9199829101562,267.2099914550781,218.3600006103516,575.5399780273438,307.32000732421875,816.0599975585938,408.1199951171875,97.52999877929688,631.3800048828125,2178.409912109375,79.41000366210938,653.0599975585938,165.24000549316406,148.02999877929688,57.52999877929688,110.52999877929688,83.22000122070312,186.32000732421875,479.2799987792969,157.3300018310547,345.0899963378906,79.88999938964844,89.45999908447266,65.91999816894531,141.8000030517578,184.8600006103516,58.810001373291016,198.5200042724609,189.0200042724609,139.91000366210938,25.479999542236328,141.8699951171875,215.16000366210935,129.39999389648438,177.49000549316406,162.61000061035156,57.65999984741211,177.77999877929688,70.55999755859375,188.5,247.1100006103516,88.87999725341797,28.549999237060547,77.19999694824219,353.2799987792969,30.15999984741211,219.08999633789065,525.1799926757812,87.01000213623047,27.399999618530277,25.040000915527344,512.7152099609375,694.0700073242188,367.5400085449219,23.989999771118164,78.94000244140625,105.5199966430664,157.80999755859375,618.8599853515625,35.459999084472656,134.35000610351562,445.010009765625,323.6300048828125,37.290000915527344,190.30999755859372,85.44000244140625,343.9800109863281,228.44000244140625,108.05999755859376,20.049999237060547,50.310001373291016,349.7699890136719,240.1199951171875,85.7699966430664,185.27999877929688,89.47000122070312,13.5,163.5800018310547,463.8599853515625,166.3699951171875,55.43000030517578,40.459999084472656,95.9499969482422,114.52999877929688,46.66999816894531,55.72999954223633,161.92999267578125,157.30999755859375,124.61000061035156,69.8499984741211
2026-01-12,260.25,220.0399932861328,124.63999938964844,280.9599914550781,327.6499938964844,293.8599853515625,262.79998779296875,208.66000366210935,307.239990234375,207.69000244140625,325.5400085449219,246.47000122070312,123.41999816894533,658.6500244140625,222.80999755859372,111.13999938964844,1281.22998046875,98.38999938964844,352.2099914550781,631.72998046875,359.5899963378906,239.80999755859372,166.30999755859375,55.18999862670898,25.63999938964844,53.70000076293945,215.66079711914065,1089.260009765625,55.77000045776367,498.6700134277344,95.72000122070312,156.5800018310547,117.6999969482422,629.77001953125,306.6199951171875,325.510009765625,335.8599853515625,53.09000015258789,81.93000030517578,314.70001220703125,29.059999465942383,264.9800109863281,242.97999572753903,95.5,943.0800170898438,156.07000732421875,259.3999938964844,116.74749755859376,74.01000213623047,162.33999633789062,490.739990234375,239.0,112.81999969482422,116.70999908447266,161.74000549316406,57.93999862670898,99.41000366210938,113.0199966430664,374.9700012207031,105.44000244140624,783.8599853515625,329.1000061035156,43.83000183105469,85.29000091552734,14.029999732971191,78.66000366210938,95.72000122070312,324.1700134277344,639.77001953125,122.5999984741211,82.9000015258789,332.7300109863281,331.8599853515625,949.5499877929688,35.65999984741211,374.9400024414063,218.77294921875,117.5199966430664,51.869998931884766,312.17999267578125,166.25,70.95999908447266,44.060001373291016,635.4400024414062,572.75,261.5,209.72000122070312,324.489990234375,23.38999938964844,142.81700134277344,70.5,66.68000030517578,17.0,443.6300048828125,339.8699951171875,1081.0,551.239990234375,270.8900146484375,220.3999938964844,566.280029296875,306.75,825.6199951171875,418.1900024414063,96.9499969482422,632.3200073242188,2149.89990234375,78.31999969482422,641.969970703125,167.94000244140625,146.35000610351562,58.540000915527344,109.19000244140624,82.88999938964844,186.57000732421875,477.1799926757813,162.22999572753906,345.8699951171875,81.12000274658203,89.41000366210938,65.63999938964844,142.63999938964844,184.94000244140625,59.86000061035156,204.67999267578125,188.8800048828125,141.36000061035156,25.270000457763672,143.4600067138672,216.5,129.05999755859375,179.41000366210938,165.16000366210938,57.290000915527344,169.27000427246094,71.37000274658203,193.8500061035156,248.83999633789065,89.95999908447266,28.5,80.19999694824219,357.6300048828125,30.1200008392334,220.27999877929688,533.4199829101562,86.73999786376953,26.600000381469727,25.18000030517578,515.1182861328125,695.1599731445312,361.3699951171875,23.739999771118164,82.4000015258789,106.13999938964844,157.10000610351562,615.4500122070312,36.20000076293945,133.6999969482422,448.9599914550781,331.7699890136719,36.900001525878906,189.07000732421875,84.66999816894531,340.510009765625,229.5,108.02999877929688,20.399999618530277,51.7599983215332,343.20001220703125,233.2100067138672,86.23999786376953,179.6199951171875,89.58999633789062,13.550000190734863,170.02999877929688,460.5899963378906,172.5800018310547,56.290000915527344,39.84000015258789,94.95999908447266,117.97000122070312,46.34000015258789,55.290000915527344,163.1699981689453,157.3800048828125,124.02999877929688,68.19999694824219
2026-01-13,261.04998779296875,220.75,124.3000030517578,276.79998779296875,309.92999267578125,296.2099914550781,257.07000732421875,197.6499938964844,304.8699951171875,220.97000122070312,324.29998779296875,242.6000061035156,129.92999267578125,668.6300048828125,221.1699981689453,107.83999633789062,1270.1600341796875,92.72000122070312,354.6099853515625,641.510009765625,358.0,244.5500030517578,167.00999450683594,54.540000915527344,25.280000686645508,51.2599983215332,212.58839416503903,1089.5400390625,55.91999816894531,495.239990234375,94.13999938964844,155.25,116.3000030517578,636.530029296875,300.69000244140625,323.0599975585937,333.5299987792969,52.61000061035156,82.95999908447266,328.5599975585937,28.479999542236328,268.45001220703125,252.69000244140625,96.45999908447266,941.9299926757812,161.3800048828125,241.05999755859372,117.00499725341795,75.47000122070312,163.8699951171875,499.5199890136719,235.55999755859372,112.9800033569336,117.38999938964844,165.8000030517578,57.5099983215332,98.83999633789062,115.37000274658205,370.6799926757813,108.04000091552734,801.3099975585938,332.3800048828125,43.56999969482422,84.44999694824219,13.979999542236328,78.33000183105469,96.47000122070312,327.2300109863281,652.0900268554688,121.76000213623048,83.23999786376953,336.42999267578125,335.9700012207031,938.1500244140624,35.849998474121094,379.739990234375,220.5348663330078,120.23999786376952,53.56999969482422,303.1600036621094,166.69000244140625,70.47000122070312,47.290000915527344,605.280029296875,561.8200073242188,261.3500061035156,213.6499938964844,310.8999938964844,23.51000022888184,144.1820068359375,71.23999786376953,66.23999786376953,17.010000228881836,442.8999938964844,361.3299865722656,1077.18994140625,558.2999877929688,274.25,214.3800048828125,544.989990234375,309.44000244140625,823.97998046875,411.1900024414063,96.41999816894533,633.6799926757812,2073.570068359375,77.08000183105469,631.0900268554688,169.4199981689453,139.22000122070312,60.150001525878906,108.26000213623048,83.05000305175781,182.75999450683597,470.6700134277344,172.99000549316406,338.1300048828125,81.63999938964844,90.31999969482422,66.30000305175781,138.19000244140625,185.80999755859372,59.63999938964844,202.2899932861328,190.8500061035156,143.47999572753906,25.149999618530277,144.24000549316406,205.05999755859372,130.22000122070312,178.9600067138672,165.85000610351562,56.560001373291016,165.2899932861328,70.81999969482422,194.0800018310547,247.1000061035156,90.55999755859376,28.6200008392334,81.05999755859375,355.989990234375,28.600000381469727,209.38999938964844,511.7999877929688,87.55000305175781,27.13999938964844,24.40999984741211,512.92333984375,693.77001953125,355.82000732421875,23.299999237060547,80.0999984741211,108.62999725341795,158.13999938964844,607.0800170898438,34.79999923706055,134.3800048828125,447.2000122070313,331.2099914550781,37.13999938964844,188.52999877929688,85.41000366210938,333.92999267578125,229.2899932861328,106.58000183105467,20.25,50.77000045776367,327.8800048828125,228.4900054931641,85.79000091552734,181.7400054931641,90.08999633789062,13.18000030517578,172.72000122070312,454.6700134277344,171.4199981689453,55.959999084472656,39.0099983215332,93.55999755859376,120.36000061035156,47.0,54.22999954223633,164.00999450683594,156.74000549316406,126.54000091552734,66.75
2026-01-14,259.9599914550781,221.88999938964844,125.0,288.5400085449219,304.44000244140625,297.989990234375,258.5,196.0200042724609,301.8900146484375,223.6000061035156,328.9700012207031,236.6499938964844,125.08999633789062,617.760009765625,212.9499969482422,104.98999786376952,1263.719970703125,95.22000122070312,339.8900146484375,629.219970703125,358.260009765625,242.6100006103516,169.89999389648438,52.47999954223633,25.6299991607666,50.310001373291016,207.48080444335935,1091.8499755859375,57.02000045776367,493.1499938964844,93.73999786376952,158.7100067138672,112.41000366210938,638.75,301.010009765625,313.1700134277344,330.3800048828125,53.130001068115234,84.55000305175781,310.0400085449219,28.420000076293945,275.2300109863281,255.8600006103516,100.33999633789062,950.97998046875,156.83999633789062,239.57000732421875,115.1750030517578,74.41000366210938,167.24000549316406,512.0999755859375,237.9499969482422,113.52999877929688,118.68000030517578,156.27000427246094,57.75,99.3000030517578,116.91000366210938,372.8399963378906,110.73999786376952,799.02001953125,331.1400146484375,43.4900016784668,85.04000091552734,13.84000015258789,76.38999938964844,96.86000061035156,318.8800048828125,644.1799926757812,124.06999969482422,81.2300033569336,336.3099975585937,335.8399963378906,932.6699829101562,36.15999984741211,375.9500122070313,223.42947387695312,119.66999816894533,55.43999862670898,309.0299987792969,172.94000244140625,70.80999755859375,48.720001220703125,566.5999755859375,546.760009765625,263.19000244140625,218.5500030517578,307.8699951171875,24.31999969482422,143.4499969482422,71.44000244140625,66.9800033569336,17.1200008392334,439.9800109863281,331.6199951171875,1073.2900390625,572.7000122070312,274.95001220703125,208.7899932861328,546.8200073242188,308.1300048828125,834.1599731445312,386.8900146484375,98.73999786376952,634.3099975585938,2101.949951171875,78.6500015258789,615.52001953125,169.99000549316406,130.3300018310547,61.470001220703125,111.01000213623048,81.20999908447266,180.77999877929688,459.3800048828125,179.3300018310547,333.3500061035156,81.9800033569336,88.55000305175781,65.56999969482422,134.61000061035156,183.13999938964844,58.90999984741211,193.6100006103516,190.92999267578125,145.9199981689453,25.57999992370605,146.35000610351562,205.5,132.2100067138672,178.39999389648438,171.0800018310547,57.65999984741211,164.5399932861328,68.13999938964844,198.83999633789065,238.8800048828125,91.1500015258789,29.040000915527344,81.41999816894531,354.3500061035156,28.270000457763672,206.16000366210935,505.3399963378906,88.41999816894531,26.670000076293945,24.09000015258789,515.6102294921875,690.3599853515625,359.3900146484375,23.61000061035156,81.12999725341797,109.81999969482422,155.1300048828125,621.8300170898438,35.65999984741211,133.1699981689453,439.2000122070313,327.1099853515625,37.130001068115234,193.4499969482422,84.6500015258789,334.9599914550781,227.13999938964844,107.4000015258789,20.100000381469727,52.59000015258789,329.1700134277344,218.8600006103516,86.12000274658203,186.50999450683597,90.87000274658205,13.369999885559082,170.86000061035156,449.5299987792969,168.97000122070312,56.08000183105469,39.83000183105469,89.25,120.04000091552734,48.060001373291016,54.150001525878906,164.27000427246094,157.86000061035156,130.1999969482422,67.5
2026-01-15,258.2099914550781,216.75,123.52999877929688,287.7699890136719,304.0899963378906,302.1000061035156,260.20001220703125,195.47000122070312,319.0799865722656,227.9199981689453,330.0299987792969,238.17999267578125,130.58999633789062,606.989990234375,219.6699981689453,105.11000061035156,1331.5999755859375,101.25,343.0199890136719,637.1900024414062,357.3699951171875,247.7400054931641,170.92999267578125,52.59000015258789,25.96999931335449,48.25,207.72239685058597,1156.6500244140625,56.619998931884766,492.6199951171875,90.02999877929688,160.80999755859375,117.45999908447266,647.1799926757812,301.1099853515625,320.6000061035156,341.20001220703125,53.52999877929688,84.33999633789062,313.5299987792969,28.350000381469727,272.5899963378906,239.27999877929688,98.93000030517578,956.75,149.1199951171875,233.52999877929688,113.75,75.25,166.16000366210938,515.0399780273438,239.88999938964844,113.41000366210938,118.9000015258789,154.4199981689453,58.09000015258789,99.26000213623048,115.6500015258789,381.9299926757813,108.0199966430664,801.8200073242188,333.4599914550781,43.2400016784668,85.41999816894531,13.8100004196167,76.31999969482422,97.11000061035156,319.94000244140625,642.22998046875,121.26000213623048,80.91000366210938,333.1600036621094,332.7799987792969,975.8599853515624,34.75,379.1600036621094,225.5060272216797,110.3499984741211,54.0,297.95001220703125,173.27999877929688,71.18000030517578,48.31999969482422,554.5800170898438,541.3400268554688,265.510009765625,219.57000732421875,309.260009765625,24.239999771118164,154.49600219726562,70.4800033569336,68.23999786376953,17.260000228881836,440.0400085449219,343.2699890136719,1032.969970703125,577.8900146484375,277.010009765625,217.47000122070312,542.6500244140625,308.6199951171875,844.1300048828125,389.2000122070313,99.0,641.780029296875,2098.85009765625,77.9000015258789,620.7999877929688,171.10000610351562,132.80999755859375,61.58000183105469,110.97000122070312,80.37999725341797,191.22999572753903,456.6600036621094,170.91000366210938,336.6300048828125,82.19000244140625,88.05000305175781,64.58999633789062,131.1699981689453,187.0500030517578,57.119998931884766,189.8500061035156,187.72999572753903,146.57000732421875,25.88999938964844,144.6300048828125,203.5200042724609,132.75,177.07000732421875,172.55999755859375,56.7400016784668,161.38999938964844,69.05000305175781,199.8300018310547,235.83999633789065,93.27999877929688,29.030000686645508,81.51000213623047,356.1300048828125,29.420000076293945,207.7400054931641,508.1900024414063,88.77999877929688,26.440000534057617,24.1200008392334,516.0170288085938,692.239990234375,362.489990234375,23.729999542236328,80.18000030517578,111.12999725341795,156.16000366210938,624.6500244140625,33.7599983215332,133.05999755859375,438.5700073242188,341.6400146484375,36.22999954223633,189.1199951171875,84.37999725341797,338.9599914550781,230.50999450683597,108.62000274658205,20.149999618530277,52.77999877929688,327.75,218.9499969482422,85.91000366210938,184.5800018310547,91.5,13.449999809265137,172.5399932861328,438.9200134277344,180.17999267578125,56.34000015258789,39.36000061035156,88.95999908447266,119.1999969482422,47.61000061035156,54.369998931884766,165.77999877929688,156.9600067138672,129.1300048828125,66.77999877929688
2026-01-16,255.52999877929688,214.3500061035156,121.76000213623048,286.2099914550781,296.1199951171875,300.25,260.44000244140625,192.27999877929688,327.010009765625,231.8300018310547,330.4100036621094,239.1199951171875,129.8300018310547,568.760009765625,217.88999938964844,105.77999877929688,1358.5699462890625,115.7699966430664,351.7099914550781,636.0399780273438,364.7900085449219,247.67999267578125,165.39999389648438,52.970001220703125,26.0,46.59999847412109,204.6363983154297,1163.1700439453125,55.2599983215332,493.2900085449219,88.06999969482422,163.5,118.04000091552734,646.8900146484375,300.7699890136719,317.45001220703125,307.7099914550781,54.38999938964844,84.5199966430664,313.6000061035156,27.81999969482422,279.5,241.1499938964844,98.19000244140624,963.6099853515624,150.97000122070312,227.1100006103516,113.47000122070312,75.19000244140625,166.25999450683594,514.4000244140625,235.9900054931641,111.1999969482422,119.22000122070312,150.16000366210938,57.869998931884766,99.52999877929688,115.0500030517578,374.8699951171875,105.31999969482422,801.780029296875,343.75,43.34000015258789,85.4800033569336,13.600000381469728,75.37999725341797,97.23999786376952,325.1199951171875,681.5499877929688,124.91000366210938,80.81999969482422,330.3399963378906,330.0,962.0,34.13999938964844,380.1700134277344,230.08914184570312,108.73999786376952,54.2400016784668,305.6700134277344,173.97999572753906,70.91999816894531,46.959999084472656,545.2899780273438,535.0,265.760009765625,218.66000366210935,312.4700012207031,23.530000686645508,156.78199768066406,70.44000244140625,67.8499984741211,17.200000762939453,438.9599914550781,324.25,1038.4000244140625,582.4299926757812,277.54998779296875,222.9600067138672,539.489990234375,307.42999267578125,840.4600219726562,399.760009765625,96.76000213623048,639.8499755859375,2075.010009765625,76.7699966430664,620.25,167.8000030517578,126.6999969482422,61.7599983215332,108.83000183105467,80.45999908447266,189.08999633789065,459.8599853515625,173.7100067138672,362.75,83.62999725341797,88.0,64.37999725341797,127.30999755859376,186.22999572753903,62.33000183105469,191.08999633789065,187.66000366210935,146.32000732421875,25.649999618530277,144.52999877929688,202.3699951171875,133.2100067138672,170.9600067138672,173.6199951171875,56.88999938964844,159.4199981689453,67.0999984741211,201.9199981689453,233.58999633789065,92.98999786376952,28.899999618530277,78.58999633789062,357.8299865722656,32.63999938964844,210.3800048828125,516.3099975585938,88.9000015258789,26.1299991607666,24.049999237060547,516.8873901367188,691.6599731445312,363.7799987792969,23.489999771118164,78.5999984741211,111.27999877929688,157.3800048828125,618.719970703125,33.52000045776367,130.69000244140625,437.5,342.3999938964844,35.47999954223633,191.5800018310547,84.8499984741211,331.0199890136719,229.4900054931641,106.91000366210938,19.8700008392334,54.400001525878906,328.29998779296875,222.2100067138672,86.16999816894531,183.4600067138672,92.62000274658205,13.470000267028809,176.92999267578125,441.3599853515625,166.60000610351562,56.0,38.90999984741211,88.37999725341797,119.6999969482422,47.68999862670898,54.43999862670898,166.89999389648438,155.74000549316406,129.88999938964844,66.29000091552734
2026-01-20,246.6999969482422,214.0399932861328,121.13999938964844,272.7099914550781,290.3699951171875,295.6700134277344,255.1000061035156,193.5500030517578,318.2300109863281,231.9199981689453,331.0,231.0,127.5199966430664,565.52001953125,211.2899932861328,107.16999816894533,1326.0699462890625,112.44000244140624,332.6000061035156,620.52001953125,352.19000244140625,249.0,162.38999938964844,52.09999847412109,24.84000015258789,45.0,201.0800018310547,1110.050048828125,54.220001220703125,485.3900146484375,91.1999969482422,153.91000366210938,112.8000030517578,629.0,301.0599975585937,307.0,295.3999938964844,56.68999862670898,85.44000244140625,310.760009765625,28.15999984741211,279.9100036621094,227.72999572753903,95.5199966430664,964.260009765625,153.22000122070312,220.07000732421875,110.68250274658205,73.3499984741211,165.3000030517578,508.6799926757813,234.3300018310547,110.33999633789062,119.5500030517578,148.5800018310547,57.310001373291016,98.0199966430664,114.45999908447266,367.05999755859375,106.20999908447266,784.2000122070312,337.5899963378906,42.540000915527344,83.72000122070312,13.279999732971191,75.45999908447266,102.77999877929688,312.3399963378906,684.8599853515625,124.13999938964844,77.80999755859375,322.1600036621094,322.0,943.3699951171876,33.040000915527344,375.1099853515625,225.5584716796875,105.77999877929688,50.7599983215332,291.3500061035156,170.9499969482422,70.37000274658203,48.560001373291016,528.9500122070312,527.4400024414062,262.5799865722656,218.2100067138672,302.739990234375,23.76000022888184,148.6179962158203,71.75,66.95999908447266,17.59000015258789,433.1499938964844,356.8299865722656,1041.2900390625,576.0599975585938,268.3999938964844,222.41000366210935,531.739990234375,302.8399963378906,821.8400268554688,384.8200073242188,98.5999984741211,631.1699829101562,2034.8199462890625,75.56999969482422,604.1199951171875,156.1199951171875,126.88999938964844,61.150001525878906,109.4499969482422,79.80000305175781,182.1000061035156,454.5199890136719,160.22999572753906,365.0,83.51000213623047,87.26000213623047,63.630001068115234,125.4000015258789,178.07000732421875,60.68000030517578,179.9199981689453,184.05999755859372,147.66000366210938,25.520000457763672,147.0,203.9199981689453,130.80999755859375,168.52999877929688,167.17999267578125,55.08000183105469,154.07000732421875,64.87999725341797,196.3600006103516,226.9199981689453,93.66000366210938,28.700000762939453,72.55000305175781,346.9599914550781,31.40999984741211,206.2100067138672,510.9700012207031,88.81999969482422,25.489999771118164,23.71999931335449,491.0501403808594,677.5800170898438,359.6099853515625,23.450000762939453,76.05999755859375,109.33999633789062,156.0800018310547,619.010009765625,32.7599983215332,129.16000366210938,419.25,327.1600036621094,34.150001525878906,189.58999633789065,83.72000122070312,338.42999267578125,221.69000244140625,106.54000091552734,19.489999771118164,54.119998931884766,325.82000732421875,216.25999450683597,84.95999908447266,184.72999572753903,90.9000015258789,13.5,175.17999267578125,442.0799865722656,156.80999755859375,55.540000915527344,39.08000183105469,86.66000366210938,118.70999908447266,47.59999847412109,53.20000076293945,163.52999877929688,155.39999389648438,130.4600067138672,64.48999786376953
2026-01-21,247.6499938964844,216.1499938964844,120.7300033569336,280.7200012207031,294.2300109863281,304.9700012207031,256.989990234375,193.66000366210935,325.239990234375,249.8000030517578,343.6000061035156,231.30999755859372,127.29000091552734,532.5599975585938,217.80999755859372,113.91999816894533,1360.0899658203125,103.5,328.79998779296875,610.25,359.6099853515625,250.07000732421875,168.6699981689453,52.06999969482422,25.46999931335449,44.38999938964844,206.54440307617188,1127.8499755859375,54.5,483.8299865722656,91.70999908447266,155.97000122070312,113.86000061035156,645.3800048828125,299.9800109863281,313.8399963378906,294.3699951171875,56.43999862670898,84.7300033569336,309.760009765625,28.88999938964844,279.07000732421875,226.92999267578125,97.1500015258789,982.8599853515624,139.16000366210938,221.5800018310547,111.47000122070312,73.69000244140625,166.72999572753906,529.510009765625,242.0500030517578,113.19000244140624,119.37000274658205,146.80999755859375,58.2599983215332,99.02999877929688,117.87000274658205,369.8800048828125,108.0500030517578,795.47998046875,337.9599914550781,42.81999969482422,84.77999877929688,13.770000457763672,75.75,101.29000091552734,318.5,667.8900146484375,129.11000061035156,80.93000030517578,328.3800048828125,328.3800048828125,953.010009765625,33.150001525878906,384.6400146484375,229.85841369628903,105.91999816894533,51.11000061035156,297.5400085449219,171.89999389648438,71.37999725341797,54.25,524.9199829101562,523.6900024414062,267.7900085449219,218.00999450683597,302.0400085449219,22.399999618530277,152.0,72.01000213623047,70.08000183105469,17.3799991607666,439.3500061035156,362.4400024414063,1078.52001953125,586.22998046875,277.1099853515625,228.38999938964844,527.5700073242188,305.69000244140625,823.25,381.4400024414063,100.29000091552734,642.4500122070312,2057.77001953125,76.5999984741211,612.9600219726562,155.8800048828125,127.12999725341795,61.08000183105469,111.11000061035156,82.55000305175781,183.32000732421875,444.1099853515625,163.80999755859375,389.1099853515625,83.8499984741211,85.36000061035156,65.41000366210938,125.3000030517578,183.32000732421875,59.31999969482422,173.8800048828125,181.47000122070312,146.74000549316406,25.88999938964844,146.05999755859375,203.0,131.13999938964844,165.3300018310547,168.80999755859375,55.88999938964844,156.3699951171875,64.3499984741211,197.5,225.1000061035156,96.43000030517578,29.149999618530277,71.31999969482422,356.3099975585937,32.2400016784668,206.5,521.9500122070312,89.1500015258789,25.63999938964844,23.68000030517578,502.5165710449219,685.4000244140625,362.9400024414063,23.5,76.94000244140625,106.04000091552734,155.85000610351562,636.2999877929688,33.150001525878906,132.24000549316406,431.4400024414063,326.1199951171875,35.33000183105469,194.41000366210935,84.26000213623047,347.75,229.38999938964844,108.4800033569336,19.690000534057617,56.150001525878906,325.2799987792969,219.72999572753903,85.80999755859375,188.19000244140625,91.26000213623048,13.600000381469728,181.47000122070312,461.1400146484375,160.02000427246094,56.11000061035156,39.2400016784668,86.12000274658203,119.36000061035156,48.75,53.459999084472656,166.36000061035156,158.25999450683594,133.61000061035156,65.7300033569336
2026-01-22,248.3500061035156,218.1100006103516,108.61000061035156,285.0899963378906,299.7300109863281,308.5199890136719,259.8599853515625,195.27999877929688,318.7900085449219,253.72999572753903,347.07000732421875,234.33999633789065,138.41000366210938,521.9400024414062,222.47999572753903,119.1999969482422,1395.0,116.37000274658205,325.489990234375,607.2899780273438,368.0199890136719,251.41000366210935,177.17999267578125,52.45000076293945,25.770000457763672,46.790000915527344,206.03599548339844,1139.719970703125,54.93999862670898,484.489990234375,91.29000091552734,154.91000366210938,115.66000366210938,648.4099731445312,300.9200134277344,317.0899963378906,287.3500061035156,55.2400016784668,85.80999755859375,290.92999267578125,29.229999542236328,281.3900146484375,223.13999938964844,96.87999725341795,976.1699829101562,135.10000610351562,228.08999633789065,113.44249725341795,74.33000183105469,166.66000366210938,522.3800048828125,240.0800018310547,113.20999908447266,117.70999908447266,153.6999969482422,58.70000076293945,99.41999816894533,119.48999786376952,372.239990234375,106.31999969482422,792.760009765625,334.0400085449219,43.09999847412109,84.86000061035156,13.710000038146973,77.62000274658203,105.16999816894533,295.0,661.6699829101562,131.13999938964844,81.13999938964844,330.8399963378906,330.5400085449219,954.6500244140624,37.400001525878906,381.0299987792969,233.39276123046875,106.25,50.66999816894531,294.6700134277344,174.35000610351562,71.95999908447266,54.31999969482422,547.6900024414062,525.8099975585938,269.7900085449219,218.4900054931641,303.6300048828125,22.71999931335449,150.0,71.87000274658203,69.93000030517578,17.75,445.6400146484375,354.489990234375,1087.3800048828125,593.9099731445312,274.95001220703125,220.6999969482422,532.8599853515625,306.0299987792969,817.0499877929688,404.6400146484375,101.33999633789062,642.6099853515625,2153.75,76.91999816894531,647.6300048828125,160.6300048828125,127.68000030517578,61.02999877929688,109.18000030517578,83.0999984741211,183.0500030517578,451.1400146484375,160.97999572753906,397.5799865722656,85.06999969482422,83.54000091552734,65.45999908447266,128.55999755859375,184.83999633789065,62.22999954223633,178.17999267578125,182.2700042724609,144.39999389648438,26.100000381469727,149.92999267578125,206.9199981689453,126.66999816894533,165.89999389648438,170.0500030517578,57.150001525878906,157.8000030517578,65.0999984741211,196.33999633789065,226.3500061035156,95.83000183105467,29.170000076293945,70.55000305175781,350.6300048828125,32.45000076293945,211.1300048828125,509.4700012207031,87.51000213623047,26.09000015258789,22.959999084472656,510.6906433105469,688.97998046875,358.6700134277344,23.57999992370605,76.30999755859375,106.5,153.4199981689453,639.4500122070312,34.209999084472656,129.52000427246094,449.3599853515625,327.3699951171875,36.81999969482422,194.9900054931641,82.55999755859375,354.4700012207031,231.3699951171875,109.3000030517578,21.1299991607666,56.560001373291016,326.3599853515625,225.27999877929688,86.31999969482422,186.88999938964844,90.36000061035156,13.9399995803833,181.1199951171875,467.3500061035156,160.36000061035156,56.54999923706055,39.47999954223633,88.04000091552734,117.83000183105467,48.90999984741211,53.810001373291016,165.5,158.2899932861328,133.63999938964844,67.4000015258789
2026-01-23,248.0399932861328,219.25999450683597,107.41999816894533,281.07000732421875,301.07000732421875,305.6000061035156,257.8699951171875,193.6499938964844,322.3800048828125,259.67999267578125,344.75,239.16000366210935,136.33999633789062,524.4099731445312,219.42999267578125,116.06999969482422,1389.0400390625,113.56999969482422,320.04998779296875,613.1400146484375,361.6900024414063,252.1499938964844,173.22999572753906,51.720001220703125,25.309999465942383,48.45000076293945,203.94000244140625,1129.9100341796875,54.650001525878906,478.9700012207031,92.51000213623048,150.47999572753906,113.58999633789062,626.6199951171875,300.9100036621094,318.32000732421875,289.0599975585937,55.93999862670898,86.66000366210938,303.0899963378906,29.299999237060547,282.739990234375,216.9499969482422,98.3499984741211,983.25,133.16000366210938,228.0500030517578,113.12249755859376,74.58999633789062,166.72000122070312,514.4299926757812,235.00999450683597,110.9800033569336,117.43000030517578,155.97500610351562,59.06999969482422,99.97000122070312,117.69000244140624,371.05999755859375,108.33000183105467,791.27001953125,331.2200012207031,43.47999954223633,84.55999755859375,13.5600004196167,81.63999938964844,107.0199966430664,293.8699951171875,657.780029296875,135.92999267578125,79.68000030517578,328.42999267578125,327.92999267578125,918.8800048828124,36.380001068115234,383.7699890136719,232.26010131835935,106.98999786376952,50.70000076293945,292.44000244140625,172.92999267578125,72.4000015258789,45.06999969482422,563.969970703125,523.989990234375,264.8099975585937,220.13999938964844,297.7200012207031,23.200000762939453,151.2779998779297,72.87999725341797,67.61000061035156,17.799999237060547,451.5700073242188,339.19000244140625,1064.2900390625,590.8200073242188,276.7300109863281,217.94000244140625,524.739990234375,309.25,820.22998046875,398.6900024414063,100.87999725341795,636.1500244140625,2137.2900390625,75.80999755859375,658.760009765625,162.67999267578125,129.32000732421875,61.90999984741211,108.18000030517578,80.2300033569336,179.0,465.9500122070313,163.11000061035156,399.6499938964844,84.80999755859375,86.12000274658203,65.04000091552734,133.11000061035156,187.6699981689453,62.2599983215332,177.16000366210938,180.17999267578125,144.5800018310547,25.649999618530277,150.14999389648438,206.02999877929688,127.1500015258789,169.60000610351562,173.02000427246094,56.619998931884766,155.82000732421875,65.66999816894531,195.92999267578125,231.07000732421875,97.62000274658205,29.13999938964844,71.44000244140625,348.5199890136719,31.700000762939453,209.69000244140625,501.3900146484375,87.54000091552734,25.850000381469727,23.09000015258789,504.8344421386719,689.22998046875,355.0400085449219,23.59000015258789,76.72000122070312,108.0999984741211,153.24000549316406,625.97998046875,33.79999923706055,130.0399932861328,449.05999755859375,334.8699951171875,36.54999923706055,193.30999755859372,82.30999755859375,356.260009765625,229.6499938964844,107.9800033569336,22.11000061035156,57.0,326.17999267578125,222.0,86.93000030517578,187.08999633789065,90.54000091552734,14.170000076293944,182.4900054931641,468.4100036621094,160.1199951171875,56.77000045776367,39.52000045776367,86.95999908447266,117.7300033569336,49.18999862670898,53.06999969482422,164.22000122070312,157.47999572753906,134.97000122070312,67.55999755859375
2026-01-26,255.41000366210935,220.7700042724609,108.7699966430664,280.7099914550781,304.7200012207031,304.010009765625,258.1700134277344,196.0200042724609,319.4599914550781,251.30999755859372,349.69000244140625,238.4199981689453,143.72000122070312,535.4400024414062,218.8600006103516,114.7300033569336,1413.3499755859375,104.77999877929688,324.8500061035156,605.0700073242188,363.25,248.42999267578125,171.3699951171875,52.02000045776367,25.549999237060547,49.34999847412109,204.29119873046875,1121.5400390625,54.59999847412109,483.4700012207031,93.5500030517578,150.07000732421875,114.81999969482422,635.9199829101562,303.489990234375,322.0199890136719,285.2699890136719,54.540000915527344,85.19999694824219,308.25,29.43000030517578,284.04998779296875,213.47999572753903,98.4499969482422,977.6699829101562,128.02000427246094,229.3999938964844,117.0824966430664,77.01000213623047,167.5,516.5399780273438,236.7100067138672,111.30999755859376,118.77999877929688,151.55999755859375,59.16999816894531,100.47000122070312,116.38999938964844,376.9299926757813,107.5999984741211,806.3499755859375,332.2799987792969,43.84000015258789,84.62999725341797,13.4399995803833,83.06999969482422,107.4800033569336,295.0599975585937,665.989990234375,137.77999877929688,79.43000030517578,333.5899963378906,333.260009765625,931.8599853515624,38.16999816894531,386.5299987792969,231.94546508789065,107.0,49.650001525878906,296.3299865722656,175.10000610351562,72.5999984741211,42.4900016784668,561.77001953125,528.8099975585938,263.9800109863281,221.4900054931641,301.0400085449219,23.57999992370605,154.30299377441406,72.55999755859375,67.93000030517578,17.639999389648438,455.0299987792969,332.45001220703125,1062.75,581.6599731445312,277.9100036621094,222.8699951171875,527.3599853515625,312.95001220703125,826.6199951171875,411.25,100.66999816894533,635.8300170898438,2212.6201171875,77.16999816894531,672.3599853515625,159.52000427246094,130.05999755859375,62.97999954223633,107.4000015258789,81.7699966430664,181.8800048828125,470.2799987792969,160.5800018310547,389.0899963378906,85.47000122070312,85.69999694824219,64.98999786376953,136.33999633789062,186.47000122070312,63.97999954223633,182.44000244140625,184.22000122070312,145.8699951171875,25.8799991607666,149.49000549316406,208.0,126.43000030517578,167.47000122070312,175.75999450683594,56.59999847412109,154.52000427246094,68.31999969482422,194.1300048828125,239.9199981689453,96.33000183105467,29.18000030517578,72.45999908447266,348.3299865722656,30.799999237060547,211.2700042724609,503.010009765625,88.16000366210938,25.799999237060547,22.959999084472656,506.3670654296875,692.72998046875,356.9800109863281,23.450000762939453,77.04000091552734,103.95999908447266,150.0800018310547,626.6199951171875,33.5,126.18000030517578,435.2000122070313,332.7099914550781,33.810001373291016,196.58999633789065,81.9800033569336,351.6400146484375,230.88999938964844,106.97000122070312,21.8700008392334,54.93000030517578,328.489990234375,224.17999267578125,87.51000213623047,183.27999877929688,90.41999816894533,14.229999542236328,181.22999572753903,476.8399963378906,158.80999755859375,56.93000030517578,39.619998931884766,88.05000305175781,117.63999938964844,49.220001220703125,53.40999984741211,164.3800048828125,158.10000610351562,134.83999633789062,67.1500015258789
2026-01-27,258.2699890136719,223.92999267578125,108.2699966430664,275.79998779296875,297.4200134277344,303.8299865722656,254.50999450683597,194.7700042724609,332.7099914550781,252.02999877929688,351.32000732421875,244.67999267578125,146.69000244140625,543.5599975585938,216.05999755859372,114.87999725341795,1454.5899658203125,111.33999633789062,332.7900085449219,610.219970703125,359.45001220703125,244.55999755859372,172.72000122070312,52.16999816894531,25.5,47.060001373291016,206.1363983154297,1106.68994140625,55.560001373291016,474.6700134277344,93.61000061035156,148.41000366210938,114.79000091552734,638.9099731445312,301.4700012207031,318.3699951171875,288.760009765625,55.5099983215332,85.76000213623047,333.1700134277344,28.700000762939453,284.4800109863281,210.8300018310547,99.87000274658205,970.280029296875,129.57000732421875,228.52999877929688,119.16500091552734,78.68000030517578,169.0500030517578,519.1900024414062,235.75,110.61000061035156,120.29000091552734,146.0800018310547,60.34000015258789,102.08999633789062,116.44000244140624,322.9200134277344,108.58999633789062,809.5499877929688,341.19000244140625,44.29999923706055,85.83999633789062,13.93000030517578,81.70999908447266,109.29000091552734,297.4700012207031,692.7000122070312,140.97000122070312,86.37999725341797,335.0,334.54998779296875,929.719970703125,37.31999969482422,380.3599853515625,231.6832733154297,105.23999786376952,50.630001068115234,293.8599853515625,173.27999877929688,73.94999694824219,43.93000030517578,545.4000244140625,525.0399780273438,264.7300109863281,224.44000244140625,300.3099975585937,23.700000762939453,161.63299560546875,73.55000305175781,68.26000213623047,17.5,453.0299987792969,370.6600036621094,1039.510009765625,594.9500122070312,273.94000244140625,238.4600067138672,520.4099731445312,314.1300048828125,834.1799926757812,411.8900146484375,100.69000244140624,635.77001953125,2295.0,76.69000244140625,672.969970703125,158.0500030517578,125.27999877929688,63.619998931884766,107.91999816894533,82.93000030517578,182.66000366210935,480.5799865722656,161.5800018310547,410.239990234375,87.1500015258789,85.58000183105469,63.09000015258789,131.8000030517578,188.5200042724609,62.88999938964844,174.89999389648438,183.5,148.77999877929688,26.5,148.33999633789062,208.0800018310547,128.6999969482422,165.6999969482422,178.8800048828125,55.5099983215332,153.0399932861328,62.2599983215332,201.27999877929688,233.94000244140625,95.72000122070312,29.3700008392334,70.88999938964844,346.0799865722656,31.200000762939453,212.75,502.7000122070313,88.83999633789062,25.459999084472656,22.600000381469727,498.2686767578125,695.489990234375,354.57000732421875,23.0,78.08000183105469,104.0999984741211,148.00999450683594,623.9099731445312,32.47999954223633,127.54000091552734,430.8999938964844,338.3399963378906,32.189998626708984,196.6300048828125,81.23999786376953,282.70001220703125,232.5500030517578,107.1999969482422,21.299999237060547,57.84999847412109,325.260009765625,217.8699951171875,88.91000366210938,182.91000366210935,90.38999938964844,14.5,189.2100067138672,474.1700134277344,164.25999450683594,57.63999938964844,39.31999969482422,88.70999908447266,116.94000244140624,49.66999816894531,53.0,165.05999755859375,155.4499969482422,136.8300018310547,66.29000091552734
2026-01-28,256.44000244140625,218.6699981689453,106.0500030517578,270.42999267578125,299.5799865722656,317.6300048828125,250.69000244140625,197.3300018310547,336.75,252.7400054931641,342.2200012207031,243.00999450683597,150.14999389648438,542.3599853515625,218.0,109.95999908447266,1422.9200439453125,121.2300033569336,333.239990234375,549.8599853515625,356.989990234375,241.58999633789065,175.66000366210938,51.810001373291016,25.65999984741211,46.54999923706055,203.40879821777344,1121.6700439453125,54.619998931884766,473.489990234375,93.79000091552734,146.7899932861328,114.1999969482422,643.280029296875,303.6499938964844,320.489990234375,287.95001220703125,53.90999984741211,85.0,345.2300109863281,28.40999984741211,286.04998779296875,209.42999267578125,101.38999938964844,960.780029296875,129.66000366210938,227.9600067138672,117.29750061035156,78.95999908447266,169.92999267578125,525.010009765625,224.5399932861328,109.55999755859376,120.23999786376952,142.8000030517578,60.75,101.01000213623048,114.62000274658205,341.8500061035156,111.0199966430664,816.1500244140625,347.32000732421875,44.0099983215332,85.20999908447266,13.81999969482422,82.08000183105469,112.16000366210938,292.4800109863281,711.5900268554688,139.72000122070312,84.9000015258789,336.2799987792969,336.010009765625,936.8099975585938,37.22499847412109,375.2999877929688,227.2050323486328,103.4000015258789,50.5099983215332,294.1600036621094,172.44000244140625,74.44999694824219,48.77999877929688,538.7000122070312,522.0399780273438,263.29998779296875,227.72000122070312,300.7699890136719,23.190000534057617,162.72000122070312,73.05999755859375,67.77999877929688,17.34000015258789,451.5,385.0,1023.7999877929688,597.27001953125,269.4200134277344,239.5800018310547,521.3699951171875,312.79998779296875,826.6199951171875,411.0400085449219,100.79000091552734,634.3200073242188,2268.60009765625,76.26000213623047,668.72998046875,155.94000244140625,126.1500015258789,63.130001068115234,106.9000015258789,83.62000274658203,182.33999633789065,481.6300048828125,158.4499969482422,435.2799987792969,87.56999969482422,84.63999938964844,62.2400016784668,129.6199951171875,191.5200042724609,60.33000183105469,172.8000030517578,183.7400054931641,148.5,25.86000061035156,147.33999633789062,212.7400054931641,127.12999725341795,157.35000610351562,178.58999633789062,54.08000183105469,152.6999969482422,63.18999862670898,199.4600067138672,236.1100006103516,95.16000366210938,29.299999237060547,70.16000366210938,349.6000061035156,31.209999084472656,216.0,511.3500061035156,88.33000183105469,24.600000381469727,22.280000686645508,499.6405029296875,695.4199829101562,357.8299865722656,24.06999969482422,78.63999938964844,101.73999786376952,147.7899932861328,608.02001953125,31.86000061035156,126.0,431.4599914550781,342.29998779296875,31.8700008392334,216.1699981689453,79.77999877929688,294.0199890136719,227.7100067138672,103.6999969482422,20.51000022888184,61.810001373291016,326.9800109863281,217.9900054931641,87.8499984741211,184.0200042724609,89.45999908447266,14.56999969482422,193.75999450683597,477.9100036621094,165.63999938964844,57.86000061035156,39.40999984741211,88.02999877929688,116.56999969482422,50.04999923706055,52.9900016784668,164.13999938964844,154.30999755859375,137.5800018310547,64.94999694824219
2026-01-29,258.2799987792969,220.42999267578125,106.08999633789062,261.2200012207031,291.6499938964844,318.70001220703125,245.97000122070312,198.38999938964844,341.3399963378906,252.17999267578125,342.94000244140625,241.72999572753903,148.14999389648438,569.239990234375,207.1000061035156,108.43000030517578,1455.1600341796875,122.08999633789062,330.7300109863281,509.5799865722656,358.5,234.0399932861328,174.25,53.08000183105469,25.8799991607666,43.38999938964844,204.5328063964844,1127.780029296875,54.27999877929688,476.7900085449219,92.33000183105467,142.94000244140625,115.1999969482422,665.239990234375,306.1700134277344,302.6700134277344,287.45001220703125,53.369998931884766,85.23999786376953,300.0,29.239999771118164,289.8299865722656,199.17999267578125,102.8000030517578,952.8900146484376,129.47000122070312,214.0800018310547,111.15499877929688,78.43000030517578,171.19000244140625,530.0700073242188,219.6199951171875,111.58000183105467,120.88999938964844,139.47000122070312,60.43999862670898,101.69000244140624,115.20999908447266,346.9800109863281,112.08000183105467,826.0499877929688,354.3699951171875,43.43999862670898,86.08999633789062,14.0,81.51000213623047,107.9800033569336,298.8599853515625,717.3900146484375,139.5500030517578,86.26000213623047,338.6600036621094,338.25,940.1199951171876,35.5,371.80999755859375,238.3219757080078,101.23999786376952,47.59999847412109,309.239990234375,175.10000610351562,74.08999633789062,48.65999984741211,502.9800109863281,507.5499877929688,263.3699951171875,227.2899932861328,306.4200134277344,23.13999938964844,168.4709930419922,73.43000030517578,69.02999877929688,17.200000762939453,455.0,381.4400024414063,1024.1400146484375,622.510009765625,266.6400146484375,248.1699981689453,543.72998046875,315.510009765625,822.2999877929688,374.0199890136719,101.0,633.1500244140625,2218.139892578125,78.2300033569336,738.3099975585938,156.3800048828125,115.56999969482422,59.7599983215332,108.33999633789062,81.33999633789062,182.3999938964844,433.5,143.19000244140625,435.7900085449219,88.18000030517578,83.16000366210938,62.59999847412109,116.7300033569336,192.50999450683597,59.33000183105469,169.00999450683594,176.1999969482422,148.69000244140625,26.100000381469727,149.89999389648438,208.25999450683597,130.41000366210938,151.86000061035156,177.88999938964844,53.11000061035156,152.22000122070312,57.970001220703125,199.8800048828125,200.2100067138672,93.87999725341795,29.3700008392334,70.66000366210938,354.5799865722656,30.1200008392334,199.3699951171875,480.0,89.13999938964844,24.36000061035156,22.290000915527344,500.12298583984375,694.0399780273438,354.29998779296875,25.1299991607666,79.33999633789062,102.83999633789062,147.47000122070312,592.1599731445312,31.09000015258789,127.33000183105467,416.55999755859375,339.54998779296875,31.25,218.97000122070312,81.69999694824219,292.2900085449219,233.5800018310547,105.98999786376952,21.020000457763672,59.33000183105469,331.79998779296875,209.97999572753903,88.31999969482422,182.4900054931641,90.70999908447266,14.710000038146973,195.1000061035156,475.6799926757813,162.5800018310547,57.63999938964844,39.810001373291016,90.63999938964844,117.41000366210938,50.5099983215332,53.54999923706055,165.86000061035156,153.82000732421875,140.50999450683594,63.43000030517578
2026-01-30,259.4800109863281,223.00999450683597,109.3000030517578,263.6400146484375,293.25,310.8800048828125,246.82000732421875,198.9900054931641,322.32000732421875,236.72999572753903,341.8800048828125,239.3000030517578,141.74000549316406,473.1099853515625,189.8800048828125,105.36000061035156,1423.0,111.20999908447266,331.29998779296875,483.5799865722656,352.1700134277344,233.72000122070312,169.55999755859375,53.20000076293945,26.6200008392334,43.16999816894531,200.07359313964844,1118.93994140625,55.04999923706055,480.5299987792969,93.52999877929688,142.4199981689453,115.70999908447266,657.3599853515625,309.5599975585937,296.3599853515625,280.67999267578125,52.47999954223633,90.29000091552734,280.989990234375,29.75,289.0599975585937,194.7400054931641,104.2300033569336,940.25,125.27999877929688,212.2899932861328,110.35124969482422,78.31999969482422,176.89999389648438,528.0,218.88999938964844,112.8000030517578,121.3499984741211,134.05999755859375,59.09999847412109,100.73999786376952,115.27999877929688,345.739990234375,112.12999725341795,820.9299926757812,351.4200134277344,43.11000061035156,85.72000122070312,13.880000114440918,81.26000213623047,94.1999969482422,306.7900085449219,726.3699951171875,141.9499969482422,84.0,338.5299987792969,338.0,935.4099731445312,34.97999954223633,374.5899963378906,238.6156311035156,99.4800033569336,47.4900016784668,306.70001220703125,173.77999877929688,72.55999755859375,46.470001220703125,498.9200134277344,504.2200012207031,259.6499938964844,227.25,305.8900146484375,23.739999771118164,142.79400634765625,74.80999755859375,68.80999755859375,17.399999618530273,456.9700012207031,391.8399963378906,1037.1500244140625,634.219970703125,267.0599975585937,233.4600067138672,538.7899780273438,315.0,831.2100219726562,371.3299865722656,102.95999908447266,627.5700073242188,2147.7900390625,78.87999725341797,716.5,153.16000366210938,114.75,61.9900016784668,110.2699966430664,78.91999816894531,182.8000030517578,430.2900085449219,149.7100067138672,414.8800048828125,87.9000015258789,83.48999786376953,61.810001373291016,117.01000213623048,191.1300048828125,59.43000030517578,164.5800018310547,176.97000122070312,153.6300048828125,26.440000534057617,151.77000427246094,208.0,130.55999755859375,146.58999633789062,179.44000244140625,52.68999862670898,151.58999633789062,55.95000076293945,200.92999267578125,201.0399932861328,91.9499969482422,29.81999969482422,70.91000366210938,354.6400146484375,29.11000061035156,192.6999969482422,465.1199951171875,89.30999755859375,22.809999465942383,22.100000381469727,499.3282775878906,691.969970703125,369.55999755859375,26.209999084472656,76.38999938964844,105.47000122070312,149.80999755859375,578.6099853515625,31.11000061035156,126.91000366210938,430.4100036621094,330.5599975585937,30.32999992370605,215.5500030517578,80.05000305175781,286.92999267578125,235.1000061035156,106.22000122070312,20.030000686645508,54.9900016784668,321.8299865722656,203.9199981689453,87.5,181.42999267578125,90.8000030517578,14.649999618530272,186.17999267578125,469.8999938964844,158.35000610351562,56.470001220703125,44.52000045776367,90.48999786376952,119.13999938964844,51.04999923706055,53.43999862670898,165.44000244140625,154.74000549316406,141.39999389648438,63.72999954223633
2026-02-02,270.010009765625,225.63999938964844,109.41000366210938,266.7900085449219,293.3800048828125,316.8599853515625,247.55999755859372,200.75999450683597,328.3999938964844,246.2700042724609,344.67999267578125,242.9600067138672,138.3699951171875,483.0,195.05999755859372,106.93000030517578,1441.3900146484375,104.5500030517578,331.1099853515625,459.989990234375,352.8299865722656,233.0200042724609,168.38999938964844,54.02999877929688,27.06999969482422,41.630001068115234,204.88999938964844,1119.6600341796875,55.88999938964844,487.2900085449219,91.87000274658205,141.27999877929688,116.2300033569336,690.9099731445312,311.25,289.19000244140625,270.8800048828125,51.31999969482422,91.88999938964844,285.1099853515625,29.59000015258789,290.7699890136719,187.8600006103516,101.79000091552734,968.3599853515624,119.95999908447266,210.80999755859372,109.7125015258789,80.63999938964844,174.02999877929688,532.25,223.4199981689453,104.4499969482422,119.48999786376952,131.92999267578125,59.27999877929688,101.4000015258789,118.76000213623048,341.8299865722656,108.41000366210938,810.3800048828125,359.44000244140625,43.47999954223633,85.88999938964844,13.8100004196167,81.29000091552734,94.19000244140624,308.7099914550781,754.969970703125,142.88999938964844,84.2699966430664,344.8999938964844,343.69000244140625,946.3300170898438,35.349998474121094,378.1199951171875,238.65757751464844,89.91000366210938,44.220001220703125,314.7300109863281,173.17999267578125,72.83000183105469,48.810001373291016,487.1199951171875,496.7300109863281,262.17999267578125,230.75,308.1400146484375,23.5,141.0449981689453,75.33000183105469,70.04000091552734,17.3799991607666,460.1600036621094,423.4200134277344,1044.1300048828125,636.0,269.0599975585937,237.5,555.3699951171875,318.5299987792969,846.510009765625,372.6799926757813,102.70999908447266,632.6900024414062,2147.219970703125,79.83000183105469,706.4099731445312,153.42999267578125,112.81999969482422,62.22999954223633,113.37000274658205,78.66000366210938,185.1000061035156,423.3699951171875,139.6300048828125,437.7999877929688,86.33000183105469,82.76000213623047,62.18000030517578,118.0,185.6100006103516,58.93000030517578,160.05999755859375,175.4199981689453,155.1999969482422,26.65999984741211,153.19000244140625,203.0399932861328,129.67999267578125,147.75999450683594,179.94000244140625,52.33000183105469,152.6199951171875,54.45000076293945,201.08999633789065,207.22999572753903,91.69000244140624,30.0,69.58999633789062,356.3599853515625,29.709999084472656,190.67999267578125,457.8900146484375,88.19000244140625,22.07999992370605,22.1200008392334,499.2052917480469,695.4099731445312,368.1400146484375,26.299999237060547,76.2699966430664,109.52999877929688,150.1699981689453,581.77001953125,31.520000457763672,129.6699981689453,421.80999755859375,341.3599853515625,29.75,225.00999450683597,80.83999633789062,285.5899963378906,235.22999572753903,110.2699966430664,19.950000762939453,53.27000045776367,333.8399963378906,203.3500061035156,88.19999694824219,180.22000122070312,89.86000061035156,14.90999984741211,190.00999450683597,472.010009765625,154.25999450683594,56.77999877929688,44.61000061035156,92.2699966430664,124.05999755859376,50.04999923706055,54.02999877929688,167.52999877929688,155.69000244140625,138.39999389648438,62.939998626708984
2026-02-03,269.4800109863281,225.66000366210935,109.0199966430664,241.2100067138672,271.92999267578125,311.2900085449219,235.0800018310547,201.7700042724609,318.6700134277344,242.1100006103516,338.5899963378906,238.6199951171875,139.38999938964844,461.7900085449219,184.00999450683597,104.5500030517578,1395.8800048828125,115.76000213623048,320.3299865722656,451.2900085449219,349.6300048828125,233.1499938964844,163.64999389648438,54.45000076293945,27.0,37.060001373291016,185.7855987548828,1070.0799560546875,55.9900016784668,493.739990234375,91.62000274658205,133.8800048828125,117.70999908447266,702.8900146484375,313.3800048828125,268.5,268.45001220703125,50.36000061035156,93.1500015258789,297.45001220703125,29.76000022888184,293.07000732421875,179.66000366210938,104.91000366210938,977.9199829101562,111.30999755859376,196.3800048828125,105.43250274658205,83.11000061035156,178.0399932861328,545.0,216.6000061035156,104.22000122070312,121.66999816894533,120.27999877929688,59.59999847412109,101.4499969482422,116.2699966430664,338.6499938964844,110.43000030517578,801.8300170898438,362.5299987792969,43.5099983215332,86.68000030517578,13.729999542236328,79.30000305175781,98.22000122070312,309.92999267578125,780.25,143.27999877929688,85.70999908447266,340.70001220703125,339.7099914550781,938.989990234375,32.84000015258789,381.1000061035156,242.1709442138672,87.06999969482422,43.29999923706055,294.3099975585937,163.07000732421875,73.1500015258789,49.25,434.0899963378906,478.8800048828125,262.7799987792969,233.1000061035156,314.8500061035156,23.8700008392334,135.5540008544922,76.88999938964844,71.23999786376953,17.59000015258789,463.5700073242188,435.1000061035156,1003.4600219726562,628.260009765625,274.8500061035156,230.1000061035156,550.719970703125,319.4800109863281,851.1199951171875,346.0599975585937,103.18000030517578,633.8800048828125,2099.89990234375,76.9000015258789,691.7000122070312,155.67999267578125,101.70999908447266,64.16000366210938,115.83999633789062,75.54000091552734,182.91000366210935,411.2099914550781,133.25999450683594,419.4400024414063,88.81999969482422,79.94000244140625,60.93000030517578,109.7699966430664,180.33999633789065,50.29999923706055,154.6699981689453,166.24000549316406,162.85000610351562,25.770000457763672,155.32000732421875,201.02999877929688,131.8800048828125,157.8800048828125,177.0,41.70000076293945,147.17999267578125,52.150001525878906,203.5,197.2899932861328,93.04000091552734,30.5,68.11000061035156,359.6400146484375,29.670000076293945,173.24000549316406,419.1400146484375,90.12999725341795,21.76000022888184,21.93000030517578,442.9612121582031,689.530029296875,360.8200073242188,26.82999992370605,73.7300033569336,111.3000030517578,152.07000732421875,570.0900268554688,28.25,127.02999877929688,421.9599914550781,335.75,27.18000030517578,225.2100067138672,77.93000030517578,284.17999267578125,241.4900054931641,111.8499984741211,18.25,56.27999877929688,328.92999267578125,190.8000030517578,87.87000274658203,192.2700042724609,89.66000366210938,15.25,190.1499938964844,465.6099853515625,153.0,56.75,46.25,92.30999755859376,127.70999908447266,51.66999816894531,53.52999877929688,168.94000244140625,154.10000610351562,143.72999572753906,58.119998931884766
2026-02-04,276.489990234375,217.1100006103516,108.1999969482422,241.6499938964844,279.7099914550781,320.44000244140625,234.6699981689453,207.1199951171875,297.6000061035156,200.19000244140625,366.2000122070313,232.9900054931641,130.27999877929688,387.3399963378906,184.1499938964844,104.9000015258789,1339.1300048828125,103.5,308.04998779296875,430.6499938964844,353.6700134277344,235.9499969482422,159.13999938964844,55.380001068115234,27.82999992370605,37.22999954223633,184.2852020263672,1076.1600341796875,57.619998931884766,503.8299865722656,75.5,134.5399932861328,117.43000030517578,691.8200073242188,329.45001220703125,271.4200134277344,250.4600067138672,49.29999923706055,94.37000274658205,275.8599853515625,30.5,294.6199951171875,168.6199951171875,107.58999633789062,978.3499755859376,96.9499969482422,199.44000244140625,103.83999633789062,81.16000366210938,181.22999572753903,567.260009765625,219.52999877929688,107.0500030517578,122.20999908447266,116.9000015258789,58.79999923706055,101.77999877929688,119.61000061035156,340.6000061035156,114.66999816894533,802.1300048828125,365.0,43.25,87.48999786376953,13.81999969482422,81.12000274658203,98.6999969482422,308.3399963378906,746.219970703125,146.22999572753906,86.29000091552734,333.3399963378906,333.0400085449219,913.2999877929688,32.540000915527344,387.2000122070313,246.82748413085935,80.62000274658203,41.56999969482422,289.04998779296875,164.85000610351562,72.29000091552734,48.59999847412109,445.6400146484375,478.489990234375,260.5199890136719,234.47000122070312,317.2699890136719,24.479999542236328,130.7220001220703,77.3499984741211,72.3499984741211,18.010000228881836,473.3299865722656,465.5400085449219,1107.1199951171875,602.760009765625,275.8500061035156,209.77999877929688,553.52001953125,323.69000244140625,822.0,337.6000061035156,101.83999633789062,638.3200073242188,2052.780029296875,78.01000213623047,668.989990234375,163.7899932861328,104.8000030517578,65.16000366210938,118.33000183105467,73.7300033569336,180.0800018310547,414.1900024414063,129.08999633789062,379.3999938964844,89.97000122070312,80.16000366210938,64.22000122070312,111.06999969482422,174.19000244140625,47.18999862670898,146.6699981689453,166.72000122070312,166.17999267578125,26.780000686645508,156.8699951171875,205.5399932861328,134.83999633789062,139.5399932861328,180.38999938964844,41.02999877929688,148.88999938964844,51.869998931884766,196.7400054931641,199.67999267578125,96.97000122070312,31.01000022888184,69.4800033569336,368.9100036621094,33.7599983215332,165.2899932861328,418.9800109863281,90.29000091552734,20.75,21.90999984741211,440.4067993164063,686.1900024414062,360.6600036621094,27.21999931335449,70.68000030517578,114.12999725341795,153.94000244140625,565.219970703125,28.31999969482422,129.9199981689453,406.010009765625,325.739990234375,27.270000457763672,222.9199981689453,73.91999816894531,275.9200134277344,249.75999450683597,116.73999786376952,17.049999237060547,52.38999938964844,329.95001220703125,190.69000244140625,87.98999786376953,197.41000366210935,90.9499969482422,15.710000038146973,182.55999755859372,470.5199890136719,142.52000427246094,56.40999984741211,47.0099983215332,93.13999938964844,128.0,52.83000183105469,53.959999084472656,169.38999938964844,156.02999877929688,147.58999633789062,59.720001220703125
2026-02-05,275.9100036621094,219.0200042724609,109.08000183105467,233.5800018310547,269.3900146484375,322.1199951171875,233.9900054931641,215.19000244140625,303.989990234375,192.5,367.7999877929688,222.69000244140625,128.6699981689453,375.2300109863281,177.36000061035156,110.87999725341795,1350.1600341796875,93.2699966430664,310.510009765625,399.6499938964844,354.6199951171875,236.9499969482422,157.75999450683594,54.93999862670898,26.90999984741211,35.68000030517578,177.73680114746094,1054.800048828125,59.52000045776367,503.8900146484375,77.63999938964844,126.83000183105467,115.73999786376952,678.3099975585938,331.2799987792969,270.1400146484375,247.05999755859372,47.970001220703125,94.87999725341795,294.8900146484375,30.850000381469727,297.3800048828125,146.1199951171875,104.9800033569336,989.2899780273438,98.05999755859376,189.97000122070312,94.29000091552734,82.36000061035156,179.22999572753906,565.72998046875,215.75,104.97000122070312,123.41000366210938,114.33999633789062,58.52999877929688,100.33000183105467,96.66000366210938,332.25,112.48999786376952,807.5599975585938,354.6700134277344,42.84000015258789,86.0999984741211,13.720000267028809,78.93000030517578,92.44000244140624,306.3699951171875,737.530029296875,149.3699951171875,83.30000305175781,331.3299865722656,331.25,890.4099731445312,30.61000061035156,382.3699951171875,245.25433349609372,72.68000030517578,36.09999847412109,289.8900146484375,168.2899932861328,71.87000274658203,48.2400016784668,434.9100036621094,476.3200073242188,255.8300018310547,237.7899932861328,310.1600036621094,24.44499969482422,133.10299682617188,78.51000213623047,72.30000305175781,18.06999969482422,459.6900024414063,504.4200134277344,1020.8400268554688,609.1799926757812,274.8900146484375,213.30999755859372,551.8900146484375,323.4800109863281,957.7999877929688,326.5,102.9499969482422,634.9400024414062,2034.760009765625,75.31999969482422,670.2100219726562,165.0800018310547,94.58999633789062,65.38999938964844,119.75,74.20999908447266,175.83999633789062,393.6700134277344,106.98999786376952,382.8900146484375,89.20999908447266,80.87000274658203,62.70000076293945,102.62999725341795,171.8800048828125,43.34000015258789,136.47999572753906,154.77000427246094,167.52999877929688,26.489999771118164,158.61000061035156,207.55999755859372,136.13999938964844,130.00999450683594,182.0,39.900001525878906,136.3000030517578,48.34000015258789,195.97000122070312,197.41000366210935,96.06999969482422,30.96999931335449,66.33999633789062,361.0400085449219,30.850000381469727,156.7100067138672,410.4400024414063,91.08000183105467,19.459999084472656,21.239999771118164,427.3509826660156,677.6199951171875,362.4200134277344,27.309999465942383,69.86000061035156,110.8499984741211,155.39999389648438,542.3599853515625,27.049999237060547,143.19000244140625,397.2099914550781,330.7300109863281,26.239999771118164,223.97999572753903,75.20999908447266,268.54998779296875,251.4499969482422,116.5500030517578,17.81999969482422,49.11000061035156,329.1300048828125,183.8500061035156,86.7699966430664,194.13999938964844,90.81999969482422,14.619999885559082,177.75,458.80999755859375,143.07000732421875,56.040000915527344,47.09999847412109,92.01000213623048,126.94000244140624,52.209999084472656,53.290000915527344,168.3699951171875,154.83999633789062,146.0800018310547,58.439998626708984
2026-02-06,278.1199951171875,223.42999267578125,110.83000183105467,240.6199951171875,268.3800048828125,320.45001220703125,231.3600006103516,207.5500030517578,322.510009765625,208.44000244140625,384.3200073242188,210.32000732421875,137.49000549316406,406.7200012207031,179.72500610351562,123.6999969482422,1413.010009765625,101.79000091552734,332.9200134277344,414.2000122070313,359.1499938964844,243.02999877929688,162.50999450683594,56.52999877929688,27.200000762939453,48.93999862670898,178.28680419921875,1056.3800048828125,61.9900016784668,508.0899963378906,76.2699966430664,129.69000244140625,122.69000244140624,726.2000122070312,330.9700012207031,283.5199890136719,261.4200134277344,50.56999969482422,94.41000366210938,307.5299987792969,31.3700008392334,302.2699890136719,165.1199951171875,107.62000274658205,1001.1599731445312,111.4000015258789,191.3500061035156,98.875,84.81999969482422,180.8600006103516,583.1099853515625,216.6100006103516,108.6999969482422,121.86000061035156,119.4000015258789,60.06999969482422,102.61000061035156,99.47000122070312,338.9800109863281,113.6999969482422,848.1199951171875,373.8200073242188,43.52999877929688,89.4000015258789,13.800000190734863,82.76000213623047,97.38999938964844,321.0,779.3499755859375,152.5,84.23999786376953,323.1000061035156,322.8599853515625,928.75,32.130001068115234,385.1499938964844,250.0052490234375,82.81999969482422,39.68000030517578,298.92999267578125,169.0,73.66999816894531,50.59000015258789,443.7699890136719,488.1499938964844,265.0199890136719,239.9900054931641,322.3999938964844,24.63999938964844,144.2949981689453,79.02999877929688,73.62999725341797,18.1299991607666,448.239990234375,551.989990234375,1058.1800537109375,623.5800170898438,278.3800048828125,231.00999450683597,548.739990234375,327.1600036621094,948.6799926757812,344.3500061035156,102.9000015258789,655.3200073242188,1970.1500244140625,76.37999725341797,661.4600219726562,172.64999389648438,98.0,65.4000015258789,121.93000030517578,80.27999877929688,179.9600067138672,401.1400146484375,134.92999267578125,394.6900024414063,89.47000122070312,82.19999694824219,63.91999816894531,100.73999786376952,185.41000366210935,47.63999938964844,142.82000732421875,159.32000732421875,170.49000549316406,27.21999931335449,159.1699981689453,202.2899932861328,136.9499969482422,135.89999389648438,182.80999755859372,40.41999816894531,137.33999633789062,51.06999969482422,198.66000366210935,203.33999633789065,99.4499969482422,31.46999931335449,67.31999969482422,361.9800109863281,34.380001068115234,168.42999267578125,426.8800048828125,90.08000183105467,20.86000061035156,22.26000022888184,415.59130859375,690.6199951171875,358.2900085449219,27.1299991607666,71.48999786376953,115.5500030517578,155.86000061035156,542.8300170898438,27.729999542236328,152.10000610351562,411.1099853515625,348.8500061035156,27.040000915527344,221.44000244140625,74.7699966430664,276.6499938964844,252.6199951171875,117.33999633789062,18.93000030517578,52.15999984741211,331.5799865722656,183.6499938964844,88.48999786376953,202.67999267578125,92.25,15.109999656677246,195.5800018310547,477.9200134277344,149.64999389648438,57.2599983215332,46.310001373291016,93.97000122070312,131.17999267578125,53.25,54.2599983215332,173.17999267578125,157.7100067138672,149.0500030517578,60.0
2026-02-09,274.6199951171875,223.25999450683597,111.06999969482422,236.75999450683597,266.8999938964844,322.9700012207031,226.6199951171875,199.94000244140625,330.57000732421875,216.0,375.8200073242188,208.72000122070312,141.74000549316406,460.3800048828125,183.7899932861328,124.61000061035156,1429.489990234375,102.12000274658205,343.94000244140625,433.7699890136719,359.6600036621094,244.7100067138672,163.0,56.40999984741211,27.68000030517578,50.7599983215332,169.48199462890625,1079.9000244140625,60.77000045776367,498.0799865722656,74.12000274658203,131.4199981689453,123.7699966430664,742.1199951171875,326.1700134277344,291.0,272.1499938964844,47.79999923706055,94.16000366210938,319.2099914550781,31.61000061035156,307.239990234375,167.25,108.6999969482422,997.5900268554688,123.41000366210938,194.02999877929688,102.01000213623048,86.77999877929688,182.6000061035156,585.6699829101562,216.66000366210935,107.12999725341795,121.72000122070312,118.91000366210938,60.5099983215332,103.98999786376952,99.01000213623048,327.5,113.87000274658205,857.739990234375,377.05999755859375,44.31999969482422,91.29000091552734,13.59000015258789,85.93000030517578,102.88999938964844,316.739990234375,801.5399780273438,151.67999267578125,80.68000030517578,324.3999938964844,324.32000732421875,943.6199951171876,32.459999084472656,381.0,251.53643798828125,86.55999755859375,40.11000061035156,296.3399963378906,169.47999572753906,74.23999786376953,50.2400016784668,437.5,492.8399963378906,266.8800048828125,238.63999938964844,322.1000061035156,24.57999992370605,144.01600646972656,77.97000122070312,73.41999816894531,18.18000030517578,456.3399963378906,577.1500244140625,1044.6700439453125,638.2899780273438,276.8900146484375,229.27999877929688,535.3300170898438,325.6000061035156,962.3200073242188,357.7699890136719,101.6500015258789,655.6699829101562,2035.5899658203125,76.27999877929688,677.219970703125,170.27999877929688,77.62999725341797,64.4000015258789,117.6500015258789,82.3499984741211,182.3500061035156,413.6000061035156,138.44000244140625,383.5,89.4800033569336,81.47000122070312,62.40999984741211,103.87000274658205,190.0399932861328,49.369998931884766,156.58999633789062,166.0,166.47000122070312,27.049999237060547,157.3300018310547,201.52999877929688,137.27999877929688,142.91000366210938,181.8300018310547,41.150001525878906,138.92999267578125,54.060001373291016,196.19000244140625,210.41000366210935,98.9800033569336,31.350000381469727,65.8499984741211,360.6000061035156,33.529998779296875,175.9499969482422,438.8999938964844,89.37999725341797,21.350000381469727,22.32999992370605,420.2365112304688,693.9500122070312,356.0799865722656,27.11000061035156,71.80000305175781,115.5199966430664,156.24000549316406,546.760009765625,28.649999618530277,154.64999389648438,417.3200073242188,355.4100036621094,27.040000915527344,218.7700042724609,73.91000366210938,275.70001220703125,254.33999633789065,117.91999816894533,18.790000915527344,54.900001525878906,325.5799865722656,184.6100006103516,89.47000122070312,201.3800048828125,92.63999938964844,15.479999542236328,202.0,470.8699951171875,152.97000122070312,57.75,47.02000045776367,94.61000061035156,129.02000427246094,53.63999938964844,53.93999862670898,173.6999969482422,156.32000732421875,151.2100067138672,60.13999938964844
2026-02-10,273.67999267578125,222.44000244140625,112.27999877929688,240.8600006103516,264.6700134277344,325.1600036621094,225.52999877929688,201.1499938964844,329.07000732421875,213.57000732421875,364.6499938964844,206.9600067138672,143.4499969482422,472.9200134277344,188.3000030517578,125.9499969482422,1413.6199951171875,96.2699966430664,340.44000244140625,446.9700012207031,363.2000122070313,242.58999633789065,166.50999450683594,55.38999938964844,28.15999984741211,50.61000061035156,171.24560546875,1087.780029296875,60.86000061035156,500.2999877929688,74.25,133.82000732421875,122.1500015258789,742.3699951171875,326.25,299.0,271.1400146484375,46.34999847412109,93.93000030517578,297.92999267578125,32.310001373291016,306.760009765625,162.50999450683594,107.5,971.22998046875,134.72000122070312,193.4499969482422,103.34750366210938,86.29000091552734,182.25999450683597,593.4099731445312,219.75,109.95999908447266,123.63999938964844,120.6999969482422,60.59999847412109,104.23999786376952,101.30999755859376,325.6400146484375,112.6999969482422,856.739990234375,377.4700012207031,44.220001220703125,93.0999984741211,13.56999969482422,85.52999877929688,103.01000213623048,316.3299865722656,790.7899780273438,147.22999572753906,80.2699966430664,318.6300048828125,318.5799865722656,948.989990234375,31.549999237060547,389.6799926757813,255.20713806152344,85.5999984741211,38.970001220703125,291.760009765625,164.80999755859375,74.37000274658203,47.130001068115234,421.3900146484375,495.1499938964844,266.1600036621094,238.3500061035156,318.2799987792969,24.899999618530277,143.08399963378906,76.80999755859375,72.63999938964844,18.31999969482422,460.510009765625,561.1300048828125,1025.0,629.5599975585938,284.6700134277344,226.6100006103516,540.3900146484375,325.9700012207031,935.2100219726562,377.260009765625,101.41999816894533,655.3599853515625,2025.3199462890625,77.91999816894531,670.719970703125,173.42999267578125,74.11000061035156,64.4000015258789,117.1500015258789,82.01000213623047,177.88999938964844,413.2699890136719,133.0,373.25,90.83000183105467,82.20999908447266,63.040000915527344,106.4800033569336,188.5399932861328,49.119998931884766,159.88999938964844,165.50999450683594,166.97000122070312,27.61000061035156,159.0800018310547,202.6000061035156,140.47999572753906,139.50999450683594,182.69000244140625,41.4900016784668,140.08999633789062,55.83000183105469,195.19000244140625,212.2100067138672,97.52999877929688,31.299999237060547,65.55999755859375,364.6499938964844,33.33000183105469,182.5800018310547,437.4500122070313,90.72000122070312,21.18000030517578,22.82999992370605,379.4512634277344,692.1199951171875,361.05999755859375,27.40999984741211,70.68000030517578,113.2300033569336,153.2899932861328,539.7999877929688,29.46999931335449,153.17999267578125,425.2099914550781,361.9100036621094,28.1299991607666,220.9199981689453,73.5,273.2200012207031,261.32000732421875,118.6999969482422,15.210000038146973,53.5,328.1700134277344,186.9900054931641,89.22000122070312,199.5,93.87999725341795,15.25,199.6199951171875,463.4800109863281,159.60000610351562,58.0099983215332,47.38999938964844,91.91000366210938,126.6999969482422,53.58000183105469,53.54999923706055,173.91000366210938,155.3300018310547,151.58999633789062,62.59000015258789
2026-02-11,275.5,220.88999938964844,113.58999633789062,230.42999267578125,257.1600036621094,337.0,217.57000732421875,204.72999572753903,339.8800048828125,213.5800018310547,366.5799865722656,204.0800018310547,140.66000366210938,456.80999755859375,178.74000549316406,125.27999877929688,1435.6300048828125,96.91999816894533,342.760009765625,434.4500122070313,354.010009765625,236.25999450683597,164.32000732421875,53.84999847412109,27.549999237060547,47.02000045776367,172.4976043701172,1082.8800048828125,59.93000030517578,500.0199890136719,73.47000122070312,133.47000122070312,117.38999938964844,775.0,329.07000732421875,299.6499938964844,276.8500061035156,44.34999847412109,95.30999755859376,295.67999267578125,32.47999954223633,302.4800109863281,153.1999969482422,111.20999908447266,978.1400146484376,128.39999389648438,185.0,103.95249938964844,85.54000091552734,185.82000732421875,612.6900024414062,219.97999572753903,108.12000274658205,125.1999969482422,109.3000030517578,61.560001373291016,104.94000244140624,105.38999938964844,330.25,118.22000122070312,867.52001953125,396.0899963378906,44.04999923706055,93.97000122070312,13.850000381469728,87.81999969482422,105.97000122070312,313.7300109863281,823.6699829101562,155.8000030517578,79.81999969482422,311.3299865722656,310.9599914550781,944.5900268554688,30.020000457763672,390.6799926757813,254.53591918945312,77.97000122070312,38.290000915527344,272.8099975585937,151.99000549316406,75.48999786376953,48.290000915527344,399.6900024414063,496.1199951171875,264.95001220703125,240.8600006103516,310.82000732421875,24.989999771118164,147.9499969482422,78.5999984741211,71.80999755859375,18.540000915527344,467.510009765625,574.1099853515625,1015.2100219726562,628.7000122070312,287.0400085449219,235.1199951171875,537.4600219726562,323.2099914550781,953.1900024414062,364.4599914550781,101.08000183105467,653.7100219726562,2018.1800537109373,78.88999938964844,668.6900024414062,172.85000610351562,73.08999633789062,65.91999816894531,119.30999755859376,81.33999633789062,176.67999267578125,404.3699951171875,126.06999969482422,410.3399963378906,91.36000061035156,79.62000274658203,62.34999847412109,100.58000183105467,190.0500030517578,48.7400016784668,157.16000366210938,165.3000030517578,169.14999389648438,27.729999542236328,160.0,208.3699951171875,139.8800048828125,135.67999267578125,186.2700042724609,40.459999084472656,141.0399932861328,55.119998931884766,196.50999450683597,202.6499938964844,99.12000274658205,31.63999938964844,65.66999816894531,366.9700012207031,32.040000915527344,178.8300018310547,438.2099914550781,90.86000061035156,20.549999237060547,22.950000762939453,369.6878051757813,691.9600219726562,363.7000122070313,28.46999931335449,69.5,114.61000061035156,150.75,527.1699829101562,28.020000457763672,154.6699981689453,428.2699890136719,374.0899963378906,27.229999542236328,226.55999755859372,71.01000213623047,278.9100036621094,262.8099975585937,120.0,14.5,53.709999084472656,329.239990234375,177.0399932861328,89.44999694824219,203.9199981689453,93.36000061035156,15.68000030517578,248.50999450683597,461.239990234375,160.14999389648438,58.5099983215332,48.970001220703125,88.94999694824219,128.77000427246094,54.97999954223633,52.7400016784668,174.83999633789062,156.25,155.55999755859375,62.11000061035156
2026-02-12,261.7300109863281,227.5,111.47000122070312,222.0500030517578,262.5,331.3599853515625,209.9600067138672,206.55999755859372,328.3900146484375,205.94000244140625,366.2000122070313,199.6000061035156,135.1199951171875,366.9100036621094,175.92999267578125,122.19000244140624,1406.8699951171875,82.22000122070312,331.1700134277344,435.80999755859375,342.8800048828125,239.3500061035156,158.72999572753906,52.52000045776367,27.09000015258789,46.369998931884766,166.36399841308594,1055.6300048828125,59.86000061035156,500.010009765625,74.12000274658203,129.77000427246094,111.1500015258789,758.2899780273438,332.510009765625,288.3299865722656,276.1199951171875,44.38999938964844,96.16999816894533,274.7900085449219,31.81999969482422,301.6400146484375,141.08999633789062,110.83000183105467,998.8599853515624,121.77999877929688,185.42999267578125,102.88500213623048,75.0,182.3999938964844,598.1099853515625,214.94000244140625,102.37999725341795,126.11000061035156,112.0500030517578,60.86000061035156,104.1500015258789,106.41999816894533,336.0400085449219,117.8499984741211,957.8699951171876,390.3299865722656,43.959999084472656,93.37000274658205,14.0,84.26000213623047,98.27999877929688,312.8900146484375,816.5599975585938,151.80999755859375,79.93000030517578,309.3699951171875,309.0,904.5499877929688,29.57999992370605,390.2200012207031,251.5259552001953,71.12000274658203,37.04999923706055,259.5199890136719,149.8300018310547,74.6500015258789,46.47999954223633,397.9599914550781,478.6000061035156,259.5400085449219,244.5500030517578,302.6400146484375,24.31999969482422,145.0850067138672,79.0,70.69999694824219,18.549999237060547,472.8599853515625,583.4600219726562,1038.27001953125,637.4299926757812,285.5299987792969,231.2899932861328,527.4600219726562,332.0799865722656,916.0,356.739990234375,100.87999725341795,644.5,2007.0,77.36000061035156,649.8099975585938,174.61000061035156,73.62999725341797,67.01000213623047,119.23999786376952,78.2300033569336,168.05999755859375,401.8399963378906,123.0,413.9700012207031,91.93000030517578,75.86000061035156,61.09999847412109,103.29000091552734,186.94000244140625,48.93000030517578,156.47999572753906,162.80999755859375,167.1999969482422,27.46999931335449,161.2100067138672,205.4499969482422,136.3800048828125,129.1300048828125,188.9499969482422,39.08000183105469,138.47000122070312,53.18999862670898,201.13999938964844,203.7400054931641,96.76000213623048,31.34000015258789,67.62999725341797,372.6000061035156,30.43000030517578,172.91000366210938,423.3500061035156,92.55999755859376,19.299999237060547,22.8700008392334,375.780517578125,681.27001953125,365.8500061035156,28.799999237060547,67.37000274658203,112.69000244140624,154.17999267578125,509.8200073242188,26.13999938964844,152.66000366210938,417.0700073242188,368.1000061035156,26.13999938964844,223.0,71.22000122070312,284.3699951171875,261.7699890136719,118.06999969482422,13.109999656677246,51.75,324.17999267578125,171.99000549316406,88.75,196.91000366210935,93.25,15.619999885559082,236.50999450683597,465.0199890136719,163.10000610351562,57.7599983215332,49.459999084472656,86.29000091552734,133.63999938964844,53.97999954223633,51.68999862670898,172.75,156.0,149.92999267578125,58.81999969482422
2026-02-13,255.77999877929688,231.5,112.68000030517578,224.22999572753903,263.9700012207031,337.1000061035156,212.1100006103516,207.50999450683597,354.9100036621094,207.32000732421875,369.1900024414063,198.7899932861328,141.58999633789062,390.5499877929688,178.41000366210938,125.27999877929688,1406.6099853515625,82.51000213623047,325.1700134277344,429.6700134277344,337.5,242.9600067138672,155.72999572753906,52.54999923706055,27.030000686645508,46.9900016784668,165.62399291992188,1071.510009765625,60.7400016784668,497.5499877929688,74.7300033569336,129.86000061035156,110.86000061035156,774.2000122070312,324.95001220703125,299.4599914550781,288.42999267578125,44.68000030517578,96.66999816894533,280.6600036621094,31.56999969482422,303.07000732421875,164.32000732421875,111.43000030517578,1018.47998046875,121.44000244140624,189.72000122070312,107.41000366210938,76.8499984741211,183.7400054931641,602.9199829101562,212.5800018310547,105.4499969482422,128.1999969482422,112.56999969482422,61.119998931884766,104.23999786376952,108.23999786376952,346.79998779296875,120.7300033569336,956.1900024414062,389.25,43.970001220703125,93.8499984741211,14.119999885559082,85.55999755859375,103.94000244140624,315.4100036621094,802.1300048828125,154.97999572753906,81.08000183105469,306.0199890136719,305.7200012207031,905.1400146484376,29.549999237060547,391.0499877929688,253.15155029296875,75.97000122070312,38.970001220703125,262.3800048828125,152.27999877929688,74.97000122070312,46.790000915527344,399.3999938964844,485.8399963378906,262.9599914550781,243.4499969482422,302.54998779296875,24.799999237060547,146.41299438476562,78.68000030517578,71.27999877929688,18.700000762939453,481.0,562.739990234375,1040.0,652.5800170898438,287.3900146484375,235.52999877929688,518.3599853515625,327.5799865722656,934.75,368.3999938964844,99.48999786376952,650.6599731445312,1988.260009765625,77.30999755859375,639.77001953125,171.82000732421875,72.37999725341797,67.25,121.41000366210938,78.61000061035156,171.14999389648438,401.3200073242188,133.8800048828125,411.6600036621094,93.8000030517578,76.87000274658203,63.130001068115234,107.08000183105467,182.80999755859372,49.56999969482422,160.13999938964844,166.9499969482422,165.94000244140625,27.57999992370605,160.07000732421875,204.52999877929688,138.97000122070312,131.41000366210938,187.50999450683597,40.290000915527344,140.6999969482422,54.54999923706055,200.05999755859372,204.52999877929688,93.79000091552734,31.61000061035156,68.95999908447266,368.8900146484375,30.540000915527344,182.2899932861328,437.0899963378906,94.9499969482422,19.61000061035156,23.190000534057617,387.4550476074219,681.75,366.0499877929688,28.690000534057617,68.27999877929688,115.76000213623048,154.4600067138672,504.8200073242188,27.32999992370605,153.8000030517578,417.4400024414063,366.3599853515625,25.809999465942383,226.16000366210935,69.98999786376953,293.19000244140625,260.67999267578125,119.23999786376952,13.229999542236328,51.90999984741211,314.0799865722656,174.11000061035156,88.69999694824219,200.1699981689453,94.58999633789062,15.56999969482422,234.52999877929688,491.4700012207031,171.49000549316406,57.75,49.0099983215332,86.9800033569336,133.88999938964844,54.34999847412109,51.650001525878906,174.1699981689453,157.6699981689453,148.4499969482422,59.36000061035156
2026-02-17,263.8800048828125,232.8600006103516,112.26000213623048,219.88999938964844,260.45001220703125,337.510009765625,213.0800018310547,212.32000732421875,359.1300048828125,203.0800018310547,373.3599853515625,201.1499938964844,142.5800018310547,376.3800048828125,168.7899932861328,126.88999938964844,1419.780029296875,83.02999877929688,332.5400085449219,431.9400024414063,344.5299987792969,244.0399932861328,155.42999267578125,52.7400016784668,27.489999771118164,45.119998931884766,165.6060028076172,1072.6700439453125,60.34999847412109,503.4100036621094,76.29000091552734,131.38999938964844,113.77999877929688,764.760009765625,331.8900146484375,283.4599914550781,303.010009765625,43.90999984741211,95.6500015258789,286.6600036621094,31.549999237060547,303.2300109863281,166.02000427246094,108.77999877929688,1012.0499877929688,124.8000030517578,184.2899932861328,103.57125091552734,76.8499984741211,180.5500030517578,600.8400268554688,206.3600006103516,105.44000244140624,126.70999908447266,112.08000183105467,60.869998931884766,104.22000122070312,112.13999938964844,344.7799987792969,119.75,951.969970703125,391.489990234375,44.040000915527344,91.87000274658205,14.130000114440918,81.69000244140625,100.25,327.0799865722656,819.1500244140625,155.27000427246094,81.22000122070312,302.82000732421875,302.0199890136719,916.0399780273438,28.420000076293945,383.0400085449219,254.4834747314453,75.44000244140625,38.38999938964844,258.3099975585937,153.44000244140625,74.69000244140625,46.18000030517578,379.1700134277344,493.3500061035156,263.0400085449219,243.3300018310547,307.1300048828125,23.780000686645508,147.0189971923828,79.55999755859375,71.52999877929688,18.40999984741211,482.2200012207031,600.4199829101562,1036.050048828125,649.5800170898438,281.1600036621094,235.5800018310547,521.9299926757812,327.6199951171875,946.469970703125,354.3599853515625,96.41000366210938,651.760009765625,1975.510009765625,78.58000183105469,639.2899780273438,167.6199951171875,74.33999633789062,66.54000091552734,121.56999969482422,79.01000213623047,171.5399932861328,396.8599853515625,128.6699981689453,399.7799987792969,92.70999908447266,77.0,64.81999969482422,105.91000366210938,184.97000122070312,49.369998931884766,153.97000122070312,163.5,161.9199981689453,27.3700008392334,159.5500030517578,207.8999938964844,141.77000427246094,133.02000427246094,183.6499938964844,40.810001373291016,142.6300048828125,53.5,203.5,201.47000122070312,95.38999938964844,31.420000076293945,67.55999755859375,367.9400024414063,30.11000061035156,177.10000610351562,421.9500122070313,92.0,19.51000022888184,22.81999969482422,388.3159790039063,682.8499755859375,369.1799926757813,28.68000030517578,67.87999725341797,116.54000091552734,156.97000122070312,501.5899963378906,27.65999984741211,153.85000610351562,410.6300048828125,364.2000122070313,25.26000022888184,225.69000244140625,70.52999877929688,289.0899963378906,262.79998779296875,115.51000213623048,12.760000228881836,51.31999969482422,319.5,176.82000732421875,89.2300033569336,197.33999633789065,95.48999786376952,15.65999984741211,243.52999877929688,477.3200073242188,173.67999267578125,57.790000915527344,48.93000030517578,87.4000015258789,128.85000610351562,53.75,52.20000076293945,175.0800018310547,157.3699951171875,146.19000244140625,63.45000076293945
2026-02-18,264.3500061035156,228.72000122070312,113.29000091552734,223.6100006103516,263.1700134277344,346.3699951171875,217.2100067138672,209.42999267578125,369.2999877929688,200.1199951171875,379.7300109863281,204.7899932861328,139.5399932861328,404.3900146484375,176.77999877929688,127.23999786376952,1468.719970703125,84.43000030517578,333.510009765625,430.1199951171875,346.239990234375,238.92999267578125,155.77000427246094,53.36000061035156,27.90999984741211,44.90999984741211,170.7996063232422,1092.260009765625,59.72999954223633,499.0700073242188,76.27999877929688,132.89999389648438,116.2699966430664,751.969970703125,329.2900085449219,305.010009765625,294.04998779296875,43.43000030517578,95.58000183105467,291.3999938964844,31.600000381469727,302.54998779296875,164.0500030517578,110.5199966430664,996.0800170898438,127.91000366210938,187.7899932861328,103.94000244140624,78.18000030517578,183.8699951171875,593.27001953125,208.55999755859372,107.0999984741211,125.23999786376952,112.45999908447266,61.18999862670898,104.33999633789062,111.5999984741211,346.239990234375,122.2699966430664,924.239990234375,380.3800048828125,44.119998931884766,91.37999725341795,13.850000381469728,80.69000244140625,102.55999755859376,329.5799865722656,817.5499877929688,152.74000549316406,83.66999816894531,303.94000244140625,303.3299865722656,933.72998046875,28.979999542236328,383.5199890136719,252.89984130859372,75.20999908447266,37.540000915527344,260.7900085449219,155.19000244140625,75.08999633789062,45.459999084472656,389.5700073242188,500.760009765625,263.989990234375,244.9900054931641,308.7799987792969,23.950000762939453,148.02999877929688,79.48999786376953,71.37999725341797,18.8799991607666,485.2799987792969,594.260009765625,1020.5599975585938,649.8099975585938,282.1300048828125,240.08999633789065,527.97998046875,327.8900146484375,946.969970703125,363.0700073242188,98.48999786376952,654.6300048828125,2009.050048828125,79.22000122070312,643.219970703125,164.1699981689453,77.0,66.7699966430664,121.66000366210938,79.08999633789062,176.58999633789062,399.6000061035156,125.1999969482422,420.9500122070313,91.22000122070312,77.98999786376953,65.55000305175781,107.80999755859376,187.97999572753903,49.22999954223633,156.1699981689453,152.35000610351562,164.38999938964844,27.3700008392334,156.86000061035156,203.27999877929688,139.6300048828125,135.3800048828125,182.6699981689453,41.45000076293945,143.24000549316406,54.38999938964844,204.80999755859372,205.1999969482422,95.76000213623048,31.559999465942383,67.66999816894531,365.760009765625,29.709999084472656,176.0800018310547,442.30999755859375,91.04000091552734,19.540000915527344,22.5,396.7644348144531,686.2899780273438,377.3200073242188,27.8799991607666,68.33000183105469,115.66000366210938,157.22999572753906,513.5599975585938,27.670000076293945,155.0,411.3200073242188,362.260009765625,25.5,223.32000732421875,72.7699966430664,288.20001220703125,265.0,116.12000274658205,13.729999542236328,52.9900016784668,320.29998779296875,181.25,89.52999877929688,199.4600067138672,94.37000274658205,15.65999984741211,243.2100067138672,470.30999755859375,170.57000732421875,57.95000076293945,48.04999923706055,88.55999755859375,126.62000274658205,54.77999877929688,52.59000015258789,175.0399932861328,157.6699981689453,150.67999267578125,63.0099983215332
2026-02-19,260.5799865722656,224.3500061035156,112.19000244140624,214.9499969482422,259.2099914550781,345.29998779296875,215.97000122070312,203.22000122070312,369.8299865722656,203.3699951171875,375.5,204.8600006103516,137.22999572753906,412.0,176.3800048828125,126.93000030517578,1458.9300537109375,86.4000015258789,333.989990234375,441.1199951171875,342.6499938964844,233.7100067138672,154.27000427246094,52.77000045776367,27.239999771118164,46.630001068115234,160.29800415039062,1081.280029296875,60.29999923706055,496.9400024414063,75.72000122070312,125.76000213623048,115.5500030517578,760.530029296875,329.1600036621094,296.5899963378906,291.6600036621094,44.130001068115234,93.9800033569336,291.3299865722656,31.3799991607666,303.9100036621094,165.94000244140625,111.58999633789062,987.8200073242188,130.66000366210938,185.2899932861328,105.53500366210938,78.55999755859375,184.77999877929688,662.0,211.25,106.0,126.37000274658205,111.11000061035156,61.040000915527344,104.0500030517578,111.73999786376952,348.17999267578125,123.87000274658205,918.030029296875,377.3200073242188,43.880001068115234,91.1999969482422,13.779999732971191,81.66999816894531,104.23999786376952,334.739990234375,834.6099853515625,151.1199951171875,81.47000122070312,303.5599975585937,302.8500061035156,916.6500244140624,28.739999771118164,378.5799865722656,252.5117950439453,75.6500015258789,38.06999969482422,256.2799987792969,154.11000061035156,74.93000030517578,44.619998931884766,381.5400085449219,499.5299987792969,264.6000061035156,246.91000366210935,308.04998779296875,23.989999771118164,146.99000549316406,78.91000366210938,70.98999786376953,18.65999984741211,490.1099853515625,635.6400146484375,1023.219970703125,666.510009765625,278.17999267578125,237.38999938964844,520.260009765625,327.1099853515625,937.1400146484376,355.8900146484375,97.58000183105467,654.5,1996.550048828125,78.0999984741211,644.780029296875,165.0500030517578,76.0,67.98999786376953,121.86000061035156,79.61000061035156,174.3699951171875,398.4599914550781,129.4499969482422,417.3500061035156,91.63999938964844,77.0,65.61000061035156,107.37000274658205,187.8999938964844,48.45000076293945,156.5399932861328,150.99000549316406,164.58999633789062,26.86000061035156,158.55999755859375,201.7700042724609,139.0399932861328,134.88999938964844,183.5,41.72999954223633,141.27000427246094,54.15999984741211,205.41000366210935,200.25999450683597,95.8000030517578,31.56999969482422,67.8499984741211,357.6099853515625,32.15999984741211,179.1999969482422,442.4400024414063,95.0500030517578,19.299999237060547,22.25,394.2005615234375,684.47998046875,372.6600036621094,27.8799991607666,68.12999725341797,115.66000366210938,156.50999450683594,515.1199951171875,27.63999938964844,152.3000030517578,411.7099914550781,360.3900146484375,25.239999771118164,218.0500030517578,72.94000244140625,289.92999267578125,262.9700012207031,115.54000091552734,13.31999969482422,53.91999816894531,318.92999267578125,182.57000732421875,89.13999938964844,199.2400054931641,94.16999816894533,15.529999732971191,243.05999755859372,469.2699890136719,172.5,57.59000015258789,48.63999938964844,87.56999969482422,124.87000274658205,55.18000030517578,52.150001525878906,176.33999633789062,157.25999450683594,150.97000122070312,61.529998779296875
2026-02-20,264.5799865722656,224.80999755859372,112.20999908447266,215.3500061035156,258.6099853515625,355.0299987792969,214.47000122070312,206.3699951171875,375.3800048828125,200.1499938964844,374.75,210.1100006103516,132.7899932861328,418.6799926757813,172.22999572753906,125.58000183105467,1469.5899658203125,80.19999694824219,332.6499938964844,433.9100036621094,346.17999267578125,232.02999877929688,154.4499969482422,53.060001373291016,27.670000076293945,46.20000076293945,163.07159423828125,1093.6400146484375,60.65999984741211,498.2000122070313,74.58000183105469,121.2699966430664,116.0,759.739990234375,331.6199951171875,296.2799987792969,294.8399963378906,48.31999969482422,95.08999633789062,292.69000244140625,31.34000015258789,308.0899963378906,171.35000610351562,110.52999877929688,985.27001953125,124.05999755859376,185.16000366210935,97.1500015258789,79.19999694824219,183.92999267578125,662.489990234375,209.5,105.58000183105467,126.77999877929688,112.94000244140624,62.34000015258789,104.9000015258789,114.2300033569336,342.92999267578125,123.08000183105467,928.1099853515624,373.3800048828125,44.31999969482422,91.47000122070312,14.010000228881836,80.0,106.26000213623048,343.2200012207031,830.3400268554688,151.39999389648438,81.51000213623047,314.8999938964844,314.9800109863281,922.239990234375,26.38999938964844,382.25,255.86785888671875,76.11000061035156,38.41999816894531,257.1600036621094,154.00999450683594,76.44000244140625,44.11000061035156,380.5499877929688,504.0499877929688,264.6099853515625,242.4900054931641,310.7900085449219,24.399999618530277,149.60000610351562,79.83999633789062,71.9000015258789,18.71999931335449,496.510009765625,667.77001953125,1009.52001953125,658.260009765625,280.3599853515625,244.9199981689453,526.4099731445312,329.2300109863281,947.47998046875,344.5599975585937,96.86000061035156,658.6099853515625,1996.8699951171875,79.0999984741211,655.6599731445312,167.05999755859375,75.58000183105469,67.56999969482422,122.26000213623048,79.4800033569336,175.41000366210938,397.2300109863281,131.0500030517578,428.1700134277344,92.18000030517578,78.66999816894531,65.4000015258789,104.2699966430664,189.82000732421875,47.41999816894531,148.0800018310547,148.6999969482422,164.94000244140625,26.649999618530277,160.77999877929688,204.0800018310547,141.50999450683594,135.24000549316406,183.3999938964844,41.650001525878906,142.8800048828125,50.20000076293945,204.9199981689453,202.58999633789065,97.48999786376952,31.61000061035156,67.4800033569336,360.6300048828125,32.41999816894531,172.5,439.9400024414063,94.3000030517578,19.020000457763672,21.93000030517578,394.9668884277344,689.4299926757812,380.2300109863281,27.979999542236328,68.05000305175781,116.69000244140624,158.22999572753906,510.9299926757813,27.06999969482422,157.08999633789062,411.8200073242188,370.5400085449219,25.100000381469727,219.72999572753903,73.86000061035156,290.0,266.1000061035156,116.7300033569336,13.170000076293944,54.36000061035156,320.95001220703125,180.30999755859372,90.01000213623047,200.75999450683597,94.87999725341795,15.649999618530272,243.75,476.8999938964844,171.39999389648438,58.52999877929688,49.25,88.69999694824219,122.98999786376952,54.880001068115234,52.4900016784668,177.22999572753906,156.82000732421875,147.27999877929688,61.470001220703125
2026-02-23,266.17999267578125,229.47999572753903,115.29000091552734,201.17999267578125,246.67999267578125,355.1499938964844,205.72999572753903,206.16000366210935,373.5499877929688,196.6000061035156,379.4200134277344,205.2700042724609,127.43000030517578,380.6199951171875,163.3300018310547,123.77999877929688,1485.989990234375,83.9000015258789,330.3399963378906,423.4400024414063,321.239990234375,230.44000244140625,152.77999877929688,51.06999969482422,27.06999969482422,41.93999862670898,154.8332061767578,1071.010009765625,61.25,494.0899963378906,74.37000274658203,113.70999908447266,110.75,756.469970703125,333.3900146484375,279.79998779296875,293.79998779296875,49.220001220703125,97.0999984741211,296.67999267578125,31.6299991607666,314.0,160.24000549316406,109.87999725341795,986.02001953125,124.0500030517578,178.16000366210938,87.5824966430664,77.73999786376953,184.91000366210935,646.8400268554688,210.9199981689453,104.41000366210938,127.79000091552734,106.13500213623048,61.650001525878906,104.47000122070312,113.0199966430664,335.8699951171875,122.30999755859376,945.6400146484376,362.0499877929688,43.900001525878906,91.38999938964844,13.640000343322754,75.5999984741211,110.29000091552734,338.989990234375,831.7000122070312,149.8300018310547,79.66000366210938,311.69000244140625,311.489990234375,892.3099975585938,24.030000686645508,376.989990234375,254.9134826660156,71.77999877929688,36.54999923706055,223.3500061035156,154.10000610351562,75.63999938964844,43.630001068115234,359.54998779296875,492.1000061035156,260.489990234375,245.83999633789065,297.6700134277344,24.540000915527344,148.76600646972656,80.55999755859375,68.73999786376953,18.950000762939453,498.1900024414063,674.72998046875,1058.56005859375,660.6199951171875,274.3599853515625,242.2700042724609,496.0299987792969,334.5599975585937,949.25,305.3699951171875,98.61000061035156,647.1199951171875,1864.4599609375,75.23999786376953,637.25,166.33999633789062,70.125,68.9800033569336,123.81999969482422,77.79000091552734,166.8000030517578,384.4700012207031,123.70999908447266,420.9700012207031,94.05999755859376,76.0199966430664,63.09000015258789,100.8000030517578,191.5500030517578,39.630001068115234,141.30999755859375,144.13999938964844,168.32000732421875,27.059999465942383,165.1699981689453,203.69000244140625,140.74000549316406,130.60000610351562,187.22000122070312,44.04999923706055,140.41000366210938,47.2599983215332,201.9199981689453,196.7100067138672,94.77999877929688,31.530000686645508,71.5,364.2699890136719,30.709999084472656,157.60000610351562,420.8200073242188,95.18000030517578,18.21999931335449,21.670000076293945,382.9517517089844,682.3900146484375,384.7300109863281,28.520000457763672,67.9800033569336,113.33999633789062,157.69000244140625,516.4400024414062,25.06999969482422,152.97000122070312,399.8299865722656,370.0400085449219,24.170000076293945,219.8600006103516,70.72000122070312,282.3399963378906,263.760009765625,115.0199966430664,12.510000228881836,53.43999862670898,306.5199890136719,172.1699981689453,89.48999786376953,197.38999938964844,94.88999938964844,15.5600004196167,245.4199981689453,481.010009765625,167.8000030517578,58.060001373291016,49.68000030517578,85.1500015258789,125.80999755859376,55.150001525878906,50.72999954223633,174.8300018310547,158.5399932861328,150.75999450683594,58.400001525878906
2026-02-24,272.1400146484375,228.44000244140625,114.58000183105467,196.72999572753903,255.1699981689453,356.0899963378906,205.67999267578125,209.82000732421875,377.9299926757813,213.83999633789065,382.8699951171875,208.55999755859372,128.77000427246094,393.2200012207031,166.25999450683594,128.13999938964844,1497.800048828125,85.81999969482422,325.489990234375,442.510009765625,320.4800109863281,233.38999938964844,153.11000061035156,50.40999984741211,27.1200008392334,42.4900016784668,162.74240112304688,1081.050048828125,61.59999847412109,494.510009765625,75.1500015258789,116.41000366210938,109.55999755859376,768.22998046875,336.8500061035156,290.6300048828125,312.6400146484375,50.720001220703125,98.11000061035156,296.3500061035156,31.61000061035156,319.0299987792969,162.02999877929688,110.58999633789062,998.4299926757812,120.83000183105467,185.4199981689453,87.5625,78.13999938964844,185.33999633789065,644.5399780273438,209.19000244140625,106.0500030517578,128.4600067138672,109.43000030517578,62.619998931884766,104.66000366210938,115.29000091552734,327.1400146484375,123.6999969482422,951.9000244140624,374.55999755859375,43.95000076293945,91.2300033569336,14.199999809265137,75.2300033569336,110.6999969482422,345.6400146484375,879.72998046875,147.63999938964844,81.29000091552734,310.9200134277344,310.8999938964844,902.27001953125,24.93000030517578,384.4800109863281,255.49029541015625,73.38999938964844,36.52999877929688,229.32000732421875,155.36000061035156,76.79000091552734,46.119998931884766,358.7099914550781,494.0199890136719,263.3299865722656,246.27999877929688,297.29998779296875,24.780000686645508,150.6649932861328,80.72000122070312,68.66999816894531,19.01000022888184,504.0,688.27001953125,1042.1500244140625,664.4299926757812,278.5899963378906,244.25,498.0,333.04998779296875,957.3599853515624,312.510009765625,96.75,653.219970703125,1922.56005859375,75.33999633789062,639.2999877929688,166.4600067138672,75.33999633789062,69.25,123.93000030517578,78.38999938964844,168.7899932861328,389.0,124.61000061035156,418.010009765625,95.68000030517578,78.04000091552734,64.08999633789062,102.48999786376952,192.8500061035156,38.59000015258789,146.13999938964844,141.6699981689453,169.5399932861328,27.13999938964844,165.27999877929688,206.0800018310547,140.3000030517578,128.83999633789062,187.0,47.02000045776367,144.77999877929688,51.040000915527344,198.4600067138672,196.4600067138672,96.51000213623048,31.63999938964844,73.94999694824219,364.7300109863281,31.1299991607666,161.05999755859375,440.7200012207031,95.80999755859376,18.65999984741211,21.600000381469727,395.71429443359375,687.3499755859375,381.3299865722656,28.350000381469727,66.97000122070312,115.5199966430664,157.66000366210938,515.5999755859375,25.56999969482422,154.50999450683594,409.3800048828125,385.75,24.940000534057617,213.3500061035156,71.37999725341797,273.95001220703125,266.6600036621094,115.37000274658205,13.020000457763672,54.95000076293945,307.2200012207031,175.7899932861328,89.7300033569336,199.3300018310547,95.12999725341795,15.699999809265137,253.1499938964844,487.4299926757813,171.6199951171875,58.68000030517578,49.86000061035156,84.56999969482422,126.75,55.09999847412109,50.97999954223633,176.97999572753906,157.8699951171875,149.25999450683594,59.130001068115234
2026-02-25,274.2300109863281,226.9199981689453,114.76000213623048,191.5,257.8099975585937,360.7999877929688,214.25,209.3300018310547,394.9500122070313,210.8600006103516,384.3299865722656,210.63999938964844,132.88999938964844,421.6300048828125,166.69000244140625,131.74000549316406,1526.510009765625,82.36000061035156,332.3099975585937,520.1799926757812,327.0899963378906,230.3600006103516,152.27999877929688,51.68999862670898,27.26000022888184,43.20000076293945,166.52000427246094,1093.780029296875,61.29999923706055,493.989990234375,73.4800033569336,118.22000122070312,114.33999633789062,766.6099853515625,334.5400085449219,301.8399963378906,325.8399963378906,50.61000061035156,96.66999816894533,293.9800109863281,30.790000915527344,307.3599853515625,183.94000244140625,110.01000213623048,994.760009765625,123.45999908447266,191.75,90.82749938964844,79.12000274658203,184.22000122070312,623.6099853515625,209.5200042724609,105.0500030517578,128.92999267578125,111.6500015258789,63.310001373291016,105.66000366210938,112.91999816894533,330.510009765625,122.5,960.52001953125,373.5299987792969,44.34999847412109,92.44000244140624,14.43000030517578,77.3499984741211,111.16000366210938,342.8900146484375,876.010009765625,147.1199951171875,82.43000030517578,313.0299987792969,312.8999938964844,921.3800048828124,25.96999931335449,375.5700073242188,254.01153564453125,77.52999877929688,39.22999954223633,237.5399932861328,160.3300018310547,77.56999969482422,46.880001068115234,381.2300109863281,506.1700134277344,264.5799865722656,245.1699981689453,303.29998779296875,24.55500030517578,154.66799926757812,80.47000122070312,69.87000274658203,18.770000457763672,508.2699890136719,723.3900146484375,1028.8299560546875,647.5,263.0199890136719,249.47999572753903,509.3900146484375,333.010009765625,963.239990234375,314.989990234375,96.6500015258789,655.6400146484375,1767.7099609375,75.30999755859375,653.6900024414062,165.5399932861328,74.30999755859375,69.69999694824219,122.45999908447266,80.91999816894531,173.72999572753906,400.6000061035156,135.64999389648438,429.0,95.11000061035156,82.69999694824219,63.400001525878906,104.2300033569336,195.55999755859372,38.15999984741211,147.88999938964844,144.83999633789062,169.1699981689453,27.09000015258789,163.38999938964844,204.5399932861328,140.02999877929688,134.19000244140625,189.8000030517578,47.31999969482422,145.82000732421875,52.15999984741211,195.97999572753903,198.25,97.93000030517578,31.51000022888184,73.7300033569336,357.25,33.599998474121094,169.2100067138672,449.1700134277344,95.91999816894533,19.290000915527344,21.40999984741211,400.7663269042969,693.1500244140625,384.0299987792969,27.8700008392334,66.87000274658203,116.44000244140624,155.82000732421875,513.6799926757812,26.809999465942383,156.9199981689453,417.3999938964844,387.7300109863281,25.15999984741211,213.8999938964844,72.83000183105469,284.20001220703125,264.25,113.8499984741211,12.979999542236328,55.18999862670898,312.989990234375,176.4600067138672,90.48999786376952,199.63999938964844,94.87000274658205,15.859999656677246,262.19000244140625,483.0499877929688,175.36000061035156,59.0099983215332,49.22999954223633,86.76000213623047,125.75,54.869998931884766,51.869998931884766,175.60000610351562,157.8300018310547,149.05999755859375,61.61000061035156
2026-02-26,272.95001220703125,224.69000244140625,116.26000213623048,207.3800048828125,259.0400085449219,354.3500061035156,218.3600006103516,212.75999450683597,375.7200012207031,203.67999267578125,379.3299865722656,207.9199981689453,130.25,444.9299926757813,176.64999389648438,129.25999450683594,1463.800048828125,85.76000213623047,321.70001220703125,550.1900024414062,335.32000732421875,229.41000366210935,148.0500030517578,52.29999923706055,27.43000030517578,43.56999969482422,170.01040649414062,1090.27001953125,61.09999847412109,502.6700134277344,75.75,117.9499969482422,116.19000244140624,752.9299926757812,337.9200134277344,297.6000061035156,323.5599975585937,54.119998931884766,97.5500030517578,279.1600036621094,30.850000381469727,316.45001220703125,181.05999755859372,110.6999969482422,986.739990234375,114.4800033569336,199.47000122070312,95.2750015258789,78.0999984741211,184.16000366210935,619.4600219726562,209.3600006103516,105.5500030517578,129.22999572753906,117.4499969482422,62.709999084472656,105.56999969482422,111.9000015258789,323.04998779296875,121.12999725341795,948.02001953125,374.5899963378906,44.560001373291016,92.4800033569336,14.40999984741211,79.19999694824219,113.88999938964844,340.8399963378906,876.4600219726562,143.77000427246094,80.79000091552734,307.1499938964844,307.3800048828125,929.0,27.88999938964844,375.0899963378906,252.62716674804688,79.44999694824219,38.2599983215332,242.00999450683597,162.88999938964844,76.81999969482422,45.459999084472656,394.4200134277344,506.8800048828125,265.989990234375,243.47000122070312,306.1300048828125,24.56999969482422,152.43099975585938,80.5,70.38999938964844,19.0,498.510009765625,677.0,1022.02001953125,641.6300048828125,264.3900146484375,239.07000732421875,514.77001953125,334.5299987792969,974.4500122070312,336.6099853515625,97.02999877929688,658.1400146484375,1740.8800048828125,75.94000244140625,657.010009765625,166.1699981689453,75.5999984741211,69.47000122070312,119.3000030517578,79.29000091552734,177.49000549316406,401.7200012207031,133.39999389648438,415.55999755859375,91.98999786376952,84.58999633789062,63.95000076293945,109.3000030517578,184.88999938964844,37.619998931884766,150.30999755859375,149.39999389648438,167.5800018310547,27.100000381469727,163.75,211.72999572753903,142.66000366210938,135.94000244140625,187.5,45.52999877929688,145.58999633789062,54.33000183105469,197.6300048828125,204.67999267578125,98.08000183105467,31.51000022888184,75.73999786376953,360.5,32.279998779296875,173.05999755859375,426.0,96.3499984741211,19.100000381469727,22.59000015258789,413.8978271484375,689.2999877929688,386.05999755859375,27.459999084472656,65.5999984741211,114.79000091552734,158.69000244140625,520.1199951171875,27.75,160.49000549316406,408.5799865722656,376.80999755859375,23.950000762939453,212.6300048828125,74.80000305175781,286.6600036621094,265.45001220703125,116.62999725341795,13.850000381469728,54.869998931884766,316.70001220703125,182.8600006103516,90.43000030517578,203.7899932861328,95.5199966430664,15.399999618530272,259.2300109863281,480.1300048828125,176.82000732421875,58.27000045776367,48.88999938964844,86.30000305175781,124.41999816894533,55.04999923706055,52.5,176.6999969482422,157.4199981689453,148.5399932861328,61.88999938964844
2026-02-27,264.17999267578125,232.0800018310547,116.3499984741211,208.72000122070312,262.4100036621094,355.7900085449219,214.3600006103516,214.5200042724609,372.2999877929688,200.2100067138672,388.1600036621094,210.0,133.5,434.7699890136719,177.75999450683594,127.4499969482422,1450.56005859375,79.19000244140625,319.54998779296875,542.4000244140625,308.8999938964844,227.52999877929688,144.11000061035156,49.83000183105469,26.540000915527344,44.5099983215332,169.57400512695312,1063.22998046875,62.369998931884766,504.9500122070313,76.8499984741211,113.37000274658205,110.19000244140624,742.8300170898438,340.8599853515625,301.3999938964844,329.8800048828125,53.61000061035156,99.13999938964844,277.6300048828125,30.959999084472656,319.5,175.85000610351562,113.45999908447266,1010.7899780273438,112.2699966430664,194.7899932861328,92.99500274658205,79.45999908447266,186.75999450683597,629.7100219726562,210.63999938964844,106.04000091552734,130.85000610351562,101.0,62.58000183105469,105.37999725341795,109.47000122070312,320.0,124.08000183105467,974.260009765625,375.9200134277344,44.34000015258789,92.37000274658205,14.09000015258789,79.02999877929688,115.83999633789062,342.260009765625,873.5999755859375,148.9499969482422,78.70999908447266,311.42999267578125,311.760009765625,859.5700073242188,26.299999237060547,380.7200012207031,255.4693298339844,75.8499984741211,37.18999862670898,240.2100067138672,164.1300048828125,76.76000213623047,45.61000061035156,409.0299987792969,503.510009765625,261.4100036621094,248.42999267578125,300.29998779296875,24.61000061035156,152.4550018310547,81.55999755859375,66.7699966430664,19.1200008392334,508.0799865722656,700.9099731445312,1051.989990234375,658.0800170898438,264.57000732421875,233.88999938964844,517.2100219726562,341.0599975585937,987.3699951171876,328.4700012207031,97.66000366210938,652.8200073242188,1757.5799560546875,72.06999969482422,648.1799926757812,165.32000732421875,72.63999938964844,69.04000091552734,123.81999969482422,81.69000244140625,166.50999450683594,392.739990234375,129.5,412.3699951171875,93.7699966430664,96.23999786376952,62.18000030517578,108.01000213623048,177.19000244140625,37.45000076293945,145.39999389648438,148.9199981689453,169.74000549316406,27.649999618530277,167.1999969482422,213.66000366210935,142.57000732421875,137.19000244140625,186.8300018310547,46.209999084472656,142.36000061035156,51.959999084472656,202.6199951171875,201.52999877929688,98.0199966430664,31.770000457763672,73.87000274658203,362.5899963378906,32.38999938964844,168.41000366210938,414.0,97.37999725341795,17.760000228881836,23.059999465942383,418.0510864257813,685.989990234375,387.4599914550781,28.01000022888184,65.69999694824219,113.79000091552734,161.66000366210938,521.1099853515625,27.309999465942383,155.47000122070312,402.510009765625,374.5799865722656,23.81999969482422,212.1100006103516,75.41999816894531,293.2699890136719,264.9800109863281,115.95999908447266,13.420000076293944,54.34000015258789,320.1400146484375,182.00999450683597,90.16999816894533,204.63999938964844,95.69000244140624,15.359999656677246,254.88999938964844,496.8299865722656,173.88999938964844,58.09999847412109,50.13999938964844,81.44999694824219,127.9499969482422,55.91999816894531,51.43000030517578,177.13999938964844,160.1999969482422,152.5,62.290000915527344
2026-03-02,264.7200012207031,234.25999450683597,114.12000274658205,205.92999267578125,260.8800048828125,352.4100036621094,214.97000122070312,212.75999450683597,372.1799926757813,198.6199951171875,385.7000122070313,208.38999938964844,129.3000030517578,432.9800109863281,180.6000061035156,124.37000274658205,1423.5400390625,86.91999816894531,318.82000732421875,572.02001953125,307.42999267578125,229.7400054931641,142.55999755859375,49.810001373291016,27.0,44.18999862670898,167.19119262695312,1068.31005859375,62.34000015258789,480.1700134277344,76.22000122070312,115.33000183105467,111.4499969482422,752.3200073242188,342.760009765625,303.3599853515625,327.1600036621094,49.25,97.3000030517578,266.9800109863281,30.81999969482422,326.4599914550781,185.2400054931641,118.23999786376952,1002.77001953125,114.22000122070312,192.9499969482422,96.21499633789062,79.41999816894531,189.6000061035156,630.8800048828125,206.0,104.33000183105467,131.6300048828125,100.81999969482422,61.5,103.3000030517578,100.19000244140624,294.07000732421875,128.64999389648438,966.0999755859376,377.3999938964844,42.90999984741211,90.1999969482422,13.390000343322754,79.18000030517578,115.33999633789062,345.739990234375,881.1799926757812,150.02999877929688,77.76000213623047,306.3599853515625,306.5199890136719,861.7000122070312,26.190000534057617,370.80999755859375,260.1363525390625,78.77999877929688,39.19499969482422,239.3699951171875,164.77999877929688,75.43000030517578,45.5,419.05999755859375,496.25,263.8099975585937,248.55999755859372,297.5599975585937,24.51000022888184,153.4949951171875,80.22000122070312,67.76000213623047,18.88999938964844,509.3399963378906,783.25,1017.969970703125,676.7000122070312,257.1700134277344,231.0,521.0,334.82000732421875,990.9500122070312,325.010009765625,98.0999984741211,658.3599853515625,1777.0,73.23999786376953,653.5599975585938,161.4600067138672,70.9800033569336,68.69000244140625,121.41000366210938,80.86000061035156,167.0,398.5499877929688,137.64999389648438,412.6700134277344,92.70999908447266,97.08999633789062,61.0099983215332,109.41999816894533,182.47999572753903,37.7599983215332,149.25,150.14999389648438,167.27999877929688,27.26000022888184,163.50999450683594,213.41000366210935,142.72000122070312,145.1699981689453,183.82000732421875,45.630001068115234,141.02999877929688,53.68999862670898,212.16000366210935,196.00999450683597,96.76000213623048,31.86000061035156,73.98999786376953,356.1000061035156,31.82999992370605,170.3300018310547,424.6600036621094,97.2300033569336,18.38999938964844,22.690000534057617,419.1863708496094,686.3800048828125,387.0199890136719,28.01000022888184,65.55000305175781,113.16999816894533,159.94000244140625,508.5799865722656,27.56999969482422,156.4199981689453,403.3200073242188,369.1099853515625,24.31999969482422,209.82000732421875,75.94999694824219,294.92999267578125,266.9700012207031,114.41999816894533,13.119999885559082,56.45000076293945,320.510009765625,181.4499969482422,88.2699966430664,214.91000366210935,95.93000030517578,15.18000030517578,257.75,486.0299987792969,165.99000549316406,57.2400016784668,49.97999954223633,82.58000183105469,127.0999984741211,57.040000915527344,51.29999923706055,178.89999389648438,158.52999877929688,154.22000122070312,61.849998474121094
2026-03-03,263.75,233.8600006103516,113.61000061035156,209.88999938964844,270.989990234375,338.989990234375,216.2700042724609,213.6100006103516,351.32000732421875,190.9499969482422,377.0,208.72999572753903,124.5999984741211,438.8900146484375,188.3999938964844,121.72000122070312,1360.93994140625,92.68000030517578,313.8399963378906,579.0900268554688,307.82000732421875,224.1199951171875,135.58999633789062,49.970001220703125,26.5,43.7400016784668,166.15480041503906,1052.5899658203125,61.220001220703125,481.3599853515625,73.8499984741211,110.91999816894533,110.76000213623048,722.1799926757812,338.29998779296875,300.6300048828125,324.8699951171875,47.11000061035156,95.51000213623048,256.95001220703125,31.01000022888184,325.1300048828125,182.3600006103516,118.5199966430664,1007.77001953125,97.3000030517578,196.0500030517578,97.8550033569336,78.95999908447266,188.7700042724609,619.219970703125,204.00999450683597,103.3000030517578,131.42999267578125,101.61000061035156,58.41999816894531,100.08999633789062,98.70999908447266,284.0299987792969,128.00999450683594,972.010009765625,355.5599975585937,41.56999969482422,86.83000183105469,12.699999809265137,81.0999984741211,105.23999786376952,334.1400146484375,842.0,147.8300018310547,77.2699966430664,303.5599975585937,303.5799865722656,862.5800170898438,26.700000762939453,366.9200134277344,255.74200439453125,76.06999969482422,38.70000076293945,245.27999877929688,164.77999877929688,71.77999877929688,43.09999847412109,433.3500061035156,497.4200134277344,259.239990234375,246.75,300.260009765625,24.21999931335449,144.13499450683594,79.33999633789062,67.30000305175781,18.149999618530277,501.6799926757813,694.4299926757812,1007.72998046875,667.8200073242188,257.70001220703125,217.2700042724609,524.3200073242188,332.1700134277344,995.6900024414062,252.72999572753903,96.70999908447266,647.010009765625,1714.010009765625,72.66999816894531,655.0800170898438,158.47999572753906,73.55999755859375,68.88999938964844,119.83000183105467,77.51000213623047,165.9499969482422,403.9299926757813,132.67999267578125,379.6799926757813,92.58999633789062,97.6999969482422,59.38999938964844,113.19000244140624,180.0500030517578,36.65999984741211,149.00999450683594,156.08999633789062,164.91000366210938,26.57999992370605,159.72000122070312,213.3500061035156,141.0,147.22000122070312,177.92999267578125,46.380001068115234,138.1300048828125,53.869998931884766,206.5200042724609,196.3300018310547,96.68000030517578,31.59000015258789,77.98999786376953,348.8299865722656,30.68000030517578,165.7899932861328,424.3200073242188,96.79000091552734,18.61000061035156,21.57999992370605,420.04730224609375,680.3300170898438,384.5899963378906,28.670000076293945,64.41999816894531,120.8000030517578,159.7100067138672,508.1000061035156,29.11000061035156,154.4199981689453,392.4299926757813,353.1300048828125,25.0,202.6699981689453,76.36000061035156,289.2099914550781,265.8399963378906,113.2300033569336,13.130000114440918,52.0,320.8299865722656,185.91000366210935,85.61000061035156,217.7100067138672,95.41999816894533,14.880000114440918,244.44000244140625,474.2699890136719,161.6999969482422,55.22999954223633,50.869998931884766,82.52999877929688,127.91000366210938,56.52000045776367,51.209999084472656,175.44000244140625,156.74000549316406,151.8300018310547,62.88999938964844
2026-03-04,262.5199890136719,236.19000244140625,113.0999984741211,210.0,273.1199951171875,341.510009765625,217.16000366210935,214.17999267578125,357.760009765625,202.07000732421875,379.2699890136719,216.82000732421875,134.8300018310547,482.80999755859375,188.25999450683597,124.11000061035156,1399.3699951171875,104.88999938964844,317.5299987792969,569.8099975585938,311.2099914550781,227.30999755859372,133.27000427246094,50.29999923706055,26.57999992370605,43.63999938964844,170.14320373535156,1049.22998046875,62.33000183105469,487.4800109863281,72.20999908447266,114.13999938964844,111.31999969482422,731.969970703125,334.1400146484375,305.42999267578125,322.8500061035156,45.56999969482422,95.27999877929688,270.6400146484375,32.09000015258789,320.0,208.92999267578125,115.6500015258789,1006.739990234375,102.54000091552734,193.0800018310547,101.91999816894533,80.87000274658203,186.02999877929688,614.0399780273438,204.72999572753903,103.04000091552734,131.8800048828125,96.16999816894533,59.04999923706055,101.37999725341795,99.20999908447266,291.45001220703125,127.81999969482422,969.0399780273438,354.4599914550781,42.09999847412109,88.58999633789062,12.8100004196167,82.79000091552734,105.87999725341795,339.8099975585937,841.27001953125,148.22000122070312,78.5999984741211,303.45001220703125,303.1300048828125,867.25,25.049999237060547,369.1099853515625,257.96539306640625,82.20999908447266,41.43999862670898,250.05999755859372,166.2899932861328,72.47000122070312,45.58000183105469,440.1400146484375,501.1799926757813,261.760009765625,245.3000030517578,299.3900146484375,24.040000915527344,147.59100341796875,78.0999984741211,67.5,18.190000534057617,499.1900024414063,680.7999877929688,1003.5700073242188,664.47998046875,258.6199951171875,222.9900054931641,522.9199829101562,331.739990234375,978.7100219726562,248.00999450683597,95.5999984741211,646.9400024414062,1769.030029296875,73.31999969482422,667.72998046875,160.88999938964844,76.02999877929688,68.12000274658203,120.27999877929688,78.08999633789062,167.5800018310547,405.2000122070313,146.44000244140625,400.7699890136719,92.5999984741211,98.66000366210938,58.63999938964844,113.86000061035156,183.0399932861328,38.5,152.3699951171875,158.55999755859375,163.9199981689453,26.6200008392334,158.3000030517578,211.3999938964844,139.4199981689453,153.19000244140625,179.0399932861328,46.75,139.50999450683594,54.869998931884766,208.82000732421875,195.5800018310547,97.1500015258789,31.540000915527344,76.44999694824219,347.6700134277344,32.650001525878906,168.25999450683594,430.9800109863281,97.62999725341795,18.700000762939453,21.989999771118164,421.4758605957031,685.1300048828125,381.8900146484375,28.979999542236328,65.12999725341797,120.08000183105467,161.72999572753906,512.6900024414062,29.46999931335449,156.91000366210938,405.9400024414063,357.44000244140625,25.170000076293945,202.38999938964844,76.6500015258789,291.9599914550781,266.70001220703125,110.5,13.43000030517578,52.77000045776367,320.4700012207031,188.47999572753903,86.58999633789062,225.6000061035156,95.54000091552734,15.029999732971191,251.27999877929688,477.8900146484375,163.36000061035156,55.58000183105469,51.20000076293945,83.93000030517578,127.80999755859376,56.18999862670898,51.5,175.97000122070312,157.0500030517578,149.82000732421875,62.599998474121094
2026-03-05,260.2900085449219,232.3500061035156,111.04000091552734,214.0,281.739990234375,329.7200012207031,222.6999969482422,211.6199951171875,346.5299987792969,199.4499969482422,367.6000061035156,218.94000244140625,139.39999389648438,508.55999755859375,189.8999938964844,120.62000274658205,1368.3599853515625,93.86000061035156,332.7699890136719,570.489990234375,307.2099914550781,222.05999755859372,130.35000610351562,49.810001373291016,26.920000076293945,45.130001068115234,184.5312042236328,1035.0,60.7400016784668,500.3999938964844,72.98999786376953,115.5500030517578,108.9499969482422,706.0800170898438,332.4599914550781,299.8399963378906,332.07000732421875,43.68999862670898,92.66999816894533,265.8299865722656,31.600000381469727,316.8099975585937,205.7100067138672,116.81999969482422,982.5700073242188,114.73999786376952,201.38999938964844,106.54000091552734,80.01000213623047,189.8999938964844,590.6900024414062,202.0,102.41000366210938,131.61000061035156,101.54000091552734,57.630001068115234,99.16000366210938,95.87000274658205,286.4800109863281,131.02999877929688,953.0,354.7900085449219,41.18000030517578,85.88999938964844,12.34000015258789,84.41999816894531,101.81999969482422,326.989990234375,815.010009765625,145.13999938964844,76.19999694824219,300.9100036621094,300.8800048828125,835.4600219726562,25.3700008392334,361.6799926757813,250.0052490234375,80.55999755859375,40.38999938964844,256.54998779296875,164.0,70.88999938964844,45.95000076293945,466.7900085449219,496.7000122070313,256.760009765625,239.6300048828125,293.54998779296875,24.229999542236328,142.93600463867188,77.02999877929688,66.5999984741211,18.25,490.05999755859375,650.8200073242188,983.260009765625,655.0,254.7100067138672,214.67999267578125,524.6599731445312,327.45001220703125,931.3499755859376,263.92999267578125,93.01000213623048,637.97998046875,1780.3599853515625,72.94000244140625,660.5700073242188,156.2100067138672,78.4800033569336,66.9800033569336,116.06999969482422,75.68000030517578,162.5500030517578,410.6799926757813,139.80999755859375,397.0499877929688,91.12999725341795,99.16999816894533,58.02000045776367,120.37999725341795,183.33999633789065,39.06999969482422,154.7899932861328,163.16000366210938,160.6999969482422,26.61000061035156,153.99000549316406,210.5800018310547,137.85000610351562,152.6699981689453,169.6999969482422,47.63999938964844,137.0,55.880001068115234,203.8600006103516,199.47999572753903,98.69000244140624,31.26000022888184,76.91000366210938,335.45001220703125,32.2400016784668,177.4499969482422,442.2999877929688,97.1999969482422,19.25,21.3700008392334,426.7833557128906,681.3099975585938,370.5,28.96999931335449,64.11000061035156,120.36000061035156,160.92999267578125,518.8400268554688,30.51000022888184,149.60000610351562,405.5499877929688,353.8599853515625,29.790000915527344,197.97999572753903,75.44000244140625,288.7699890136719,260.20001220703125,104.06999969482422,13.3100004196167,50.060001373291016,319.79998779296875,196.05999755859372,84.8499984741211,228.02999877929688,94.58000183105467,14.619999885559082,249.75,460.8200073242188,167.39999389648438,54.84999847412109,51.18000030517578,82.11000061035156,123.30999755859376,56.47999954223633,51.22999954223633,172.05999755859375,153.91000366210938,150.75999450683594,63.86000061035156
2026-03-06,257.4599914550781,230.1100006103516,109.55999755859376,215.0,283.6199951171875,315.8099975585937,226.2400054931641,212.32000732421875,324.739990234375,192.42999267578125,369.5299987792969,213.2100067138672,132.88999938964844,502.1400146484375,191.1699981689453,114.37999725341795,1292.800048828125,89.4749984741211,330.4800109863281,574.010009765625,301.0,231.1100006103516,130.7899932861328,48.63999938964844,26.239999771118164,45.060001373291016,182.01719665527344,955.4500122070312,60.290000915527344,498.9800109863281,71.3499984741211,110.4000015258789,106.52999877929688,680.9000244140625,328.0,296.94000244140625,319.0599975585937,42.91999816894531,93.55999755859376,249.5200042724609,31.90999984741211,317.1000061035156,197.22000122070312,117.06999969482422,998.0999755859376,109.83000183105467,202.1100006103516,107.24749755859376,78.63999938964844,189.94000244140625,589.77001953125,195.5,101.54000091552734,132.5,101.91999816894533,57.31999969482422,98.27999877929688,92.72000122070312,289.6400146484375,131.41000366210938,937.2000122070312,347.75,40.81999969482422,84.7699966430664,12.149999618530272,83.66999816894531,101.37999725341795,323.1099853515625,789.22998046875,143.92999267578125,75.20999908447266,298.29998779296875,298.5199890136719,821.4199829101562,24.90999984741211,357.9200134277344,246.7645568847656,77.08999633789062,38.59999847412109,258.8500061035156,166.19000244140625,70.48999786376953,43.41999816894531,481.1700134277344,490.1600036621094,250.88999938964844,240.3999938964844,289.4800109863281,24.540000915527344,134.4550018310547,77.04000091552734,64.91000366210938,18.38999938964844,484.739990234375,558.4400024414062,990.3300170898438,671.77001953125,251.88999938964844,199.3300018310547,522.3400268554688,328.0599975585937,919.260009765625,270.4700012207031,90.9000015258789,623.0800170898438,1787.8599853515625,71.83000183105469,644.8599853515625,153.41000366210938,78.69999694824219,66.51000213623047,115.79000091552734,89.56999969482422,160.27000427246094,408.9599914550781,133.52999877929688,370.2999877929688,91.0199966430664,99.0199966430664,57.0099983215332,124.33999633789062,177.82000732421875,38.58000183105469,152.9600067138672,165.0500030517578,159.42999267578125,27.049999237060547,153.6300048828125,210.6000061035156,134.5399932861328,157.16000366210938,169.97999572753906,46.970001220703125,135.69000244140625,57.16999816894531,209.75999450683597,202.25,98.98999786376952,31.1299991607666,80.25,329.8800048828125,31.309999465942383,180.47999572753903,437.4100036621094,97.4800033569336,18.899999618530277,21.479999542236328,427.9659423828125,672.3800048828125,364.55999755859375,28.63999938964844,65.44000244140625,120.79000091552734,159.3300018310547,501.9700012207031,30.290000915527344,144.14999389648438,396.7300109863281,338.8900146484375,29.280000686645508,193.22999572753903,75.12999725341797,286.4800109863281,254.1100006103516,102.36000061035156,13.25,48.77999877929688,317.3599853515625,195.4900054931641,84.25,224.6300048828125,93.5500030517578,14.510000228881836,241.77999877929688,456.6900024414063,158.64999389648438,54.470001220703125,51.119998931884766,80.41999816894531,123.8000030517578,56.56999969482422,50.56999969482422,169.94000244140625,152.6999969482422,151.2100067138672,63.099998474121094
2026-03-09,259.8800048828125,227.4499969482422,112.6500015258789,209.3600006103516,282.44000244140625,319.7099914550781,223.0399932861328,207.69000244140625,338.94000244140625,202.67999267578125,376.9700012207031,213.4900054931641,137.1699981689453,517.22998046875,189.7100067138672,117.62999725341795,1357.4200439453125,89.76000213623047,345.75,559.0599975585938,305.3800048828125,225.0,132.63999938964844,47.900001525878906,25.780000686645508,44.470001220703125,177.62759399414062,957.6699829101562,60.630001068115234,497.2000122070313,71.9000015258789,110.6500015258789,106.58999633789062,704.8200073242188,324.3999938964844,298.04998779296875,322.989990234375,43.310001373291016,93.0,267.95001220703125,31.040000915527344,319.0899963378906,199.7899932861328,117.02999877929688,1005.2999877929688,115.9800033569336,198.7899932861328,108.53250122070312,76.20999908447266,189.44000244140625,599.47998046875,198.8000030517578,101.66000366210938,131.0800018310547,100.41999816894533,58.45000076293945,98.98999786376952,92.62999725341795,280.739990234375,131.6699981689453,944.9099731445312,353.8699951171875,41.09000015258789,85.63999938964844,12.1899995803833,83.80999755859375,102.44000244140624,321.92999267578125,830.0999755859375,146.6300048828125,74.69000244140625,306.010009765625,306.3599853515625,832.030029296875,24.57999992370605,353.5599975585937,249.1767120361328,79.3499984741211,39.130001068115234,253.3300018310547,165.8000030517578,71.83000183105469,45.58000183105469,473.6700134277344,493.55999755859375,253.6199951171875,242.58999633789065,289.9200134277344,24.440000534057617,142.91000366210938,77.80000305175781,64.75,18.15999984741211,483.6199951171875,640.6900024414062,1008.3900146484376,664.1500244140625,250.22000122070312,211.1499938964844,517.719970703125,330.79998779296875,942.1599731445312,271.739990234375,91.33999633789062,629.239990234375,1769.52001953125,70.7699966430664,647.3900146484375,151.6300048828125,81.05999755859375,67.04000091552734,117.11000061035156,92.6500015258789,160.4499969482422,409.4100036621094,138.9499969482422,389.3200073242188,92.01000213623048,98.31999969482422,56.52999877929688,121.93000030517578,182.6499938964844,39.77999877929688,151.55999755859375,165.10000610351562,161.52999877929688,26.809999465942383,155.22000122070312,206.8000030517578,135.14999389648438,156.42999267578125,173.25,46.15999984741211,138.11000061035156,57.16999816894531,208.22999572753903,200.1000061035156,99.7699966430664,31.020000457763672,77.79000091552734,333.3999938964844,31.979999542236328,182.83999633789065,437.2200012207031,97.25,18.790000915527344,21.6200008392334,421.2677307128906,678.27001953125,365.9200134277344,27.530000686645508,67.0,120.13999938964844,158.13999938964844,509.9700012207031,29.489999771118164,145.5,398.6799926757813,348.70001220703125,28.559999465942383,196.1999969482422,73.83999633789062,285.1700134277344,253.6100006103516,99.94000244140624,13.329999923706056,51.06999969482422,315.9700012207031,195.57000732421875,84.63999938964844,215.9499969482422,93.76000213623048,14.479999542236328,264.3500061035156,460.8699951171875,163.6199951171875,55.130001068115234,50.45000076293945,78.83000183105469,124.33999633789062,56.31999969482422,50.33000183105469,170.94000244140625,154.25999450683594,150.44000244140625,61.290000915527344
2026-03-10,260.8299865722656,227.00999450683597,110.5500030517578,201.6300048828125,275.1300048828125,318.8099975585937,217.3699951171875,207.5,345.8800048828125,203.22999572753903,375.4299926757813,214.3300018310547,139.6199951171875,477.3900146484375,185.16000366210935,120.5500030517578,1383.4000244140625,87.52999877929688,342.5799865722656,529.969970703125,303.1499938964844,217.75999450683597,136.85000610351562,48.560001373291016,25.21999931335449,42.27000045776367,174.8708038330078,967.3599853515624,60.130001068115234,494.1400146484375,69.95999908447266,109.95999908447266,108.97000122070312,716.6799926757812,325.239990234375,293.2900085449219,317.0899963378906,45.02999877929688,92.48999786376952,269.20001220703125,31.06999969482422,306.3399963378906,196.5200042724609,114.1500015258789,997.3599853515624,112.33000183105467,194.91000366210935,109.0824966430664,77.69999694824219,186.2899932861328,592.719970703125,195.22000122070312,101.31999969482422,129.69000244140625,95.18000030517578,58.68000030517578,99.22000122070312,94.2699966430664,282.67999267578125,127.88999938964844,956.0700073242188,361.05999755859375,41.09999847412109,86.45999908447266,12.239999771118164,84.19999694824219,103.37000274658205,326.5199890136719,839.2000122070312,148.55999755859375,74.93000030517578,306.92999267578125,307.0400085449219,833.8099975585938,23.190000534057617,357.1499938964844,252.343994140625,78.52999877929688,39.709999084472656,250.1999969482422,160.1699981689453,72.11000061035156,46.77999877929688,453.9500122070313,485.8500061035156,253.3600006103516,243.7100067138672,288.7300109863281,23.65999984741211,145.29400634765625,77.87999725341797,64.72000122070312,17.959999084472656,477.9400024414063,672.0,1001.3499755859376,651.219970703125,251.1100006103516,215.22999572753903,514.719970703125,327.94000244140625,928.6900024414062,270.5599975585937,89.88999938964844,626.4400024414062,1742.0899658203125,70.5999984741211,654.0700073242188,155.25,77.5999984741211,67.13999938964844,117.08999633789062,93.3000030517578,160.75,405.760009765625,138.4600067138672,403.1099853515625,91.54000091552734,96.94000244140624,56.08000183105469,116.61000061035156,184.7700042724609,38.720001220703125,149.39999389648438,165.5800018310547,160.77999877929688,27.15999984741211,156.00999450683594,206.9600067138672,136.16000366210938,151.13999938964844,172.8699951171875,45.02000045776367,135.1999969482422,55.95000076293945,207.0,195.8300018310547,100.7699966430664,30.899999618530277,76.27999877929688,330.3299865722656,31.790000915527344,175.32000732421875,432.6499938964844,96.2699966430664,18.290000915527344,21.68000030517578,411.9583740234375,677.1799926757812,358.6499938964844,27.709999084472656,73.95999908447266,120.73999786376952,159.52999877929688,500.0799865722656,28.899999618530277,148.27000427246094,399.239990234375,347.0899963378906,27.65999984741211,197.4600067138672,72.36000061035156,282.3399963378906,250.2100067138672,100.91999816894533,12.380000114440918,52.310001373291016,314.42999267578125,189.69000244140625,84.66999816894531,217.0200042724609,93.62000274658205,14.460000038146973,270.0599975585937,499.1700134277344,164.39999389648438,55.5099983215332,50.709999084472656,78.30000305175781,125.12000274658205,55.59999847412109,50.060001373291016,170.02000427246094,153.14999389648438,148.1300048828125,59.45000076293945
2026-03-11,260.8099975585937,227.67999267578125,110.25,201.47999572753903,273.7099914550781,319.2200012207031,213.0,205.58999633789065,351.07000732421875,204.8300018310547,377.6400146484375,212.6499938964844,138.22999572753906,461.4500122070313,178.99000549316406,120.0999984741211,1386.6800537109375,88.20999908447266,341.57000732421875,517.5700073242188,305.989990234375,214.1000061035156,136.2899932861328,48.52000045776367,24.96999931335449,41.209999084472656,172.8968048095703,951.1699829101562,59.97999954223633,493.5700073242188,69.62999725341797,107.25,109.19000244140624,707.5900268554688,322.760009765625,294.1600036621094,300.69000244140625,45.720001220703125,89.61000061035156,265.79998779296875,30.56999969482422,303.3299865722656,198.6300048828125,117.02999877929688,992.22998046875,115.91000366210938,194.1300048828125,110.50749969482422,78.0999984741211,191.7899932861328,594.0399780273438,195.05999755859372,100.88999938964844,130.02999877929688,98.80999755859376,58.83000183105469,99.01000213623048,91.54000091552734,289.7900085449219,132.50999450683594,973.4299926757812,355.7900085449219,40.79999923706055,85.7300033569336,12.109999656677246,83.4800033569336,101.36000061035156,325.1499938964844,847.6500244140625,146.0,74.79000091552734,308.4200134277344,308.70001220703125,823.760009765625,23.15999984741211,350.8399963378906,251.116943359375,78.69000244140625,40.06999969482422,248.8699951171875,157.02000427246094,72.2699966430664,47.97999954223633,440.4500122070313,492.8699951171875,252.8500061035156,242.9900054931641,287.5199890136719,23.13999938964844,146.5,77.62999725341797,63.97999954223633,17.649999618530273,481.5499877929688,672.0,999.8400268554688,649.469970703125,246.8800048828125,218.8699951171875,504.0,325.2099914550781,934.2899780273438,270.57000732421875,88.97000122070312,624.530029296875,1766.0999755859375,69.95999908447266,654.8599853515625,155.1699981689453,76.02999877929688,66.33999633789062,116.20999908447266,90.44000244140624,160.88999938964844,404.8800048828125,138.3300018310547,418.6900024414063,91.66000366210938,94.88999938964844,55.70000076293945,115.62999725341795,186.02999877929688,38.83000183105469,163.1199951171875,164.92999267578125,160.14999389648438,27.299999237060547,153.32000732421875,201.22000122070312,134.39999389648438,151.60000610351562,166.83999633789062,45.56999969482422,134.1199951171875,57.52000045776367,207.25999450683597,191.22000122070312,101.44000244140624,31.0,75.3499984741211,322.739990234375,31.790000915527344,179.42999267578125,432.9800109863281,96.26000213623048,18.530000686645508,21.489999771118164,405.8278198242188,676.3300170898438,345.7799987792969,27.15999984741211,71.16000366210938,118.77999877929688,157.8800048828125,495.7200012207031,28.700000762939453,145.4199981689453,407.8200073242188,354.5599975585937,27.280000686645508,198.6699981689453,74.97000122070312,285.25,251.1100006103516,100.8000030517578,12.40999984741211,51.36000061035156,308.9599914550781,187.08999633789065,84.52999877929688,231.0500030517578,92.6500015258789,14.399999618530272,268.260009765625,492.3800048828125,159.16000366210938,55.560001373291016,50.68000030517578,76.87999725341797,123.48999786376952,56.97999954223633,49.63999938964844,169.49000549316406,152.85000610351562,151.5800018310547,58.5
2026-03-12,255.75999450683597,225.3699951171875,108.13999938964844,196.0500030517578,269.7799987792969,307.2699890136719,207.4499969482422,205.02999877929688,337.2699890136719,197.7400054931641,367.7900085449219,209.52999877929688,134.02999877929688,449.3299865722656,176.1199951171875,115.12000274658205,1351.5799560546875,87.08999633789062,335.9700012207031,499.3999938964844,301.8900146484375,204.75999450683597,134.1999969482422,47.130001068115234,23.770000457763672,39.650001525878906,168.70840454101562,922.9000244140624,58.95000076293945,491.8900146484375,68.55000305175781,102.12000274658205,105.5,700.6900024414062,329.5599975585937,290.32000732421875,301.54998779296875,43.68000030517578,87.94999694824219,264.8900146484375,30.15999984741211,311.19000244140625,193.22999572753903,120.26000213623048,1003.3200073242188,111.56999969482422,199.27999877929688,110.38500213623048,77.73999786376953,196.97000122070312,585.8300170898438,186.25999450683597,99.43000030517578,131.82000732421875,94.91999816894533,56.95000076293945,97.45999908447266,84.29000091552734,287.8900146484375,133.0399932861328,971.469970703125,348.6400146484375,40.34000015258789,84.19000244140625,12.039999961853027,84.4000015258789,99.3000030517578,306.70001220703125,832.1099853515625,145.2100067138672,73.44999694824219,303.2099914550781,303.54998779296875,787.52001953125,22.81999969482422,338.92999267578125,244.78237915039065,76.12000274658203,39.95000076293945,247.67999267578125,158.61000061035156,69.97000122070312,45.25,435.1300048828125,479.2699890136719,247.41000366210935,242.0399932861328,282.8900146484375,22.32999992370605,140.95700073242188,77.61000061035156,63.459999084472656,17.389999389648438,490.4100036621094,616.0900268554688,977.25,652.8300170898438,239.4499969482422,209.4900054931641,497.30999755859375,323.9100036621094,944.3599853515624,260.67999267578125,87.37999725341797,611.77001953125,1680.0,68.79000091552734,638.1799926757812,149.10000610351562,73.58000183105469,67.72000122070312,115.91000366210938,87.66999816894531,154.3699951171875,401.8599853515625,137.33999633789062,405.3500061035156,91.7300033569336,94.30999755859376,54.130001068115234,112.97000122070312,183.13999938964844,38.02000045776367,159.16000366210938,168.1199951171875,158.86000061035156,26.86000061035156,150.5,205.17999267578125,131.89999389648438,153.5,172.0,44.36000061035156,131.14999389648438,54.02000045776367,203.0399932861328,190.5,100.18000030517578,30.81999969482422,78.83999633789062,317.70001220703125,30.899999618530277,177.25,418.7200012207031,97.83999633789062,17.700000762939453,21.459999084472656,397.0671691894531,666.0599975585938,337.2099914550781,27.38999938964844,69.16999816894531,115.75,155.7899932861328,475.8900146484375,27.600000381469727,142.6699981689453,395.010009765625,336.7099914550781,26.524999618530277,190.0500030517578,72.97000122070312,277.04998779296875,244.1000061035156,97.88999938964844,11.859999656677246,50.77000045776367,306.5,180.7899932861328,83.30000305175781,235.80999755859372,92.01000213623048,14.3100004196167,265.3800048828125,478.1300048828125,159.5800018310547,54.310001373291016,50.630001068115234,75.25,125.33000183105467,57.5099983215332,48.83000183105469,165.24000549316406,150.16000366210938,153.52999877929688,56.06999969482422
2026-03-13,250.1199951171875,219.67999267578125,108.02999877929688,196.6499938964844,249.32000732421875,306.07000732421875,208.5200042724609,206.1699981689453,341.5299987792969,193.38999938964844,366.2099914550781,207.6699981689453,133.57000732421875,458.6700134277344,172.5,115.75,1345.68994140625,86.33999633789062,322.1600036621094,496.1799926757813,299.9599914550781,209.88999938964844,135.2100067138672,46.720001220703125,24.1299991607666,39.790000915527344,169.65040588378906,924.1099853515624,59.08000183105469,490.0299987792969,69.12999725341797,106.77999877929688,105.69000244140624,693.989990234375,328.9700012207031,287.0299987792969,301.7699890136719,44.56999969482422,88.83999633789062,263.4599914550781,30.15999984741211,311.3999938964844,195.52999877929688,121.88999938964844,1008.4299926757812,117.69000244140624,192.8300018310547,110.44499969482422,78.33000183105469,196.82000732421875,577.5,187.32000732421875,99.29000091552734,133.14999389648438,98.38999938964844,56.79999923706055,96.3000030517578,87.87999725341797,291.6300048828125,133.60000610351562,969.9000244140624,355.3999938964844,39.84000015258789,83.36000061035156,11.670000076293944,83.44000244140625,93.26000213623048,299.69000244140625,805.02001953125,144.99000549316406,72.38999938964844,301.4599914550781,302.2799987792969,782.2100219726562,22.690000534057617,339.0299987792969,245.9360198974609,73.38999938964844,40.369998931884766,246.27999877929688,159.1999969482422,69.7300033569336,45.77000045776367,439.9599914550781,472.1600036621094,246.58999633789065,241.5200042724609,283.44000244140625,22.57999992370605,141.86399841308594,77.33999633789062,63.11000061035156,17.489999771118164,493.9200134277344,622.5,985.0800170898438,646.0,237.58999633789065,212.1999969482422,497.989990234375,326.4599914550781,940.9099731445312,260.5,87.13999938964844,611.010009765625,1670.0,67.97000122070312,613.7100219726562,150.9600067138672,74.86000061035156,67.88999938964844,115.61000061035156,87.86000061035156,154.8699951171875,395.5499877929688,139.6699981689453,426.1300048828125,92.77999877929688,95.30999755859376,53.97999954223633,113.62000274658205,180.25,37.959999084472656,155.11000061035156,167.02000427246094,159.8800048828125,26.57999992370605,150.64999389648438,205.1699981689453,131.75,150.9499969482422,174.66000366210938,44.900001525878906,129.82000732421875,53.43000030517578,204.5200042724609,189.94000244140625,99.1500015258789,30.799999237060547,82.05999755859375,319.7799987792969,30.75,178.66000366210938,412.6300048828125,98.01000213623048,17.760000228881836,21.489999771118164,399.7067260742188,662.2899780273438,336.7699890136719,27.71999931335449,69.94000244140625,117.33999633789062,155.42999267578125,464.3699951171875,27.600000381469727,142.10000610351562,391.2000122070313,338.3099975585937,27.34000015258789,190.77999877929688,73.33000183105469,282.0899963378906,242.44000244140625,97.20999908447266,12.210000038146973,49.290000915527344,307.1400146484375,178.8800048828125,82.16000366210938,230.58999633789065,92.16000366210938,14.40999984741211,258.8800048828125,469.3399963378906,158.9499969482422,54.02000045776367,51.380001068115234,74.0999984741211,126.5199966430664,57.70000076293945,48.88999938964844,164.64999389648438,149.7899932861328,156.1199951171875,56.7400016784668
2026-03-16,252.82000732421875,221.4499969482422,109.9499969482422,199.30999755859372,251.8600006103516,310.9200134277344,209.1100006103516,207.80999755859372,346.17999267578125,196.5800018310547,366.25,211.7400054931641,135.35000610351562,453.2999877929688,170.39999389648438,121.6999969482422,1375.56005859375,89.11000061035156,324.9200134277344,489.6400146484375,298.20001220703125,213.47000122070312,136.7100067138672,47.060001373291016,24.38999938964844,39.59000015258789,171.72079467773438,943.260009765625,59.709999084472656,492.2099914550781,69.79000091552734,107.12000274658205,107.3499984741211,699.780029296875,330.1199951171875,292.7200012207031,305.5799865722656,43.61000061035156,90.3000030517578,270.5299987792969,30.34000015258789,313.8299865722656,203.32000732421875,121.31999969482422,1001.739990234375,116.87999725341795,198.33999633789065,105.95999908447266,78.9000015258789,196.83999633789065,572.47998046875,191.38999938964844,98.66000366210938,133.4600067138672,101.9499969482422,58.380001068115234,98.0999984741211,88.76000213623047,292.07000732421875,134.50999450683594,984.4600219726562,361.0400085449219,40.52000045776367,85.06999969482422,11.710000038146973,84.48999786376953,94.37999725341795,304.0,827.3699951171875,145.2100067138672,72.94999694824219,304.4200134277344,305.5599975585937,794.77001953125,22.56999969482422,342.5799865722656,245.94651794433597,75.30999755859375,41.93999862670898,249.25,161.49000549316406,71.61000061035156,45.7599983215332,452.30999755859375,483.4599914550781,248.9199981689453,243.19000244140625,286.1600036621094,22.709999084472656,143.82400512695312,77.81999969482422,63.459999084472656,17.709999084472656,497.4100036621094,624.8400268554688,989.1199951171876,645.2000122070312,242.1100006103516,219.3999938964844,508.5,326.6499938964844,943.25,266.95001220703125,88.23999786376953,615.4000244140625,1732.3299560546875,69.16000366210938,627.4500122070312,149.9499969482422,74.4000015258789,67.52999877929688,115.43000030517578,91.58000183105467,155.6999969482422,399.9500122070313,147.52000427246094,441.7999877929688,92.81999969482422,95.1999969482422,54.790000915527344,114.87999725341795,183.22000122070312,38.58000183105469,155.97000122070312,167.4499969482422,157.72000122070312,26.61000061035156,152.1199951171875,204.7100067138672,134.07000732421875,152.72000122070312,174.77999877929688,45.41999816894531,129.38999938964844,51.66999816894531,206.05999755859372,191.6300048828125,97.81999969482422,30.8700008392334,81.7300033569336,322.7099914550781,31.86000061035156,174.39999389648438,425.8800048828125,99.11000061035156,17.6299991607666,21.649999618530277,403.5856323242188,669.030029296875,349.5599975585937,27.729999542236328,71.87000274658203,117.0500030517578,156.02000427246094,470.0,28.100000381469727,141.77999877929688,395.55999755859375,340.2300109863281,27.07999992370605,194.1300048828125,74.66000366210938,285.489990234375,242.2100067138672,97.4000015258789,11.949999809265137,49.95000076293945,310.1099853515625,185.27999877929688,83.52999877929688,232.57000732421875,92.93000030517578,14.600000381469728,264.739990234375,466.1000061035156,161.99000549316406,55.02000045776367,50.970001220703125,75.75,125.98999786376952,57.900001525878906,49.29999923706055,166.05999755859375,151.00999450683594,157.22999572753906,57.56999969482422
2026-03-17,254.22999572753903,219.75999450683597,110.70999908447266,198.66000366210935,254.1999969482422,313.6600036621094,209.72999572753903,207.2700042724609,352.4599914550781,196.30999755859372,361.1300048828125,215.1999969482422,133.07000732421875,459.0899963378906,168.47999572753906,127.30999755859376,1389.1600341796875,95.6999969482422,321.3099975585937,506.5700073242188,300.2699890136719,210.82000732421875,136.57000732421875,47.27999877929688,24.6200008392334,41.16999816894531,177.69320678710938,971.010009765625,59.709999084472656,492.5799865722656,71.19999694824219,112.0,107.70999908447266,702.0,330.8699951171875,293.75,307.69000244140625,43.959999084472656,89.94000244140625,281.95001220703125,30.07999992370605,313.3299865722656,210.22999572753903,122.87000274658205,996.1599731445312,104.05999755859376,195.30999755859372,108.3000030517578,79.2699966430664,197.97000122070312,574.260009765625,195.2100067138672,100.3000030517578,132.9499969482422,104.36000061035156,58.75,98.37000274658205,88.91000366210938,295.75,135.72000122070312,976.8800048828124,363.9500122070313,40.7400016784668,85.08000183105469,11.9399995803833,83.16000366210938,93.95999908447266,302.0899963378906,844.0499877929688,144.39999389648438,74.04000091552734,309.4100036621094,310.9200134277344,807.0399780273438,22.8799991607666,341.42999267578125,242.7058258056641,77.3499984741211,42.27000045776367,256.1099853515625,160.82000732421875,72.05999755859375,44.060001373291016,459.2799987792969,482.760009765625,250.0500030517578,238.1100006103516,286.8900146484375,22.88999938964844,148.13499450683594,77.58000183105469,63.45000076293945,17.770000457763672,494.0499877929688,649.5599975585938,930.3499755859376,636.3300170898438,239.7100067138672,226.47000122070312,506.5799865722656,326.29998779296875,941.8900146484376,272.2699890136719,88.44000244140625,621.0,1728.1400146484375,69.30000305175781,622.6599731445312,149.05999755859375,75.27999877929688,66.97000122070312,115.87000274658205,90.79000091552734,157.8300018310547,399.4100036621094,150.27999877929688,461.6900024414063,92.52999877929688,94.36000061035156,55.119998931884766,116.72000122070312,181.92999267578125,38.43000030517578,154.69000244140625,169.19000244140625,156.5,27.450000762939453,151.47999572753906,203.7899932861328,133.2100067138672,155.0800018310547,172.8300018310547,46.130001068115234,131.58999633789062,52.060001373291016,203.3300018310547,190.1199951171875,97.56999969482422,30.950000762939453,81.06999969482422,320.70001220703125,31.51000022888184,174.60000610351562,429.2900085449219,98.2699966430664,17.3700008392334,20.920000076293945,409.59320068359375,670.7899780273438,349.1099853515625,27.850000381469727,69.19999694824219,116.76000213623048,155.3800048828125,472.7099914550781,28.38999938964844,143.16000366210938,399.2699890136719,345.9800109863281,25.06999969482422,194.4499969482422,77.79000091552734,287.57000732421875,242.32000732421875,97.7699966430664,12.350000381469728,50.52000045776367,308.4599914550781,186.6999969482422,83.9000015258789,235.9600067138672,93.33999633789062,14.75,268.4100036621094,462.489990234375,164.3300018310547,55.2599983215332,50.52000045776367,76.2300033569336,125.08000183105467,58.5099983215332,49.560001373291016,166.5,149.63999938964844,158.80999755859375,58.209999084472656
2026-03-18,249.94000244140625,208.33999633789065,108.48999786376952,195.1499938964844,246.0,308.5899963378906,208.27999877929688,204.3800048828125,349.4700012207031,199.4600067138672,351.4800109863281,209.8699951171875,136.07000732421875,442.5700073242188,167.6699981689453,128.36000061035156,1355.1700439453125,90.73999786376952,315.92999267578125,508.4100036621094,294.3900146484375,205.9900054931641,134.42999267578125,46.83000183105469,23.670000076293945,39.97999954223633,175.25559997558594,968.3099975585938,59.369998931884766,484.4700012207031,71.27999877929688,113.52999877929688,108.66999816894533,693.6199951171875,327.9800109863281,289.6400146484375,317.2200012207031,41.5,87.5199966430664,273.5799865722656,28.56999969482422,308.8999938964844,202.2899932861328,123.6500015258789,979.9199829101562,101.72000122070312,194.33999633789065,108.95249938964844,77.5999984741211,198.6100006103516,571.02001953125,191.5,99.41999816894533,130.75,100.0500030517578,57.560001373291016,96.69000244140624,86.0199966430664,294.95001220703125,137.52000427246094,973.5599975585938,360.5400085449219,39.7599983215332,84.1500015258789,11.789999961853027,83.38999938964844,88.11000061035156,300.9599914550781,858.469970703125,141.2899932861328,73.52999877929688,306.29998779296875,307.69000244140625,805.47998046875,22.6299991607666,330.92999267578125,241.13267517089844,74.9000015258789,40.2599983215332,251.6000061035156,157.16000366210938,70.61000061035156,45.02999877929688,446.7900085449219,477.7300109863281,246.0200042724609,237.27999877929688,287.739990234375,22.07999992370605,148.23599243164062,75.97000122070312,62.619998931884766,17.510000228881836,488.5700073242188,700.8099975585938,918.0499877929688,642.280029296875,231.08999633789065,224.7100067138672,488.4700012207031,315.7300109863281,920.3499755859376,268.5199890136719,87.20999908447266,615.22998046875,1690.260009765625,68.5999984741211,615.6799926757812,145.0800018310547,73.97000122070312,65.12999725341797,114.5,87.62000274658203,158.92999267578125,391.7900085449219,140.55999755859375,461.7300109863281,90.95999908447266,94.6999969482422,53.470001220703125,113.70999908447266,180.3999938964844,37.45000076293945,152.89999389648438,168.91000366210938,153.5399932861328,27.31999969482422,146.7100067138672,201.1699981689453,131.1999969482422,152.77000427246094,166.13999938964844,44.59000015258789,130.47000122070312,52.09000015258789,204.55999755859372,183.7400054931641,92.66000366210938,30.57999992370605,84.33000183105469,312.1199951171875,30.350000381469727,173.25,428.6700134277344,96.54000091552734,17.18000030517578,20.3799991607666,403.6329345703125,661.4299926757812,345.8099975585937,27.40999984741211,66.0,115.0500030517578,152.8699951171875,464.6900024414063,27.850000381469727,140.2899932861328,392.7799987792969,339.57000732421875,23.549999237060547,190.77999877929688,76.66000366210938,284.3299865722656,236.57000732421875,96.83999633789062,12.09000015258789,49.06999969482422,299.0199890136719,184.02999877929688,82.26000213623047,238.4600067138672,91.95999908447266,14.369999885559082,264.7099914550781,451.5899963378906,170.1199951171875,54.209999084472656,49.59000015258789,76.19000244140625,121.9800033569336,58.43000030517578,48.970001220703125,165.17999267578125,147.13999938964844,157.58999633789062,57.060001373291016
2026-03-19,248.9600067138672,206.22999572753903,107.19000244140624,203.5500030517578,245.9900054931641,310.44000244140625,210.66000366210935,204.07000732421875,357.2099914550781,205.2700042724609,349.9200134277344,208.75999450683597,136.25999450683594,439.9200134277344,166.8000030517578,129.82000732421875,1366.3900146484375,94.08999633789062,319.8399963378906,502.1799926757813,294.92999267578125,201.17999267578125,124.9000015258789,47.0099983215332,23.8700008392334,40.869998931884766,171.7716064453125,969.5999755859376,58.11000061035156,481.4800109863281,69.88999938964844,113.47000122070312,109.8499984741211,688.6500244140625,323.6400146484375,287.3999938964844,316.4700012207031,42.959999084472656,85.5,284.29998779296875,28.979999542236328,310.7099914550781,202.91000366210935,126.0199966430664,974.780029296875,107.08999633789062,194.9900054931641,107.04499816894533,78.51000213623047,201.44000244140625,567.5800170898438,190.1100006103516,99.1999969482422,129.74000549316406,99.6050033569336,57.619998931884766,96.5199966430664,85.5999984741211,291.1499938964844,138.82000732421875,974.760009765625,360.2300109863281,39.68999862670898,84.08000183105469,11.640000343322754,83.12000274658203,82.9000015258789,291.6099853515625,877.3900146484375,141.11000061035156,73.79000091552734,305.7300109863281,307.1300048828125,809.5,22.88999938964844,328.2099914550781,240.1992645263672,74.16000366210938,39.81999969482422,250.3699951171875,158.5,70.73999786376953,46.18000030517578,455.239990234375,479.9299926757813,247.6300048828125,237.6000061035156,287.9700012207031,21.76000022888184,151.15199279785156,75.55000305175781,63.18999862670898,17.43000030517578,489.7999877929688,772.1300048828125,917.5,637.510009765625,229.7100067138672,233.9900054931641,491.1400146484375,309.5799865722656,898.9500122070312,270.1600036621094,86.87000274658203,616.760009765625,1666.9300537109375,68.61000061035156,606.7000122070312,142.7100067138672,74.7300033569336,65.06999969482422,114.1999969482422,89.52999877929688,158.5500030517578,389.0199890136719,138.24000549316406,444.2699890136719,92.41000366210938,91.73999786376952,53.43999862670898,113.2699966430664,178.55999755859375,37.08000183105469,155.52000427246094,169.74000549316406,152.74000549316406,27.40999984741211,144.83999633789062,202.67999267578125,131.08999633789062,155.67999267578125,163.3699951171875,44.18999862670898,131.27999877929688,50.91999816894531,200.72999572753903,185.00999450683597,95.83000183105467,30.59000015258789,84.5199966430664,310.3800048828125,30.790000915527344,175.39999389648438,428.25,96.2300033569336,17.079999923706055,20.6200008392334,403.1598815917969,659.7999877929688,339.760009765625,27.739999771118164,64.83000183105469,114.47000122070312,154.67999267578125,470.2099914550781,27.399999618530277,142.8000030517578,380.2999877929688,338.7900085449219,23.51000022888184,188.2899932861328,75.33999633789062,280.44000244140625,234.17999267578125,96.55999755859376,11.350000381469728,48.27000045776367,299.7099914550781,185.58999633789065,82.02999877929688,242.07000732421875,91.58999633789062,14.420000076293944,269.1700134277344,458.0499877929688,167.3699951171875,54.0099983215332,49.47999954223633,76.38999938964844,121.08999633789062,59.36000061035156,48.9900016784668,164.05999755859375,146.61000061035156,158.16000366210938,57.02000045776367
2026-03-20,247.9900054931641,205.07000732421875,105.45999908447266,199.9900054931641,248.1499938964844,309.42999267578125,208.69000244140625,205.6199951171875,357.0599975585937,201.3300018310547,347.79998779296875,205.3699951171875,131.22000122070312,442.3900146484375,166.10000610351562,132.35000610351562,1317.25,89.93000030517578,310.510009765625,496.2699890136719,295.5,195.1199951171875,122.41000366210938,47.15999984741211,23.459999084472656,39.84999847412109,172.9615936279297,957.9099731445312,57.47999954223633,480.9400024414063,69.4800033569336,110.43000030517578,109.5199966430664,680.8800048828125,322.5799865722656,283.8999938964844,281.989990234375,41.5099983215332,85.12000274658203,269.1000061035156,29.020000457763672,307.32000732421875,197.5,126.91999816894533,972.3300170898438,103.4000015258789,195.3800048828125,102.25,77.6500015258789,201.72999572753903,559.72998046875,189.3500061035156,99.51000213623048,126.80999755859376,98.0500030517578,55.63999938964844,93.58999633789062,85.91999816894531,291.4800109863281,138.72999572753906,959.1599731445312,356.79998779296875,38.20000076293945,81.19999694824219,11.520000457763672,81.4000015258789,80.12000274658203,286.7900085449219,851.0700073242188,137.2100067138672,72.80999755859375,298.7900085449219,301.0,813.530029296875,22.25,320.75,232.3020477294922,70.88999938964844,39.77000045776367,241.7700042724609,158.42999267578125,68.37000274658203,43.869998931884766,455.55999755859375,477.9700012207031,242.22000122070312,235.3699951171875,286.5599975585937,21.56999969482422,149.86700439453125,74.75,63.040000915527344,17.399999618530273,488.1499938964844,706.3499755859375,906.7000122070312,627.4299926757812,224.6300048828125,228.3600006103516,496.3200073242188,308.8500061035156,885.8400268554688,261.1600036621094,86.16000366210938,601.469970703125,1635.760009765625,68.55999755859375,593.6599731445312,141.1999969482422,73.8499984741211,64.47000122070312,114.18000030517578,87.91000366210938,161.47000122070312,381.8699951171875,135.66000366210938,422.8999938964844,89.5,91.81999969482422,52.369998931884766,110.37999725341795,172.6999969482422,36.52999877929688,149.67999267578125,162.9499969482422,150.0399932861328,26.96999931335449,144.27999877929688,206.0,128.00999450683594,150.67999267578125,163.11000061035156,44.0099983215332,129.89999389648438,49.27999877929688,198.16000366210935,175.8000030517578,92.5500030517578,30.38999938964844,81.80000305175781,303.5299987792969,20.530000686645508,168.02000427246094,420.3200073242188,93.38999938964844,16.899999618530273,20.21999931335449,401.5421142578125,648.5700073242188,335.6700134277344,28.309999465942383,63.5,113.26000213623048,154.97999572753906,474.3900146484375,27.459999084472656,140.8800048828125,367.9599914550781,329.239990234375,24.11000061035156,187.19000244140625,73.88999938964844,275.5899963378906,234.9199981689453,95.86000061035156,11.279999732971191,46.43999862670898,301.6199951171875,184.07000732421875,79.18000030517578,239.8600006103516,88.75,14.329999923706056,255.8800048828125,454.0,146.02000427246094,52.560001373291016,49.97999954223633,77.5999984741211,119.0199966430664,59.310001373291016,49.08000183105469,161.6699981689453,145.3300018310547,159.6699981689453,57.06999969482422
2026-03-23,251.4900054931641,204.92999267578125,104.8499984741211,200.0200042724609,247.63999938964844,312.19000244140625,209.7100067138672,207.75999450683597,361.7900085449219,202.67999267578125,349.7699890136719,210.13999938964844,135.8800048828125,458.9500122070313,166.97000122070312,136.88999938964844,1369.6199951171875,88.41999816894531,322.510009765625,507.2799987792969,301.9100036621094,198.41000366210935,126.05999755859376,47.52000045776367,23.899999618530277,40.4900016784668,175.87159729003906,974.5800170898438,57.0,479.9800109863281,69.54000091552734,109.3499984741211,111.63999938964844,701.7000122070312,326.3699951171875,292.5199890136719,289.760009765625,39.650001525878906,85.1500015258789,286.9800109863281,29.01000022888184,306.5599975585937,200.6199951171875,127.19000244140624,965.72998046875,105.0999984741211,195.17999267578125,103.32749938964844,78.81999969482422,205.2100067138672,569.030029296875,190.0,97.9499969482422,127.33999633789062,99.75,57.310001373291016,95.83999633789062,79.29000091552734,289.239990234375,139.67999267578125,966.9600219726562,359.739990234375,39.31999969482422,83.55000305175781,11.760000228881836,82.7699966430664,83.37999725341797,291.5400085449219,882.6400146484375,137.33999633789062,75.72000122070312,299.0199890136719,302.0599975585937,831.27001953125,22.270000457763672,330.8999938964844,233.88568115234372,72.48999786376953,40.04999923706055,248.44000244140625,157.1699981689453,70.45999908447266,44.0099983215332,457.0199890136719,478.0400085449219,247.4499969482422,235.4199981689453,289.9100036621094,21.209999084472656,151.14300537109375,75.11000061035156,63.810001373291016,17.600000381469727,478.0499877929688,728.9500122070312,910.5499877929688,616.25,234.25,233.30999755859372,500.3800048828125,308.4700012207031,877.010009765625,273.25,87.16999816894531,612.6699829101562,1666.0799560546875,69.18000030517578,604.0599975585938,146.55999755859375,75.47000122070312,64.38999938964844,115.68000030517578,90.16000366210938,164.32000732421875,383.0,138.1999969482422,404.3500061035156,90.2300033569336,93.37999725341795,52.709999084472656,110.9499969482422,175.63999938964844,36.81999969482422,154.33999633789062,164.0500030517578,150.8800048828125,26.770000457763672,143.99000549316406,205.1000061035156,130.30999755859375,160.83999633789062,163.24000549316406,45.4900016784668,128.35000610351562,51.18000030517578,194.82000732421875,178.16000366210938,93.83000183105467,30.540000915527344,78.9000015258789,313.95001220703125,21.57999992370605,174.1999969482422,432.4800109863281,93.75,17.149999618530273,20.68000030517578,405.74267578125,655.3800048828125,332.5899963378906,28.76000022888184,64.55999755859375,114.93000030517578,156.5,478.1199951171875,27.559999465942383,144.4199981689453,380.8500061035156,338.45001220703125,23.950000762939453,188.6300048828125,75.12000274658203,269.5400085449219,238.3699951171875,97.66999816894533,11.420000076293944,48.150001525878906,304.44000244140625,185.22999572753903,81.04000091552734,237.38999938964844,89.44000244140625,14.479999542236328,256.0,451.239990234375,151.2899932861328,53.79999923706055,50.58000183105469,78.27999877929688,120.72000122070312,59.630001068115234,49.27000045776367,163.0500030517578,144.77000427246094,161.1300048828125,57.709999084472656
2026-03-24,251.63999938964844,205.1999969482422,104.05999755859376,193.5399932861328,238.8699951171875,321.8299865722656,204.88999938964844,207.30999755859372,373.989990234375,205.3699951171875,348.42999267578125,207.2400054931641,130.8000030517578,435.9100036621094,161.0500030517578,134.9600067138672,1399.4200439453125,86.9800033569336,318.2900085449219,456.6000061035156,302.0,196.4199981689453,125.4800033569336,48.13999938964844,23.670000076293945,38.5,171.62600708007812,976.0599975585938,57.38999938964844,479.3299865722656,68.1500015258789,107.9800033569336,113.73999786376952,716.6300048828125,325.6099853515625,284.32000732421875,294.8500061035156,37.04999923706055,84.52999877929688,301.5199890136719,29.21999931335449,302.67999267578125,181.0399932861328,129.35000610351562,973.8200073242188,100.3000030517578,183.0200042724609,98.24749755859376,80.86000061035156,206.7899932861328,583.02001953125,190.1000061035156,96.38999938964844,127.37999725341795,97.68000030517578,56.52000045776367,95.2699966430664,71.4800033569336,290.3299865722656,142.52999877929688,964.530029296875,374.1000061035156,38.95000076293945,83.27999877929688,11.84000015258789,79.33999633789062,83.5,290.6300048828125,909.4099731445312,138.11000061035156,76.56999969482422,289.20001220703125,290.44000244140625,835.719970703125,20.65999984741211,330.9100036621094,232.37545776367188,69.08000183105469,39.27999877929688,240.58999633789065,155.82000732421875,69.3499984741211,44.060001373291016,432.4500122070313,471.9100036621094,248.77999877929688,235.2700042724609,292.3999938964844,21.31999969482422,156.61900329589844,74.66999816894531,64.33999633789062,17.549999237060547,479.8399963378906,801.989990234375,903.02001953125,610.1699829101562,234.42999267578125,238.83999633789065,498.9299926757813,307.8399963378906,881.9400024414062,253.75999450683597,86.58000183105469,617.7899780273438,1612.02001953125,69.88999938964844,592.9199829101562,146.6699981689453,72.37000274658203,64.31999969482422,116.37000274658205,92.36000061035156,165.8699951171875,372.739990234375,136.25,395.5299987792969,91.62000274658205,90.91999816894533,53.4900016784668,104.6500015258789,175.1999969482422,36.88999938964844,147.08999633789062,157.2100067138672,150.58999633789062,26.959999084472656,143.16000366210938,206.2100067138672,130.35000610351562,154.77999877929688,163.8699951171875,44.209999084472656,128.6699981689453,48.06999969482422,194.0,171.0,91.9800033569336,30.63999938964844,75.6500015258789,313.70001220703125,22.229999542236328,161.33999633789062,415.6199951171875,93.9800033569336,16.700000762939453,20.56999969482422,389.0255432128906,653.1799926757812,328.510009765625,28.8700008392334,65.08999633789062,115.91999816894533,158.3800048828125,490.2900085449219,26.61000061035156,144.02000427246094,383.0299987792969,343.25,22.34000015258789,194.6300048828125,72.33999633789062,272.2799987792969,239.6699981689453,98.44000244140624,11.149999618530272,48.18999862670898,303.760009765625,179.11000061035156,80.58000183105469,241.75,87.91000366210938,14.65999984741211,270.8900146484375,448.6199951171875,152.72000122070312,53.310001373291016,50.90999984741211,79.61000061035156,122.0500030517578,60.84000015258789,49.27999877929688,164.0,144.7899932861328,165.3800048828125,56.34000015258789
2026-03-25,252.6199951171875,207.17999267578125,104.83000183105467,192.2899932861328,237.25,322.0299987792969,202.1100006103516,204.7100067138672,369.3399963378906,220.2700042724609,353.92999267578125,211.7100067138672,135.00999450683594,436.6900024414063,158.57000732421875,157.07000732421875,1393.8900146484375,96.05999755859376,318.8099975585937,460.1499938964844,300.239990234375,199.6100006103516,129.8699951171875,48.75,23.88999938964844,38.16999816894531,169.50999450683594,981.3499755859376,58.93999862670898,476.1900024414063,69.77999877929688,108.37999725341795,114.4800033569336,719.0399780273438,323.2099914550781,281.3900146484375,303.32000732421875,35.93000030517578,85.48999786376953,302.2200012207031,28.729999542236328,293.92999267578125,181.1000061035156,128.92999267578125,974.8599853515624,103.91000366210938,181.9600067138672,96.46499633789062,81.83000183105469,205.1499938964844,577.989990234375,187.1499938964844,95.9499969482422,128.16000366210938,99.12000274658205,57.41999816894531,96.66000366210938,73.11000061035156,296.0899963378906,143.2100067138672,965.9500122070312,375.0,39.470001220703125,84.75,11.670000076293944,78.88999938964844,86.31999969482422,296.5599975585937,923.6900024414062,138.25999450683594,76.61000061035156,289.5899963378906,290.92999267578125,841.8400268554688,20.670000076293945,332.510009765625,236.8012542724609,72.54000091552734,40.16999816894531,241.38999938964844,156.8300018310547,70.51000213623047,47.18000030517578,426.8599853515625,469.9800109863281,251.82000732421875,239.92999267578125,295.4200134277344,21.51000022888184,154.3820037841797,75.25,64.56999969482422,17.65999984741211,492.3399963378906,777.1699829101562,916.3099975585938,624.2000122070312,236.17999267578125,233.4499969482422,502.760009765625,311.70001220703125,879.75,246.5399932861328,87.88999938964844,623.0,1639.469970703125,70.38999938964844,594.8900146484375,148.0500030517578,69.27999877929688,63.77999877929688,119.37000274658205,98.4499969482422,165.64999389648438,371.0400085449219,139.1300048828125,382.0899963378906,91.16000366210938,92.27999877929688,52.97999954223633,103.05999755859376,178.67999267578125,36.33000183105469,146.02000427246094,153.22000122070312,151.72999572753906,27.280000686645508,143.9199981689453,202.83999633789065,130.36000061035156,154.9600067138672,165.5,44.84999847412109,130.35000610351562,47.18000030517578,195.0,168.9499969482422,92.6999969482422,30.540000915527344,75.26000213623047,321.95001220703125,24.049999237060547,160.61000061035156,410.1300048828125,94.61000061035156,16.559999465942383,20.540000915527344,386.45220947265625,656.8200073242188,327.6499938964844,28.809999465942383,64.36000061035156,116.37000274658205,159.74000549316406,490.7699890136719,26.809999465942383,146.17999267578125,385.9500122070313,347.75,21.96999931335449,196.7700042724609,73.08000183105469,270.54998779296875,241.3300018310547,98.37000274658205,11.31999969482422,48.95000076293945,304.9100036621094,178.11000061035156,81.76000213623047,234.5399932861328,87.83999633789062,14.720000267028809,276.1600036621094,454.9700012207031,151.50999450683594,54.34000015258789,50.369998931884766,80.26000213623047,123.05999755859376,60.56999969482422,49.34000015258789,165.10000610351562,146.24000549316406,163.25999450683594,56.63999938964844
2026-03-26,252.88999938964844,211.1199951171875,104.56999969482422,196.4199981689453,240.8800048828125,313.4200134277344,204.50999450683597,207.16000366210935,338.54998779296875,203.7700042724609,353.1600036621094,207.5399932861328,122.5500030517578,391.2099914550781,158.6300048828125,154.8000030517578,1329.5,87.86000061035156,309.4200134277344,450.4599914550781,299.3900146484375,194.3600006103516,125.41000366210938,48.2400016784668,23.59000015258789,38.150001525878906,168.55039978027344,968.4600219726562,59.43000030517578,475.2699890136719,70.16999816894531,109.62999725341795,112.41000366210938,703.1900024414062,324.3099975585937,280.6199951171875,295.19000244140625,35.59000015258789,84.13999938964844,273.3800048828125,28.71999931335449,297.5799865722656,173.3800048828125,133.25,979.6500244140624,96.44000244140624,185.63999938964844,98.15499877929688,82.16000366210938,207.7899932861328,581.1900024414062,188.0500030517578,94.75,129.3800048828125,98.11000061035156,55.470001220703125,94.66000366210938,69.75,294.25,147.49000549316406,963.3900146484376,357.1000061035156,38.66999816894531,82.70999908447266,11.600000381469728,81.02999877929688,82.38999938964844,285.239990234375,873.1199951171875,136.8800048828125,75.5999984741211,280.739990234375,280.9200134277344,822.6400146484375,21.25,328.42999267578125,236.1510162353516,70.3499984741211,38.81999969482422,241.6699981689453,155.9600067138672,68.16000366210938,44.09999847412109,432.5499877929688,468.5499877929688,247.44000244140625,239.2400054931641,291.6600036621094,21.559999465942383,145.11300659179688,74.69000244140625,64.47000122070312,17.56999969482422,495.489990234375,688.7999877929688,897.0,627.3300170898438,236.02999877929688,211.6199951171875,500.75,308.92999267578125,863.5599975585938,241.27999877929688,87.66999816894531,613.77001953125,1630.989990234375,69.73999786376953,547.5399780273438,143.99000549316406,69.37999725341797,64.62000274658203,118.93000030517578,97.68000030517578,163.22999572753906,365.9700012207031,132.92999267578125,355.4599914550781,91.16000366210938,93.31999969482422,52.06999969482422,103.63999938964844,171.24000549316406,36.400001525878906,142.80999755859375,156.36000061035156,150.8300018310547,27.56999969482422,142.4199981689453,202.8999938964844,129.74000549316406,147.55999755859375,162.49000549316406,45.20000076293945,130.5399932861328,47.59000015258789,192.8500061035156,167.0800018310547,91.22000122070312,30.6200008392334,77.2699966430664,319.54998779296875,22.209999084472656,162.3300018310547,401.9500122070313,95.41999816894533,15.869999885559082,20.030000686645508,390.2081298828125,645.0900268554688,332.67999267578125,28.920000076293945,62.7400016784668,117.0,157.57000732421875,488.8500061035156,26.38999938964844,141.41000366210938,372.1099853515625,326.1099853515625,21.739999771118164,193.41000366210935,70.55000305175781,268.04998779296875,239.19000244140625,97.5,11.1899995803833,46.70000076293945,305.5299987792969,178.27999877929688,80.16000366210938,248.13999938964844,87.72000122070312,14.630000114440918,252.3999938964844,453.739990234375,152.3000030517578,52.84999847412109,50.7400016784668,79.0199966430664,122.18000030517578,61.52000045776367,49.04999923706055,161.27000427246094,145.74000549316406,165.42999267578125,55.540000915527344
2026-03-27,248.8000030517578,209.3999938964844,103.98999786376952,192.6000061035156,234.83999633789065,307.44000244140625,201.25,202.7100067138672,337.1700134277344,201.9900054931641,348.7699890136719,199.33999633789065,120.7699966430664,381.2000122070313,155.67999267578125,144.1300048828125,1302.469970703125,78.66999816894531,300.67999267578125,429.9400024414063,292.2699890136719,190.5200042724609,122.69000244140624,46.970001220703125,22.75,37.0,162.485595703125,933.8499755859376,58.540000915527344,468.489990234375,69.16999816894531,108.06999969482422,107.37999725341795,695.4000244140625,319.0899963378906,271.7699890136719,301.489990234375,33.939998626708984,84.29000091552734,280.2200012207031,28.32999992370605,293.7799987792969,161.13999938964844,133.8000030517578,983.8599853515624,95.23999786376952,179.30999755859375,92.3949966430664,79.91999816894531,211.1499938964844,566.6400146484375,181.5200042724609,92.41999816894533,129.99000549316406,95.3499984741211,55.20000076293945,93.8000030517578,67.2300033569336,286.3900146484375,149.55999755859375,963.0,357.3599853515625,38.08000183105469,81.43000030517578,11.369999885559082,78.19999694824219,85.79000091552734,282.8099975585937,853.1599731445312,134.25,72.9800033569336,273.760009765625,274.3399963378906,802.8900146484375,20.350000381469727,321.6499938964844,234.0010528564453,66.0199966430664,37.400001525878906,236.33999633789065,152.6699981689453,67.86000061035156,43.130001068115234,416.4400024414063,452.6600036621094,243.1000061035156,240.4499969482422,282.8399963378906,22.040000915527344,144.3209991455078,75.70999908447266,63.369998931884766,17.520000457763672,491.1199951171875,702.72998046875,878.239990234375,615.8400268554688,230.30999755859372,211.41000366210935,484.239990234375,305.8999938964844,860.1599731445312,235.50999450683597,87.13999938964844,603.7999877929688,1599.52001953125,67.69999694824219,525.719970703125,143.0399932861328,66.47000122070312,66.4800033569336,119.62999725341795,94.87999725341795,158.38999938964844,356.7699890136719,126.02999877929688,357.2200012207031,91.4000015258789,93.43000030517578,51.369998931884766,99.41000366210938,167.52000427246094,36.040000915527344,139.66000366210938,147.02000427246094,153.0399932861328,27.040000915527344,142.7100067138672,198.83999633789065,128.89999389648438,143.05999755859375,163.5399932861328,43.59000015258789,127.11000061035156,45.72999954223633,189.7100067138672,164.02000427246094,86.80999755859375,30.440000534057617,77.4000015258789,315.3699951171875,21.96999931335449,152.8000030517578,380.4700012207031,95.5500030517578,15.229999542236328,19.90999984741211,384.3330078125,634.0900268554688,327.44000244140625,29.100000381469727,62.18000030517578,119.83999633789062,155.1199951171875,473.3599853515625,25.63999938964844,138.83999633789062,361.8299865722656,326.739990234375,21.280000686645508,190.3300018310547,69.18000030517578,259.0199890136719,238.7899932861328,94.8000030517578,10.869999885559082,46.630001068115234,295.5199890136719,172.58999633789062,79.44999694824219,254.32000732421875,87.0,14.489999771118164,251.07000732421875,433.0700073242188,155.47999572753906,52.4900016784668,50.310001373291016,77.19000244140625,122.88999938964844,62.560001373291016,47.810001373291016,159.1999969482422,143.25999450683594,170.99000549316406,53.900001525878906
2026-03-30,246.6300048828125,213.1199951171875,101.87999725341795,197.5500030517578,241.1300048828125,303.1000061035156,205.47000122070312,207.2700042724609,323.1199951171875,196.0399932861328,349.0,200.9499969482422,116.12999725341795,372.0799865722656,155.82000732421875,136.9600067138672,1253.9599609375,73.81999969482422,293.4100036621094,415.0700073242188,297.489990234375,189.2100067138672,121.9800033569336,47.22999954223633,22.90999984741211,37.2400016784668,164.7003936767578,934.0599975585938,59.72999954223633,474.6600036621094,62.93000030517578,111.5999984741211,107.2699966430664,667.4299926757812,325.3500061035156,270.8800048828125,298.6099853515625,33.810001373291016,85.7300033569336,257.2699890136719,28.899999618530277,297.5799865722656,160.7899932861328,132.88999938964844,996.5800170898438,87.80999755859375,185.02999877929688,95.01499938964844,77.04000091552734,210.7100067138672,555.5,183.88999938964844,94.31999969482422,131.7100067138672,94.12000274658205,54.75,94.06999969482422,67.9800033569336,284.7900085449219,149.88999938964844,964.0499877929688,343.5299987792969,38.369998931884766,81.5199966430664,11.210000038146973,79.05000305175781,85.79000091552734,273.25,817.3499755859375,136.33999633789062,72.76000213623047,273.1400146484375,273.5,807.5999755859375,20.799999237060547,323.5,234.37860107421875,65.16000366210938,37.68000030517578,237.25,156.94000244140625,67.31999969482422,41.18999862670898,429.0299987792969,452.7799987792969,239.6100006103516,242.4900054931641,283.7699890136719,22.34000015258789,138.25799560546875,76.2699966430664,63.61000061035156,17.239999771118164,499.260009765625,654.7899780273438,886.6300048828125,598.5700073242188,232.5800018310547,199.92999267578125,494.0,308.5299987792969,860.1900024414062,235.2100067138672,85.73999786376953,599.030029296875,1619.199951171875,68.2699966430664,536.3800048828125,142.52000427246094,67.87999725341797,67.0199966430664,118.0999984741211,87.80999755859375,158.3699951171875,358.9599914550781,121.44000244140624,321.79998779296875,92.0500030517578,92.97000122070312,51.2400016784668,104.97000122070312,165.1699981689453,35.290000915527344,138.8000030517578,154.35000610351562,156.82000732421875,27.770000457763672,144.72000122070312,201.38999938964844,128.77999877929688,137.5500030517578,164.8300018310547,44.66999816894531,127.06999969482422,45.58000183105469,187.1499938964844,168.2899932861328,86.72000122070312,30.479999542236328,77.26000213623047,315.8999938964844,21.059999465942383,153.6699981689453,383.1400146484375,96.93000030517578,15.149999618530272,19.920000076293945,395.0709533691406,631.969970703125,326.1000061035156,28.780000686645508,61.02999877929688,118.77999877929688,155.7899932861328,480.0499877929688,26.059999465942383,136.9199981689453,355.2799987792969,316.5,22.01000022888184,186.4199981689453,69.91000366210938,261.7900085449219,239.22999572753903,94.9499969482422,10.56999969482422,45.290000915527344,299.5400085449219,175.9600067138672,79.87000274658203,250.2700042724609,87.33000183105469,14.699999809265137,234.22000122070312,443.1600036621094,147.5399932861328,52.41999816894531,50.29999923706055,76.80000305175781,123.5,61.959999084472656,48.36000061035156,156.61000061035156,143.82000732421875,171.47000122070312,54.529998779296875
2026-03-31,253.7899932861328,217.4900054931641,102.66999816894533,198.2899932861328,243.0800018310547,318.1400146484375,203.17999267578125,207.33999633789065,341.7900085449219,203.42999267578125,351.8500061035156,208.2700042724609,122.77999877929688,398.0,157.82000732421875,151.27999877929688,1320.8299560546875,82.87000274658203,309.510009765625,424.6900024414063,302.4800109863281,199.02999877929688,125.45999908447266,48.75,23.6200008392334,38.29999923706055,168.4127960205078,961.7100219726562,60.650001525878906,479.2000122070313,62.75,114.98999786376952,113.41000366210938,708.4600219726562,325.92999267578125,277.8699951171875,279.25,35.47999954223633,85.2300033569336,281.67999267578125,28.709999084472656,295.3500061035156,174.61000061035156,132.0,996.4299926757812,93.87000274658205,186.6699981689453,97.60250091552734,77.58999633789062,206.8999938964844,563.2999877929688,189.6000061035156,96.37999725341795,130.94000244140625,98.56999969482422,56.790000915527344,97.12999725341795,71.7699966430664,292.75,144.57000732421875,980.239990234375,357.6700134277344,39.66999816894531,84.44000244140625,11.539999961853027,81.72000122070312,91.7699966430664,283.7699890136719,872.9000244140625,139.3699951171875,74.5,286.8599853515625,287.5599975585937,845.989990234375,21.63999938964844,328.8900146484375,237.05296325683597,69.30000305175781,38.41999816894531,242.38999938964844,157.27999877929688,69.75,44.130001068115234,432.3800048828125,460.989990234375,248.0,244.44000244140625,294.1600036621094,22.489999771118164,147.24099731445312,76.05000305175781,65.1500015258789,17.239999771118164,495.760009765625,702.760009765625,919.77001953125,604.3900146484375,236.27999877929688,213.66000366210935,499.6600036621094,310.7900085449219,865.3599853515625,244.7700042724609,86.6500015258789,616.760009765625,1729.02001953125,70.72000122070312,572.1300048828125,145.22999572753906,69.11000061035156,65.98999786376953,120.29000091552734,99.0500030517578,164.57000732421875,370.1700134277344,124.8000030517578,337.8399963378906,92.87999725341795,96.1500015258789,52.81999969482422,104.5500030517578,174.39999389648438,36.75,147.11000061035156,160.32000732421875,155.2899932861328,28.07999992370605,144.44000244140625,198.2400054931641,132.17999267578125,146.27999877929688,165.33999633789062,45.22999954223633,128.77999877929688,48.970001220703125,192.8999938964844,171.2100067138672,89.58999633789062,30.68000030517578,77.12999725341797,320.54998779296875,22.770000457763672,150.82000732421875,396.4800109863281,96.5199966430664,15.880000114440918,20.700000762939453,402.4030151367188,650.3400268554688,328.5899963378906,28.989999771118164,63.220001220703125,121.1999969482422,159.6999969482422,491.5299987792969,26.51000022888184,141.11000061035156,371.75,337.95001220703125,22.690000534057617,194.13999938964844,71.93000030517578,270.5899963378906,242.6199951171875,98.37999725341795,10.960000038146973,48.43000030517578,302.239990234375,175.66000366210938,82.43000030517578,247.0800018310547,88.69999694824219,15.020000457763672,250.5800018310547,446.5400085449219,150.3300018310547,54.04999923706055,50.20000076293945,79.61000061035156,124.27999877929688,61.2599983215332,49.369998931884766,161.72999572753906,146.61000061035156,169.66000366210938,55.79999923706055
2026-04-01,255.6300048828125,214.97999572753903,102.37999725341795,197.05999755859372,241.3699951171875,320.5799865722656,201.27999877929688,204.1000061035156,353.79998779296875,210.2100067138672,353.2799987792969,210.57000732421875,124.8499984741211,387.8399963378906,154.13999938964844,155.07000732421875,1359.760009765625,83.98999786376953,313.489990234375,423.5700073242188,301.45001220703125,207.32000732421875,123.7300033569336,49.27000045776367,23.59000015258789,38.43999862670898,167.3824005126953,957.4000244140624,61.72999954223633,478.5,62.0,114.33000183105467,115.3000030517578,730.3200073242188,327.1600036621094,280.19000244140625,279.4599914550781,34.33000183105469,85.41000366210938,288.7300109863281,28.049999237060547,296.94000244140625,172.99000549316406,128.3800048828125,996.5599975585938,95.91999816894533,186.2400054931641,98.32749938964844,77.93000030517578,197.41000366210935,570.7000122070312,190.7899932861328,96.55999755859376,130.89999389648438,96.19000244140624,57.22999954223633,98.61000061035156,70.70999908447266,298.5,140.4199981689453,995.97998046875,365.55999755859375,40.20000076293945,86.4800033569336,11.68000030517578,81.1500015258789,96.01000213623048,292.67999267578125,894.780029296875,140.3000030517578,75.04000091552734,294.8999938964844,297.3900146484375,860.2100219726562,21.979999542236328,329.5599975585937,239.32879638671875,70.11000061035156,38.63999938964844,243.13999938964844,158.0800018310547,70.27999877929688,48.02999877929688,425.8699951171875,464.4500122070313,249.55999755859372,244.1199951171875,295.3800048828125,22.270000457763672,151.98399353027344,76.08000183105469,65.8499984741211,17.3799991607666,493.8299865722656,764.6500244140625,954.52001953125,617.6400146484375,235.97999572753903,222.00999450683597,491.6499938964844,307.2900085449219,872.3200073242188,249.3600006103516,86.05999755859375,621.7899780273438,1718.969970703125,71.16999816894531,579.22998046875,145.25,68.0999984741211,65.4800033569336,120.83999633789062,106.70999908447266,166.1699981689453,369.3699951171875,122.77999877929688,367.8500061035156,92.8499984741211,95.5500030517578,44.630001068115234,104.04000091552734,175.75,36.47999954223633,145.22999572753906,160.6699981689453,154.64999389648438,28.549999237060547,144.08999633789062,193.3600006103516,133.3300018310547,146.49000549316406,157.3300018310547,44.630001068115234,127.27999877929688,48.59000015258789,194.72000122070312,171.36000061035156,90.43000030517578,30.51000022888184,75.86000061035156,325.70001220703125,22.51000022888184,153.1199951171875,396.739990234375,96.94000244140624,15.630000114440918,21.1200008392334,402.2421875,655.239990234375,329.3999938964844,28.309999465942383,63.5,120.4499969482422,162.02999877929688,494.5400085449219,26.06999969482422,144.35000610351562,381.260009765625,341.489990234375,21.979999542236328,196.3000030517578,71.70999908447266,273.9800109863281,243.1199951171875,97.91000366210938,11.18000030517578,49.2599983215332,298.510009765625,172.74000549316406,83.62000274658203,241.4600067138672,89.0199966430664,15.130000114440918,259.3699951171875,447.260009765625,153.9600067138672,54.209999084472656,49.38999938964844,80.56999969482422,124.73999786376952,58.970001220703125,49.43999862670898,164.42999267578125,147.72999572753906,160.77999877929688,55.45000076293945
2026-04-02,255.9199981689453,208.83999633789065,102.87000274658205,201.3300018310547,242.9199981689453,318.3399963378906,204.00999450683597,207.02999877929688,348.4700012207031,217.5,347.94000244140625,209.7700042724609,126.68000030517578,386.3699951171875,157.11000061035156,149.11000061035156,1317.22998046875,92.62000274658205,314.54998779296875,412.80999755859375,300.17999267578125,208.22000122070312,122.0500030517578,49.380001068115234,23.399999618530277,38.630001068115234,167.77239990234375,966.5599975585938,59.59999847412109,477.3500061035156,62.81999969482422,113.0500030517578,115.25,717.219970703125,328.3299865722656,278.7200012207031,272.82000732421875,34.08000183105469,85.13999938964844,294.8399963378906,27.93000030517578,305.1099853515625,171.4600067138672,130.52000427246094,1014.9600219726562,101.4499969482422,187.17999267578125,99.77999877929688,79.0199966430664,198.97000122070312,575.7100219726562,191.1199951171875,96.61000061035156,132.22000122070312,96.54000091552734,56.59000015258789,98.0,69.12000274658203,300.739990234375,142.63999938964844,1000.3699951171876,361.1000061035156,39.900001525878906,85.29000091552734,11.600000381469728,82.52999877929688,94.58999633789062,281.1600036621094,898.5700073242188,139.7100067138672,72.54000091552734,294.4599914550781,295.7699890136719,863.0399780273438,22.56999969482422,321.6300048828125,240.63975524902344,68.9000015258789,37.970001220703125,248.16000366210935,162.97999572753906,69.55999755859375,50.380001068115234,422.4800109863281,452.0700073242188,251.2899932861328,243.0399932861328,294.6000061035156,22.790000915527344,151.6840057373047,76.72000122070312,66.0,17.139999389648438,502.6000061035156,826.8800048828125,935.5800170898438,622.7899780273438,231.02999877929688,218.44000244140625,493.4400024414063,307.1400146484375,884.280029296875,253.1199951171875,86.62999725341797,622.4000244140625,1715.52001953125,70.72000122070312,574.4600219726562,144.47000122070312,68.33999633789062,65.76000213623047,120.87000274658205,107.11000061035156,165.80999755859375,373.4599914550781,119.83000183105467,366.239990234375,93.1500015258789,98.66000366210938,44.18999862670898,102.0,177.38999938964844,36.97999954223633,146.3800048828125,163.2100067138672,157.00999450683594,28.31999969482422,143.1199951171875,195.25,133.77000427246094,148.4600067138672,158.10000610351562,45.34000015258789,126.8000030517578,51.43999862670898,196.2100067138672,171.77000427246094,90.37000274658205,30.559999465942383,77.54000091552734,318.0,23.21999931335449,151.85000610351562,395.9500122070313,97.4499969482422,15.850000381469728,21.13999938964844,407.9091796875,655.8300170898438,331.5400085449219,28.32999992370605,62.27000045776367,120.4499969482422,161.2899932861328,491.4599914550781,26.46999931335449,141.1999969482422,360.5899963378906,339.0400085449219,22.049999237060547,194.8699951171875,71.83999633789062,277.260009765625,244.7100067138672,98.18000030517578,10.9399995803833,48.900001525878906,300.79998779296875,173.97999572753906,83.22000122070312,244.08999633789065,90.2300033569336,15.210000038146973,261.2900085449219,438.7099914550781,151.17999267578125,53.81999969482422,49.400001525878906,80.5999984741211,125.79000091552734,59.25,49.52999877929688,163.77000427246094,146.80999755859375,160.69000244140625,56.15999984741211
2026-04-06,258.8599853515625,206.69000244140625,102.3000030517578,198.9499969482422,244.3600006103516,327.3599853515625,204.33999633789065,208.3600006103516,352.6199951171875,220.17999267578125,342.57000732421875,212.7899932861328,126.25,412.6799926757813,159.49000549316406,148.77000427246094,1304.010009765625,94.80999755859376,314.42999267578125,413.0700073242188,305.7300109863281,212.3000030517578,122.30999755859376,50.060001373291016,23.399999618530277,38.4900016784668,176.19000244140625,959.4099731445312,59.33000183105469,476.3800048828125,62.59000015258789,112.23999786376952,117.36000061035156,721.239990234375,326.8999938964844,279.3900146484375,275.1600036621094,36.130001068115234,84.52999877929688,292.29998779296875,27.65999984741211,308.57000732421875,174.7899932861328,131.63999938964844,1018.5499877929688,102.45999908447266,185.02999877929688,99.65249633789062,80.44000244140625,198.8600006103516,575.0900268554688,192.1199951171875,96.27999877929688,131.41000366210938,99.37999725341795,57.11000061035156,98.48999786376952,70.91000366210938,302.6099853515625,143.0500030517578,1016.0800170898438,363.8900146484375,40.209999084472656,85.56999969482422,11.609999656677246,82.29000091552734,93.81999969482422,288.69000244140625,897.3599853515625,140.1300048828125,73.43000030517578,297.6600036621094,299.989990234375,866.0499877929688,22.76000022888184,326.6499938964844,239.3392791748047,69.77999877929688,39.52000045776367,246.7400054931641,166.38999938964844,70.13999938964844,50.77999877929688,417.3599853515625,452.5799865722656,252.3600006103516,240.97000122070312,295.45001220703125,23.56999969482422,154.00599670410156,77.22000122070312,66.63999938964844,17.299999237060547,499.4700012207031,772.280029296875,927.0599975585938,637.9000244140625,235.1999969482422,220.6499938964844,501.5,309.760009765625,856.77001953125,255.00999450683597,86.27999877929688,625.2000122070312,1710.3699951171875,71.04000091552734,573.02001953125,144.5,67.69999694824219,66.55000305175781,120.8499984741211,109.51000213623048,166.5500030517578,372.8800048828125,127.69000244140624,377.760009765625,92.7300033569336,98.93000030517578,44.02999877929688,102.41999816894533,177.63999938964844,36.66999816894531,145.5399932861328,161.9499969482422,156.72999572753906,27.82999992370605,142.77000427246094,196.3800048828125,132.35000610351562,147.92999267578125,160.33999633789062,45.47999954223633,125.7300033569336,50.900001525878906,198.41000366210935,171.1199951171875,94.77999877929688,30.63999938964844,77.43000030517578,316.3900146484375,22.049999237060547,149.3800048828125,397.0700073242188,96.94000244140624,16.270000457763672,20.780000686645508,410.7001037597656,658.9299926757812,332.29998779296875,28.31999969482422,62.400001525878906,122.20999908447266,161.82000732421875,488.1900024414063,27.020000457763672,143.6999969482422,352.82000732421875,341.760009765625,22.209999084472656,199.4199981689453,72.16999816894531,281.3599853515625,245.5399932861328,97.16000366210938,11.329999923706056,48.61000061035156,303.3299865722656,174.63999938964844,83.77999877929688,245.5800018310547,90.36000061035156,15.140000343322754,258.7300109863281,434.2999877929688,151.58999633789062,54.0099983215332,49.150001525878906,81.8499984741211,126.79000091552734,59.68000030517578,49.880001068115234,164.61000061035156,146.27999877929688,163.3699951171875,56.31999969482422
2026-04-07,253.5,206.3699951171875,101.83000183105467,197.3000030517578,240.13999938964844,327.4100036621094,203.6100006103516,210.52999877929688,354.3099975585937,221.52999877929688,340.0,213.7700042724609,133.63999938964844,410.4400024414063,156.63999938964844,143.86000061035156,1306.449951171875,92.56999969482422,333.9700012207031,372.8699951171875,307.0299987792969,210.0,119.72000122070312,50.27999877929688,23.780000686645508,38.27999877929688,173.41000366210938,958.4600219726562,57.66999816894531,478.0799865722656,61.86000061035156,112.7300033569336,117.12999725341795,724.4400024414062,327.3999938964844,279.4800109863281,272.5799865722656,34.47999954223633,83.12999725341797,297.3399963378906,27.790000915527344,310.5799865722656,175.17999267578125,131.77000427246094,1013.2100219726562,106.79000091552734,182.9600067138672,105.80750274658205,80.68000030517578,201.5399932861328,576.0,191.00999450683597,95.77999877929688,131.82000732421875,96.29000091552734,57.310001373291016,98.3499984741211,69.16999816894531,311.8299865722656,144.22999572753906,1007.2899780273438,368.8500061035156,40.11000061035156,85.51000213623047,11.520000457763672,83.72000122070312,94.97000122070312,288.6000061035156,910.75,138.8000030517578,72.76000213623047,303.92999267578125,305.4599914550781,864.1500244140625,23.149999618530277,318.7699890136719,234.75616455078125,69.6500015258789,39.09999847412109,245.07000732421875,166.3000030517578,70.33000183105469,52.90999984741211,410.239990234375,452.9500122070313,252.91000366210935,238.41000366210935,297.3999938964844,23.18000030517578,154.88499450683594,75.91000366210938,66.75,16.729999542236328,494.5899963378906,815.75,931.0900268554688,627.7000122070312,231.6100006103516,224.3500061035156,498.2799987792969,304.8500061035156,856.6199951171875,254.0800018310547,86.41999816894531,625.8900146484375,1742.300048828125,71.19999694824219,575.0499877929688,144.35000610351562,66.70999908447266,66.25,119.27999877929688,109.37999725341795,168.42999267578125,372.2900085449219,123.72000122070312,377.5799865722656,93.66999816894533,98.81999969482422,42.68999862670898,100.5500030517578,178.10000610351562,36.90999984741211,143.1699981689453,169.8699951171875,153.2100067138672,27.100000381469727,141.3000030517578,196.8500061035156,133.22000122070312,150.07000732421875,157.49000549316406,44.869998931884766,124.06999969482422,52.77999877929688,197.9199981689453,169.47999572753906,95.20999908447266,30.559999465942383,77.12000274658203,313.9599914550781,22.670000076293945,149.24000549316406,397.8999938964844,96.81999969482422,16.110000610351562,20.8799991607666,406.8684997558594,659.219970703125,332.07000732421875,28.040000915527344,62.5,119.5199966430664,157.5800018310547,489.5,25.96999931335449,140.1999969482422,346.6499938964844,345.32000732421875,20.700000762939453,199.7400054931641,71.7300033569336,307.7300109863281,246.1100006103516,97.56999969482422,10.970000267028809,47.95000076293945,302.54998779296875,172.52000427246094,83.52999877929688,251.4900054931641,90.48999786376952,15.3100004196167,262.29998779296875,431.8599853515625,153.67999267578125,54.09000015258789,48.619998931884766,81.75,122.48999786376952,60.15999984741211,49.880001068115234,164.27999877929688,146.57000732421875,163.91000366210938,55.31999969482422
2026-04-08,258.8999938964844,211.58999633789065,103.55999755859376,193.83999633789065,239.30999755859372,346.2099914550781,200.77999877929688,212.07000732421875,385.7200012207031,231.82000732421875,349.8099975585937,221.25,145.07000732421875,391.2000122070313,154.66000366210938,148.91000366210938,1421.050048828125,96.45999908447266,350.6300048828125,391.5299987792969,316.3399963378906,217.8000030517578,125.31999969482422,51.880001068115234,24.8799991607666,38.08000183105469,181.0,1001.5399780273438,59.20000076293945,479.75,62.560001373291016,117.66999816894533,123.48999786376952,771.5800170898438,332.6400146484375,289.5,284.2699890136719,36.02000045776367,85.55000305175781,320.70001220703125,27.959999084472656,302.8099975585937,175.08999633789062,125.22000122070312,1030.27001953125,110.20999908447266,176.3699951171875,106.62750244140624,83.69999694824219,192.88999938964844,609.3200073242188,196.19000244140625,99.18000030517578,131.60000610351562,91.05999755859376,60.43999862670898,102.19000244140624,71.44000244140625,318.2300109863281,139.0500030517578,1017.6599731445312,385.5799865722656,41.7400016784668,89.41000366210938,12.18000030517578,83.51000213623047,98.18000030517578,308.0599975585937,936.0700073242188,141.5399932861328,76.73999786376953,314.739990234375,317.32000732421875,905.75,21.34000015258789,336.1600036621094,243.80702209472656,71.83000183105469,40.41999816894531,241.7400054931641,167.7899932861328,74.13999938964844,58.95000076293945,389.510009765625,462.2799987792969,260.4700012207031,241.3000030517578,307.9700012207031,22.950000762939453,167.23399353027344,77.29000091552734,68.69000244140625,17.34000015258789,500.4800109863281,896.02001953125,953.2999877929688,628.5,243.66000366210935,246.4900054931641,507.1199951171875,307.010009765625,871.1799926757812,250.32000732421875,88.6500015258789,643.6799926757812,1775.739990234375,74.33999633789062,612.4199829101562,149.1699981689453,65.63999938964844,66.80000305175781,123.18000030517578,114.4499969482422,176.02000427246094,374.3299865722656,128.3000030517578,406.7300109863281,94.16999816894533,99.38999938964844,43.130001068115234,97.47000122070312,182.0800018310547,37.61000061035156,143.66000366210938,173.77999877929688,154.8000030517578,27.46999931335449,144.89999389648438,198.08999633789065,137.41000366210938,140.75999450683594,160.94000244140625,45.84999847412109,127.51000213623048,51.630001068115234,203.47999572753903,169.17999267578125,97.20999908447266,30.86000061035156,75.75,335.6700134277344,23.3700008392334,149.99000549316406,410.1600036621094,97.16999816894533,16.489999771118164,21.3799991607666,413.3963928222656,676.010009765625,340.010009765625,27.350000381469727,64.76000213623047,123.12000274658205,161.63999938964844,503.4599914550781,26.209999084472656,150.57000732421875,343.25,365.8999938964844,20.25,208.8999938964844,72.37999725341797,305.9800109863281,249.1100006103516,100.4499969482422,11.0600004196167,51.400001525878906,308.9599914550781,166.57000732421875,86.73999786376953,239.63999938964844,92.12000274658205,15.770000457763672,281.0299987792969,443.9200134277344,155.88999938964844,56.5,48.040000915527344,84.66000366210938,127.26000213623048,58.04999923706055,51.20000076293945,170.44000244140625,149.6699981689453,156.22000122070312,56.630001068115234
2026-04-09,260.489990234375,212.3999938964844,102.72000122070312,186.02999877929688,229.94000244140625,351.3599853515625,196.0200042724609,214.5200042724609,397.80999755859375,236.63999938964844,355.6000061035156,233.6499938964844,146.0500030517578,379.1400146484375,148.61000061035156,149.7949981689453,1448.6400146484375,91.61000061035156,354.9100036621094,351.3299865722656,317.7699890136719,220.05999755859372,127.68000030517578,52.709999084472656,25.040000915527344,36.18000030517578,176.60000610351562,1001.6199951171876,59.470001220703125,485.2000122070313,61.27999877929688,116.9000015258789,124.91999816894533,787.0700073242188,332.94000244140625,281.010009765625,280.25,36.380001068115234,86.04000091552734,328.3299865722656,28.309999465942383,298.92999267578125,169.02000427246094,123.47000122070312,1032.030029296875,107.93000030517578,170.85000610351562,98.66999816894533,83.16999816894531,190.3600006103516,618.0,192.9900054931641,99.79000091552734,133.0,90.52999877929688,60.27999877929688,101.9499969482422,73.29000091552734,316.8699951171875,136.5800018310547,1031.5699462890625,400.4400024414063,41.619998931884766,88.22000122070312,12.239999771118164,80.66000366210938,98.3499984741211,313.0199890136719,968.02001953125,142.08999633789062,76.7300033569336,316.3699951171875,318.489990234375,903.719970703125,19.670000076293945,339.5799865722656,247.5720977783203,70.12000274658203,40.90999984741211,237.17999267578125,161.97000122070312,73.94000244140625,61.720001220703125,361.6900024414063,454.9400024414063,261.9599914550781,241.30999755859372,310.3299865722656,23.270000457763672,172.7259979248047,78.18000030517578,69.8499984741211,17.43000030517578,503.2999877929688,894.1300048828125,955.1900024414062,623.8699951171875,247.80999755859372,258.760009765625,503.5700073242188,309.54998779296875,873.4299926757812,229.4900054931641,87.91000366210938,645.1599731445312,1793.2099609375,74.6500015258789,628.3900146484375,150.5,62.38999938964844,67.45999908447266,122.68000030517578,119.93000030517578,178.16000366210938,373.0700073242188,128.86000061035156,421.510009765625,94.4800033569336,102.0500030517578,44.0,89.80999755859375,183.91000366210935,37.43999862670898,137.86000061035156,166.99000549316406,157.49000549316406,27.21999931335449,146.66000366210938,199.8800048828125,138.02000427246094,130.49000549316406,161.25,45.97999954223633,127.75,46.18000030517578,203.19000244140625,164.5,96.91999816894533,30.940000534057617,76.0199966430664,335.7300109863281,23.21999931335449,132.24000549316406,404.9200134277344,97.58999633789062,16.270000457763672,21.420000076293945,401.4380187988281,679.9099731445312,339.1400146484375,26.84000015258789,64.87000274658203,124.02999877929688,165.0,500.4599914550781,25.959999084472656,152.6199951171875,345.6199951171875,365.489990234375,20.61000061035156,214.97999572753903,71.80999755859375,306.9100036621094,251.1499938964844,101.63999938964844,10.4399995803833,50.93000030517578,308.2900085449219,157.0800018310547,86.76000213623047,235.1000061035156,92.77999877929688,15.850000381469728,287.6400146484375,446.7799987792969,152.75,56.43999862670898,47.77999877929688,86.0199966430664,129.1300048828125,57.33000183105469,51.33000183105469,172.19000244140625,149.3300018310547,155.0399932861328,56.40999984741211
2026-04-10,260.4800109863281,207.94000244140625,100.3000030517578,179.52999877929688,225.3500061035156,350.1400146484375,188.7899932861328,210.9900054931641,399.489990234375,245.0399932861328,351.0199890136719,238.3800048828125,147.35000610351562,391.3800048828125,143.33999633789062,148.92999267578125,1478.280029296875,94.9000015258789,371.5499877929688,345.94000244140625,313.5,217.6300048828125,127.33000183105467,52.540000915527344,24.90999984741211,34.709999084472656,173.4600067138672,999.3099975585938,58.619998931884766,479.8999938964844,61.790000915527344,114.83000183105467,124.38999938964844,790.6599731445312,327.9100036621094,265.6600036621094,286.5,34.86000061035156,84.33999633789062,351.3099975585937,27.93000030517578,295.29998779296875,167.85000610351562,122.5500030517578,998.469970703125,119.58999633789062,164.9600067138672,94.75499725341795,82.22000122070312,188.5500030517578,605.0,189.6100006103516,99.16999816894533,131.7899932861328,90.02999877929688,60.560001373291016,102.18000030517578,72.66999816894531,311.5299987792969,136.19000244140625,1030.239990234375,403.0,41.59999847412109,88.12999725341797,12.130000114440918,76.69999694824219,99.38999938964844,308.3500061035156,991.3200073242188,138.99000549316406,76.41999816894531,315.7200012207031,317.239990234375,907.7999877929688,19.420000076293945,337.3399963378906,246.5023651123047,69.19000244140625,41.560001373291016,230.75999450683597,160.60000610351562,74.25,62.380001068115234,350.94000244140625,450.6199951171875,261.29998779296875,238.4600067138672,309.8699951171875,23.059999465942383,173.72799682617188,77.47000122070312,68.94000244140625,17.350000381469727,503.1499938964844,897.2999877929688,939.469970703125,613.719970703125,244.22000122070312,263.6600036621094,498.6600036621094,305.67999267578125,865.5999755859375,225.9499969482422,87.20999908447266,643.0999755859375,1773.9599609375,73.87999725341797,629.8599853515625,150.32000732421875,58.810001373291016,67.37999725341797,121.41999816894533,128.49000549316406,177.63999938964844,370.8699951171875,128.63999938964844,420.5899963378906,94.08000183105467,103.01000213623048,42.619998931884766,83.0,188.6300048828125,37.52000045776367,138.08999633789062,155.72999572753906,157.05999755859375,26.920000076293945,145.16000366210938,194.1300048828125,137.19000244140625,128.05999755859375,160.4499969482422,45.2400016784668,128.05999755859375,43.810001373291016,201.55999755859372,163.10000610351562,96.5999984741211,30.559999465942383,77.16999816894531,336.1099853515625,25.26000022888184,121.11000061035156,392.239990234375,97.1500015258789,16.219999313354492,21.049999237060547,393.0179748535156,679.4600219726562,339.1499938964844,26.459999084472656,63.97999954223633,121.88999938964844,161.60000610351562,496.1099853515625,25.399999618530277,150.3000030517578,348.95001220703125,370.6000061035156,20.09000015258789,214.72999572753903,70.4800033569336,304.3299865722656,250.50999450683597,101.6999969482422,10.65999984741211,50.959999084472656,304.3599853515625,151.42999267578125,87.05999755859375,238.82000732421875,92.9800033569336,15.6899995803833,295.1099853515625,436.2699890136719,154.72999572753906,56.75,46.040000915527344,85.4000015258789,126.7699966430664,56.93999862670898,50.77000045776367,171.52000427246094,147.30999755859375,152.50999450683594,56.09000015258789
2026-04-13,259.20001220703125,206.47000122070312,100.69000244140624,191.9499969482422,240.1100006103516,350.010009765625,195.3800048828125,215.08999633789065,395.7300109863281,246.8300018310547,349.82000732421875,239.88999938964844,152.02000427246094,417.4500122070313,148.52000427246094,157.5800018310547,1500.199951171875,98.97000122070312,379.75,359.6300048828125,323.82000732421875,222.13999938964844,128.00999450683594,53.34999847412109,25.670000076293945,36.7599983215332,177.25,1023.6500244140624,58.060001373291016,480.1900024414063,63.18000030517578,121.81999969482422,126.27999877929688,791.72998046875,329.9800109863281,288.20001220703125,291.7200012207031,33.65999984741211,83.9800033569336,365.4599914550781,28.049999237060547,300.5899963378906,174.52999877929688,123.62000274658205,980.8499755859376,134.36000061035156,172.82000732421875,100.55999755859376,82.3499984741211,191.77999877929688,603.0399780273438,195.8699951171875,101.18000030517578,130.39999389648438,93.52999877929688,61.06999969482422,102.80999755859376,74.55000305175781,316.07000732421875,136.9600067138672,1056.8399658203125,403.3599853515625,41.93999862670898,88.3499984741211,12.15999984741211,78.73999786376953,98.77999877929688,311.8999938964844,991.1199951171876,139.02999877929688,76.83000183105469,319.2099914550781,321.3099975585937,890.7899780273438,20.030000686645508,341.1600036621094,245.0340881347656,71.66999816894531,41.59000015258789,237.82000732421875,164.30999755859375,74.94000244140625,65.18000030517578,369.4400024414063,458.9599914550781,265.07000732421875,237.9600067138672,313.67999267578125,22.420000076293945,176.8780059814453,76.41000366210938,69.38999938964844,17.260000228881836,508.8699951171875,871.1799926757812,929.5499877929688,619.6900024414062,247.0800018310547,267.32000732421875,508.5799865722656,304.510009765625,864.5700073242188,236.13999938964844,88.0,650.0900268554688,1831.9300537109373,75.36000061035156,634.530029296875,152.7899932861328,63.54999923706055,66.80999755859375,120.1500015258789,131.3000030517578,181.13999938964844,384.3699951171875,132.36000061035156,426.55999755859375,92.3000030517578,103.16000366210938,42.90999984741211,89.05999755859375,189.30999755859372,37.97999954223633,155.6199951171875,162.50999450683594,155.8800048828125,27.34000015258789,143.5800018310547,199.57000732421875,137.14999389648438,132.3699951171875,162.75,47.5099983215332,131.24000549316406,48.61000061035156,201.41000366210935,169.57000732421875,97.4800033569336,30.739999771118164,76.05000305175781,334.3800048828125,25.96999931335449,134.24000549316406,417.7699890136719,95.93000030517578,17.049999237060547,21.049999237060547,406.8874206542969,686.0999755859375,347.239990234375,25.61000061035156,63.61000061035156,117.87999725341795,159.3300018310547,514.22998046875,27.149999618530277,149.97000122070312,352.4200134277344,369.5700073242188,21.21999931335449,216.7100067138672,72.33999633789062,313.0,251.33999633789065,102.0199966430664,11.010000228881836,52.18000030517578,309.3900146484375,158.4499969482422,87.63999938964844,242.0800018310547,93.33000183105467,15.649999618530272,299.9599914550781,440.0499877929688,158.1999969482422,57.18000030517578,45.41999816894531,86.63999938964844,124.56999969482422,57.11000061035156,51.65999984741211,172.72999572753906,147.97000122070312,152.63999938964844,58.790000915527344
2026-04-14,258.8299865722656,210.25999450683597,101.0500030517578,190.3699951171875,235.72000122070312,348.6000061035156,195.0800018310547,214.8800048828125,395.6400146484375,255.07000732421875,350.95001220703125,249.0200042724609,154.3699951171875,433.510009765625,148.83999633789062,161.22000122070312,1518.300048828125,88.56999969482422,380.7799987792969,380.8599853515625,326.9599914550781,223.7700042724609,131.35000610351562,53.34999847412109,26.43000030517578,37.0,181.1199951171875,1054.56005859375,58.08000183105469,477.5400085449219,63.81999969482422,126.33000183105467,129.5800018310547,794.25,325.739990234375,292.3699951171875,296.6099853515625,34.5099983215332,84.16000366210938,384.3500061035156,28.13999938964844,297.0299987792969,184.41000366210935,118.79000091552734,974.7999877929688,159.52000427246094,171.30999755859375,99.62249755859376,82.61000061035156,187.0200042724609,596.0399780273438,198.6100006103516,102.58999633789062,129.77999877929688,91.45999908447266,62.2400016784668,103.63999938964844,76.41999816894531,313.3500061035156,133.58999633789062,1057.3699951171875,401.8999938964844,42.18999862670898,89.41000366210938,12.710000038146973,78.69999694824219,100.75,318.0,987.5,140.4499969482422,79.45999908447266,330.5799865722656,332.9100036621094,909.6300048828124,20.07999992370605,342.7099914550781,244.6145782470703,79.08999633789062,42.130001068115234,240.2700042724609,162.0399932861328,76.30000305175781,63.810001373291016,366.7999877929688,467.2200012207031,268.7200012207031,240.1000061035156,311.1199951171875,22.11000061035156,179.59100341796875,75.9000015258789,69.29000091552734,17.3799991607666,499.6499938964844,852.7899780273438,922.5,611.5800170898438,248.44000244140625,272.4100036621094,513.1599731445312,303.2200012207031,862.7899780273438,233.6000061035156,88.12000274658203,653.3900146484375,1840.6600341796875,76.04000091552734,662.489990234375,152.5500030517578,61.68999862670898,65.62000274658203,119.95999908447266,133.8300018310547,183.33999633789065,393.1099853515625,137.41000366210938,465.6600036621094,91.30999755859376,106.27999877929688,44.20000076293945,87.79000091552734,196.50999450683597,39.31999969482422,163.0,161.58999633789062,155.72000122070312,27.11000061035156,144.3800048828125,196.58999633789065,138.36000061035156,135.6999969482422,159.47000122070312,47.970001220703125,132.83999633789062,48.02999877929688,202.80999755859372,167.80999755859375,98.47000122070312,30.709999084472656,75.19000244140625,333.6000061035156,27.200000762939453,135.47000122070312,418.7999877929688,95.95999908447266,17.90999984741211,20.950000762939453,402.3084106445313,694.4600219726562,345.8800048828125,25.6200008392334,63.72999954223633,119.52999877929688,160.27999877929688,527.219970703125,27.100000381469727,150.8699951171875,364.2000122070313,379.8900146484375,21.020000457763672,218.8699951171875,72.91000366210938,314.19000244140625,252.0399932861328,103.22000122070312,11.0600004196167,52.84000015258789,311.3699951171875,159.08999633789062,88.37000274658203,235.5800018310547,94.22000122070312,15.619999885559082,310.510009765625,444.2799987792969,163.97000122070312,57.97999954223633,45.47999954223633,81.69999694824219,125.0500030517578,55.95000076293945,51.77999877929688,173.35000610351562,148.8300018310547,149.24000549316406,59.02000045776367
2026-04-15,266.42999267578125,208.4199981689453,101.55999755859376,194.0,244.66000366210935,347.94000244140625,196.9199981689453,218.22999572753903,394.260009765625,258.1199951171875,348.2200012207031,248.5,154.3300018310547,464.6300048828125,154.86000061035156,159.33999633789062,1481.77001953125,86.91000366210938,396.7200012207031,402.1799926757813,329.0599975585937,223.92999267578125,133.27999877929688,54.31999969482422,26.6299991607666,39.310001373291016,185.69000244140625,1048.5999755859375,57.88999938964844,474.0899963378906,64.61000061035156,130.19000244140625,131.69000244140625,770.1699829101562,327.2699890136719,304.1000061035156,294.7300109863281,35.279998779296875,83.48999786376953,381.9400024414063,28.299999237060547,296.8999938964844,195.8999938964844,118.91999816894533,984.75,168.35000610351562,177.60000610351562,102.79000091552734,82.36000061035156,184.91000366210935,576.6400146484375,198.13999938964844,103.04000091552734,127.9800033569336,98.77999877929688,62.20000076293945,103.30999755859376,76.5999984741211,311.17999267578125,132.38999938964844,1052.97998046875,395.05999755859375,42.36000061035156,89.06999969482422,12.710000038146973,79.63999938964844,97.7699966430664,313.92999267578125,985.9199829101562,139.77000427246094,77.77999877929688,334.4700012207031,337.1199951171875,899.489990234375,21.76000022888184,338.9100036621094,243.51336669921875,87.31999969482422,42.560001373291016,244.8000030517578,165.07000732421875,76.29000091552734,64.94000244140625,389.7200012207031,468.3599853515625,269.3900146484375,238.6699981689453,305.92999267578125,22.01000022888184,174.81100463867188,75.30999755859375,69.16999816894531,17.299999237060547,497.9400024414063,824.010009765625,905.030029296875,611.0999755859375,243.9900054931641,265.1600036621094,519.9600219726562,306.260009765625,863.4199829101562,244.05999755859372,87.0999984741211,651.4000244140625,1872.1199951171875,77.5199966430664,671.5800170898438,151.24000549316406,65.43000030517578,64.41999816894531,117.9000015258789,134.60000610351562,191.6199951171875,411.2200012207031,143.5399932861328,456.2300109863281,91.23999786376952,107.70999908447266,45.43999862670898,94.19000244140624,198.8699951171875,40.810001373291016,169.80999755859375,164.11000061035156,154.85000610351562,27.190000534057617,143.3800048828125,201.22999572753903,139.77000427246094,142.14999389648438,157.19000244140625,49.56999969482422,133.0500030517578,51.36000061035156,198.38999938964844,172.89999389648438,98.33999633789062,30.649999618530277,74.93000030517578,328.8399963378906,27.290000915527344,144.47999572753906,438.4500122070313,94.63999938964844,18.790000915527344,21.239999771118164,407.3604431152344,699.9400024414062,341.239990234375,25.459999084472656,64.25,122.87000274658205,160.22999572753906,531.6699829101562,28.15999984741211,151.3699951171875,391.9500122070313,375.1000061035156,22.3799991607666,216.2899932861328,77.27999877929688,314.04998779296875,248.02999877929688,103.56999969482422,11.300000190734863,54.84000015258789,315.9100036621094,167.3000030517578,88.02999877929688,235.0,94.29000091552734,15.59000015258789,301.1600036621094,441.7000122070313,162.94000244140625,58.09000015258789,45.02999877929688,80.29000091552734,124.76000213623048,55.7599983215332,52.16999816894531,171.17999267578125,147.77000427246094,149.00999450683594,61.290000915527344
2026-04-16,263.3999938964844,208.9900054931641,95.47000122070312,194.0,248.16000366210935,353.79998779296875,200.38999938964844,213.8699951171875,389.8999938964844,278.260009765625,349.3900146484375,249.6999969482422,161.00999450683594,466.0899963378906,155.2100067138672,162.3300018310547,1410.8299560546875,90.94000244140624,398.4700012207031,393.0799865722656,325.760009765625,218.8800048828125,138.58999633789062,53.5099983215332,26.549999237060547,38.209999084472656,184.55999755859372,1024.949951171875,58.959999084472656,475.1199951171875,63.41999816894531,128.1300048828125,129.33999633789062,772.6599731445312,328.4200134277344,306.9599914550781,299.1400146484375,34.849998474121094,83.62000274658203,382.3200073242188,29.350000381469727,296.2200012207031,199.8300018310547,121.56999969482422,987.2100219726562,158.92999267578125,181.22000122070312,104.5500030517578,84.5,188.1499938964844,584.1900024414062,193.77999877929688,103.9000015258789,128.6300048828125,103.4499969482422,62.45000076293945,103.01000213623048,75.33999633789062,315.82000732421875,134.07000732421875,1070.9000244140625,392.7300109863281,42.36000061035156,89.41000366210938,12.4399995803833,82.4000015258789,97.66000366210938,298.2900085449219,978.3200073242188,138.5500030517578,78.05000305175781,332.7699890136719,336.0199890136719,900.0,21.82999992370605,337.1499938964844,240.5663299560547,86.8499984741211,42.72999954223633,251.0,163.75,76.63999938964844,68.5,387.1099853515625,458.0799865722656,269.95001220703125,234.5399932861328,309.95001220703125,22.59000015258789,173.48500061035156,75.18000030517578,68.83000183105469,17.459999084472656,499.2200012207031,891.219970703125,903.989990234375,607.489990234375,242.4199981689453,260.9599914550781,518.5399780273438,306.9599914550781,867.3400268554688,251.13999938964844,85.6500015258789,652.7100219726562,1822.1300048828125,77.08999633789062,676.8699951171875,150.5500030517578,66.37000274658203,64.94000244140625,115.45999908447266,133.3699951171875,187.32000732421875,420.260009765625,148.94000244140625,457.2300109863281,91.83000183105467,107.79000091552734,45.70000076293945,96.44000244140624,198.3500061035156,40.93000030517578,178.33999633789062,166.97000122070312,158.3800048828125,27.21999931335449,143.11000061035156,203.47000122070312,142.1699981689453,142.75999450683594,156.24000549316406,49.810001373291016,134.47000122070312,51.93999862670898,195.8500061035156,177.41000366210938,98.36000061035156,30.809999465942383,73.19000244140625,333.3399963378906,28.399999618530277,143.5500030517578,441.1499938964844,94.9000015258789,19.030000686645508,21.459999084472656,413.2355651855469,701.6599731445312,338.3800048828125,26.399999618530277,65.9000015258789,123.91000366210938,157.47999572753906,516.0,28.5,150.69000244140625,388.8999938964844,363.3500061035156,22.76000022888184,223.1000061035156,76.4800033569336,316.3999938964844,251.07000732421875,105.05999755859376,11.0600004196167,55.27000045776367,315.1000061035156,167.69000244140625,87.70999908447266,241.7400054931641,95.16000366210938,15.699999809265137,294.1300048828125,435.6499938964844,165.52999877929688,58.209999084472656,46.77999877929688,81.25,124.81999969482422,56.58000183105469,52.02999877929688,170.3300018310547,146.61000061035156,151.97999572753906,62.439998626708984
2026-04-17,270.2300109863281,208.3800048828125,96.80999755859376,197.6499938964844,244.4499969482422,371.4500122070313,200.47000122070312,216.16000366210935,396.9400024414063,278.3900146484375,355.29998779296875,250.55999755859372,164.22999572753906,477.2000122070313,156.47000122070312,166.72999572753906,1459.800048828125,85.52999877929688,406.5400085449219,402.8500061035156,331.69000244140625,223.3800048828125,141.00999450683594,53.90999984741211,27.270000457763672,38.810001373291016,192.00999450683597,1052.1400146484375,60.16999816894531,474.5799865722656,64.2300033569336,129.0800018310547,132.17999267578125,794.6500244140625,330.8299865722656,311.0299987792969,296.2099914550781,35.25,85.80999755859375,396.010009765625,29.6299991607666,287.6499938964844,206.3300018310547,116.04000091552734,999.8900146484376,160.69000244140625,182.13999938964844,105.9875030517578,86.25,183.9900054931641,590.4600219726562,194.75,106.29000091552734,128.02999877929688,100.51000213623048,63.63999938964844,104.31999969482422,76.19999694824219,323.04998779296875,128.42999267578125,1088.6199951171875,406.2099914550781,43.18999862670898,90.19000244140624,12.869999885559082,81.83999633789062,100.33999633789062,304.1300048828125,1002.75,137.63999938964844,81.31999969482422,339.3999938964844,341.67999267578125,925.9500122070312,21.420000076293945,349.3999938964844,244.939697265625,90.75,43.93999862670898,253.47000122070312,161.24000549316406,78.0999984741211,68.5,393.25,469.2099914550781,275.7799987792969,234.17999267578125,310.2900085449219,22.46999931335449,179.1439971923828,75.73999786376953,70.37000274658203,17.610000610351562,492.2300109863281,894.0700073242188,927.030029296875,592.1900024414062,251.72000122070312,267.6000061035156,521.2999877929688,311.3599853515625,866.3800048828125,263.3800048828125,86.19000244140625,665.4299926757812,1855.8299560546875,78.08000183105469,688.5499877929688,154.5500030517578,64.98999786376953,64.16999816894531,119.06999969482422,139.69000244140625,188.82000732421875,422.7900085449219,166.52000427246094,455.0700073242188,91.9800033569336,97.30999755859376,46.02999877929688,96.66000366210938,201.67999267578125,40.52000045776367,175.05999755859375,167.85000610351562,157.6699981689453,27.559999465942383,146.92999267578125,202.5800018310547,145.10000610351562,146.38999938964844,157.7899932861328,50.810001373291016,136.1999969482422,52.34000015258789,196.4199981689453,181.22000122070312,100.0,31.049999237060547,74.1500015258789,345.54998779296875,28.559999465942383,143.97999572753906,449.5799865722656,94.51000213623048,19.43000030517578,21.700000762939453,418.7038879394531,710.1400146484375,343.32000732421875,26.51000022888184,66.69999694824219,127.83999633789062,160.67999267578125,526.5999755859375,29.07999992370605,155.85000610351562,400.6199951171875,370.5,22.46999931335449,229.82000732421875,77.12000274658203,324.6300048828125,251.13999938964844,106.44000244140624,11.270000457763672,55.86000061035156,317.0199890136719,167.9499969482422,89.06999969482422,223.6499938964844,96.68000030517578,15.479999542236328,307.3399963378906,441.2000122070313,163.4600067138672,59.18000030517578,46.54999923706055,81.41000366210938,127.5,55.02000045776367,52.43000030517578,173.50999450683594,148.8000030517578,146.44000244140625,63.970001220703125
2026-04-20,273.04998779296875,203.7100067138672,96.0,195.05999755859372,248.6300048828125,381.0499877929688,202.38999938964844,215.1499938964844,391.6199951171875,274.95001220703125,350.1600036621094,248.27999877929688,166.85000610351562,490.9599914550781,158.6699981689453,175.10000610351562,1476.5,81.0,399.6300048828125,403.75,329.8699951171875,225.0800018310547,140.1699981689453,53.95000076293945,27.729999542236328,39.630001068115234,192.02999877929688,1048.4200439453125,59.130001068115234,472.0799865722656,60.9900016784668,128.99000549316406,133.0500030517578,798.4000244140625,329.989990234375,318.5,287.5599975585937,33.779998779296875,83.52999877929688,401.1199951171875,29.729999542236328,287.45001220703125,211.6300048828125,116.4499969482422,997.8400268554688,174.52999877929688,186.2700042724609,108.2874984741211,87.70999908447266,183.25,594.52001953125,195.5,106.3000030517578,127.86000061035156,104.83999633789062,63.18000030517578,103.91000366210938,77.8499984741211,319.3599853515625,129.16000366210938,1103.969970703125,407.5700073242188,42.9900016784668,89.33000183105469,12.869999885559082,82.5999984741211,99.12999725341795,303.6000061035156,990.1799926757812,135.8699951171875,80.54000091552734,335.3999938964844,337.4200134277344,941.739990234375,21.65999984741211,350.989990234375,240.9438934326172,91.2750015258789,43.25,253.7100067138672,160.61000061035156,77.54000091552734,65.69999694824219,404.8299865722656,465.6000061035156,277.3500061035156,230.69000244140625,316.989990234375,22.209999084472656,180.5319976806641,75.4800033569336,70.63999938964844,17.579999923706055,498.1499938964844,895.1099853515625,919.9000244140624,581.280029296875,253.2899932861328,263.1600036621094,516.6500244140625,306.94000244140625,859.0399780273438,264.1099853515625,85.0,669.5800170898438,1870.0799560546875,77.69999694824219,670.9099731445312,151.39999389648438,68.41000366210938,64.61000061035156,117.0999984741211,147.83999633789062,190.6999969482422,418.0700073242188,170.80999755859375,448.4200134277344,92.01000213623048,94.83000183105467,46.47999954223633,99.72000122070312,202.05999755859372,40.459999084472656,177.5800018310547,169.55999755859375,156.99000549316406,27.520000457763672,144.49000549316406,203.77999877929688,145.02999877929688,145.88999938964844,157.5500030517578,51.459999084472656,137.52000427246094,53.59999847412109,195.7899932861328,178.94000244140625,98.9499969482422,31.030000686645508,74.3499984741211,343.92999267578125,28.809999465942383,150.44000244140625,460.9500122070313,93.51000213623048,19.5,21.440000534057617,418.8647155761719,708.719970703125,338.3399963378906,26.18000030517578,66.80999755859375,130.17999267578125,159.69000244140625,526.02001953125,29.18000030517578,153.61000061035156,392.5,366.239990234375,24.049999237060547,233.6999969482422,77.48999786376953,323.4800109863281,252.17999267578125,107.11000061035156,11.09000015258789,56.04999923706055,313.94000244140625,168.83999633789062,88.83999633789062,226.27999877929688,97.02999877929688,15.649999618530272,314.4100036621094,439.1799926757813,159.60000610351562,58.90999984741211,46.43999862670898,81.97000122070312,127.91999816894533,55.06999969482422,52.630001068115234,173.89999389648438,147.4199981689453,147.67999267578125,64.13999938964844
2026-04-21,266.1700134277344,205.1199951171875,92.72000122070312,194.4199981689453,247.17999267578125,375.2699890136719,202.8699951171875,216.33999633789065,394.3299865722656,284.489990234375,344.8599853515625,249.91000366210935,172.86000061035156,473.1799926757813,158.1300048828125,175.49000549316406,1458.969970703125,80.01000213623047,402.1700134277344,404.9200134277344,329.7900085449219,219.16000366210935,135.3800048828125,53.47999954223633,27.239999771118164,39.77999877929688,190.8600006103516,1042.8499755859375,59.38999938964844,468.5,59.52000045776367,128.5,131.67999267578125,800.4500122070312,329.2900085449219,325.8399963378906,277.70001220703125,32.689998626708984,81.80999755859375,403.0299987792969,29.049999237060547,284.3999938964844,195.9499969482422,120.26000213623048,1005.8099975585938,183.32000732421875,187.1100006103516,112.40249633789062,89.69999694824219,185.97999572753903,587.2999877929688,194.5399932861328,104.29000091552734,125.66999816894533,102.62999725341795,62.25,101.62999725341795,75.86000061035156,328.1099853515625,132.42999267578125,1094.3399658203125,409.7000122070313,42.060001373291016,87.13999938964844,12.779999732971191,85.26000213623047,92.98999786376952,286.7300109863281,991.2999877929688,133.2899932861328,79.05000305175781,330.4700012207031,332.2900085449219,926.5499877929688,22.149999618530277,343.9200134277344,233.05715942382807,86.43000030517578,42.5099983215332,255.67999267578125,158.6300048828125,76.44000244140625,66.26000213623047,404.8500061035156,451.2900085449219,274.510009765625,226.16000366210935,313.0,21.979999542236328,178.53700256347656,74.69999694824219,69.62999725341797,17.299999237060547,494.8399963378906,836.9199829101562,903.02001953125,571.9500122070312,251.19000244140625,258.3699951171875,511.3500061035156,301.8399963378906,842.25,261.42999267578125,82.0,665.6199951171875,1854.1800537109373,77.4800033569336,668.8400268554688,148.47000122070312,67.86000061035156,64.6500015258789,112.55999755859376,151.30999755859375,189.30999755859372,424.1600036621094,163.97000122070312,449.3800048828125,90.5999984741211,92.58000183105467,46.38999938964844,100.13999938964844,199.8800048828125,39.41999816894531,181.1699981689453,174.9600067138672,154.9199981689453,27.309999465942383,142.32000732421875,207.5,141.9199981689453,145.97000122070312,153.25,50.880001068115234,135.55999755859375,54.02000045776367,187.1699981689453,176.44000244140625,97.8000030517578,30.979999542236328,75.29000091552734,334.6099853515625,28.43000030517578,150.83999633789062,467.5799865722656,91.91999816894533,18.82999992370605,20.780000686645508,420.6906433105469,704.0800170898438,327.29998779296875,25.8799991607666,65.0999984741211,132.10000610351562,159.25,524.5700073242188,28.670000076293945,150.5,386.4200134277344,368.0799865722656,23.200000762939453,233.1499938964844,77.26000213623047,346.010009765625,251.25,106.30999755859376,11.079999923706056,53.7400016784668,309.94000244140625,167.7899932861328,86.9000015258789,233.38999938964844,95.30999755859376,15.1899995803833,312.44000244140625,436.5899963378906,154.91000366210938,58.20000076293945,46.27000045776367,81.55000305175781,129.60000610351562,55.869998931884766,52.29999923706055,171.44000244140625,145.9199981689453,148.36000061035156,63.2599983215332
2026-04-22,273.1700134277344,200.5,91.6999969482422,190.1000061035156,255.94000244140625,381.4200134277344,201.69000244140625,214.16000366210935,403.4800109863281,303.4599914550781,345.9200134277344,255.3600006103516,177.72999572753906,483.7099914550781,158.41000366210938,196.57000732421875,1443.6600341796875,84.66000366210938,422.6499938964844,403.1499938964844,332.8999938964844,231.27999877929688,136.4199981689453,53.119998931884766,27.489999771118164,40.040000915527344,179.39999389648438,1062.469970703125,58.79999923706055,465.3999938964844,64.87000274658203,129.72999572753906,129.72999572753906,808.8699951171875,325.42999267578125,331.6099853515625,287.1600036621094,33.2599983215332,82.3499984741211,401.739990234375,29.3700008392334,285.7099914550781,206.2400054931641,122.5999984741211,1003.7000122070312,189.4900054931641,189.8000030517578,116.66999816894533,89.80000305175781,186.32000732421875,579.989990234375,184.0399932861328,104.81999969482422,125.25,105.5199966430664,63.380001068115234,101.97000122070312,76.66000366210938,328.20001220703125,133.00999450683594,1102.280029296875,413.8699951171875,42.31999969482422,87.76000213623047,12.630000114440918,87.08999633789062,94.4800033569336,276.2900085449219,1127.56005859375,132.89999389648438,79.0,337.7300109863281,339.32000732421875,934.8400268554688,22.36000061035156,339.5,230.6974334716797,88.43000030517578,44.75,251.8600006103516,158.82000732421875,77.9000015258789,65.2699966430664,408.6799926757813,483.6199951171875,276.4800109863281,226.1000061035156,313.0199890136719,21.88999938964844,181.20599365234372,74.62999725341797,69.25,17.309999465942383,494.6199951171875,873.5999755859375,921.47998046875,555.4299926757812,245.19000244140625,265.54998779296875,510.1600036621094,300.07000732421875,829.22998046875,269.5400085449219,83.22000122070312,663.0900268554688,1860.97998046875,76.97000122070312,674.719970703125,145.77999877929688,69.73999786376953,65.18000030517578,112.88999938964844,157.32000732421875,191.0500030517578,432.9200134277344,179.36000061035156,487.4800109863281,90.0,93.23999786376952,45.68000030517578,103.06999969482422,202.5,39.150001525878906,187.5,181.1999969482422,153.7899932861328,26.799999237060547,142.85000610351562,202.7100067138672,141.4199981689453,152.6199951171875,163.9499969482422,51.220001220703125,136.07000732421875,55.2400016784668,180.91000366210935,174.02000427246094,99.5199966430664,31.01000022888184,74.98999786376953,335.1499938964844,29.18000030517578,155.57000732421875,477.260009765625,91.87000274658205,19.059999465942383,20.84000015258789,424.8439025878906,711.2100219726562,329.3500061035156,25.979999542236328,64.44999694824219,130.60000610351562,158.47000122070312,513.97998046875,29.459999084472656,146.1699981689453,387.510009765625,387.4400024414063,23.559999465942383,236.30999755859372,75.58000183105469,353.5199890136719,249.3999938964844,105.3000030517578,11.34000015258789,57.72999954223633,311.2900085449219,163.77999877929688,87.13999938964844,234.3600006103516,94.5199966430664,15.3100004196167,305.1400146484375,437.6700134277344,155.7899932861328,58.7599983215332,45.97999954223633,80.58000183105469,129.97999572753906,56.540000915527344,52.209999084472656,171.0399932861328,146.3800048828125,149.5,63.2599983215332
2026-04-23,273.42999267578125,200.9499969482422,92.4800033569336,178.27999877929688,238.97999572753903,403.8800048828125,198.52999877929688,216.55999755859372,403.9100036621094,305.3299865722656,348.6199951171875,255.0800018310547,172.5500030517578,454.1700134277344,152.3000030517578,204.6100006103516,1417.800048828125,78.75,419.9400024414063,392.6400146484375,318.54998779296875,234.1499938964844,131.6999969482422,52.470001220703125,26.81999969482422,36.65999984741211,176.75,1053.469970703125,59.02000045776367,470.5499877929688,65.69000244140625,122.33000183105467,128.50999450683594,835.239990234375,332.8800048828125,314.3299865722656,292.7699890136719,33.93000030517578,83.72000122070312,391.6000061035156,31.63999938964844,285.4700012207031,197.92999267578125,124.37000274658205,1014.3800048828124,185.5399932861328,173.3000030517578,111.34750366210938,88.58999633789062,187.6000061035156,591.9500122070312,178.57000732421875,103.6500015258789,128.0399932861328,100.29000091552734,62.34999847412109,101.23999786376952,76.4000015258789,346.2900085449219,133.8699951171875,1115.2900390625,424.5,41.91999816894531,87.06999969482422,12.479999542236328,82.76000213623047,92.19000244140624,282.3399963378906,1149.530029296875,133.63999938964844,78.5199966430664,337.75,338.8900146484375,931.2999877929688,20.65999984741211,340.1600036621094,224.79286193847656,83.54000091552734,44.04999923706055,231.0800018310547,157.47999572753906,76.56999969482422,66.77999877929688,383.2999877929688,478.8200073242188,275.5199890136719,230.6499938964844,311.69000244140625,21.96999931335449,181.54299926757807,76.27999877929688,70.0,17.489999771118164,508.05999755859375,846.8900146484375,917.6500244140624,529.7899780273438,246.5399932861328,258.5599975585937,502.3800048828125,302.5299987792969,836.0999755859375,258.1099853515625,83.79000091552734,663.010009765625,1809.199951171875,76.05999755859375,659.1500244140625,144.83999633789062,64.5999984741211,67.1500015258789,114.62000274658205,165.55999755859375,188.6499938964844,415.75,172.47000122070312,481.7200012207031,96.25,92.81999969482422,44.77999877929688,84.77999877929688,199.63999938964844,38.52000045776367,176.27999877929688,173.2100067138672,155.6999969482422,26.670000076293945,145.7100067138672,205.3300018310547,142.33999633789062,141.57000732421875,169.19000244140625,49.75,133.9499969482422,51.02999877929688,179.3000030517578,163.25,99.54000091552734,31.420000076293945,72.55000305175781,337.6600036621094,26.75,146.39999389648438,456.8500061035156,93.91000366210938,18.31999969482422,20.489999771118164,415.3547668457031,708.4500122070312,329.6499938964844,26.61000061035156,62.209999084472656,130.1699981689453,158.35000610351562,466.7000122070313,27.920000076293945,146.4499969482422,373.7200012207031,382.6600036621094,22.6200008392334,282.2300109863281,74.69999694824219,354.5599975585937,271.260009765625,107.72000122070312,10.479999542236328,56.470001220703125,308.8800048828125,156.14999389648438,86.47000122070312,233.8300018310547,95.48999786376952,15.619999885559082,321.75,435.1000061035156,156.85000610351562,57.91999816894531,47.220001220703125,80.51000213623047,132.02999877929688,56.97999954223633,51.79999923706055,174.07000732421875,146.24000549316406,150.52999877929688,61.54999923706055
2026-04-24,271.0599975585937,198.7100067138672,91.12999725341795,178.36000061035156,245.44000244140625,399.5700073242188,196.52999877929688,212.8800048828125,417.0400085449219,347.8099975585937,344.54998779296875,263.989990234375,176.91000366210938,448.2900085449219,169.2899932861328,234.80999755859372,1457.699951171875,76.4000015258789,422.760009765625,397.1199951171875,314.0799865722656,232.44000244140625,135.82000732421875,52.04999923706055,27.1200008392334,37.18999862670898,180.25,1044.969970703125,58.709999084472656,469.3200073242188,62.06999969482422,121.6500015258789,127.9800033569336,830.7899780273438,326.1199951171875,332.8900146484375,313.5299987792969,34.59000015258789,84.6500015258789,410.2099914550781,27.559999465942383,285.0599975585937,199.7700042724609,121.76000213623048,1011.1500244140624,195.0399932861328,178.16000366210938,112.03250122070312,89.01000213623047,185.2100067138672,562.6400146484375,177.25,102.5999984741211,127.2699966430664,103.4499969482422,63.7400016784668,101.7699966430664,77.81999969482422,344.760009765625,133.1300048828125,1108.760009765625,423.9200134277344,42.34999847412109,87.31999969482422,12.380000114440918,84.33999633789062,94.33999633789062,284.6000061035156,1149.18994140625,130.39999389648438,78.05000305175781,342.32000732421875,344.3999938964844,926.9099731445312,21.51000022888184,335.8900146484375,223.56581115722656,84.70999908447266,44.02000045776367,231.97999572753903,158.4499969482422,78.16999816894531,82.54000091552734,395.9500122070313,482.2200012207031,276.6499938964844,227.5,308.2799987792969,21.940000534057617,193.5,76.62999725341797,68.88999938964844,17.489999771118164,510.2999877929688,881.6400146484375,883.9600219726562,513.4500122070312,244.4499969482422,267.7799987792969,504.1700134277344,299.3599853515625,828.1099853515625,253.58999633789065,83.31999969482422,664.469970703125,1835.219970703125,77.69999694824219,675.030029296875,145.99000549316406,67.79000091552734,66.87999725341797,111.9000015258789,164.30999755859375,188.07000732421875,424.6199951171875,171.02000427246094,496.7200012207031,95.27999877929688,92.44000244140624,44.68999862670898,90.16999816894533,208.2700042724609,41.16999816894531,173.27999877929688,178.5399932861328,155.44000244140625,27.0,148.17999267578125,200.88999938964844,142.10000610351562,143.08999633789062,164.1999969482422,50.47999954223633,148.85000610351562,52.27999877929688,174.25999450683594,175.25999450683594,98.66999816894533,31.200000762939453,72.95999908447266,337.70001220703125,29.07999992370605,140.32000732421875,500.8200073242188,93.48999786376952,18.440000534057617,20.280000686645508,413.2355651855469,713.9400024414062,327.510009765625,26.200000762939453,62.58000183105469,129.25999450683594,157.02999877929688,469.7099914550781,29.040000915527344,145.88999938964844,376.2999877929688,402.4599914550781,23.96999931335449,277.1400146484375,74.63999938964844,354.9200134277344,268.70001220703125,107.0199966430664,10.630000114440918,55.310001373291016,309.4200134277344,161.1300048828125,87.05000305175781,235.8500061035156,95.3000030517578,15.630000114440918,323.4599914550781,430.2900085449219,164.35000610351562,59.02000045776367,46.380001068115234,79.41999816894531,129.9199981689453,56.869998931884766,51.41999816894531,172.47000122070312,144.17999267578125,148.91000366210938,60.84000015258789
2026-04-27,267.6099853515625,197.3800048828125,92.8000030517578,176.97000122070312,239.30999755859372,392.5899963378906,197.22999572753903,214.1999969482422,404.8599853515625,334.6300048828125,340.17999267578125,261.1199951171875,172.47000122070312,460.2900085449219,169.75,215.8800048828125,1432.43994140625,77.19999694824219,418.2000122070313,402.5899963378906,318.8399963378906,231.3300018310547,132.52000427246094,52.630001068115234,27.56999969482422,37.54999923706055,177.52000427246094,1056.8599853515625,57.77999877929688,472.80999755859375,59.95000076293945,120.37000274658205,129.13999938964844,828.7899780273438,324.6000061035156,336.5400085449219,315.1700134277344,33.13999938964844,84.16999816894531,422.2099914550781,27.51000022888184,281.94000244140625,196.67999267578125,121.68000030517578,998.010009765625,180.5,180.17999267578125,113.65249633789062,88.26000213623047,184.77999877929688,567.6900024414062,180.6199951171875,102.3499984741211,127.08999633789062,103.3000030517578,63.63999938964844,101.37999725341795,77.31999969482422,356.1300048828125,133.22000122070312,1089.8499755859375,416.7699890136719,42.119998931884766,87.68000030517578,12.489999771118164,85.66999816894531,92.58999633789062,284.5599975585937,1120.22998046875,127.75,77.95999908447266,348.5199890136719,350.3399963378906,937.8099975585938,21.450000762939453,332.29998779296875,222.3911895751953,83.94999694824219,43.560001373291016,228.0500030517578,156.9499969482422,78.0199966430664,84.98999786376953,389.9200134277344,470.989990234375,277.1400146484375,225.33999633789065,311.6300048828125,21.920000076293945,190.0,75.44000244140625,70.06999969482422,17.530000686645508,510.75,859.6799926757812,868.27001953125,513.3499755859375,242.5500030517578,259.4700012207031,506.4299926757813,290.2099914550781,828.3200073242188,264.3800048828125,82.91999816894531,664.7999877929688,1839.280029296875,77.66999816894531,678.6199951171875,145.77000427246094,68.0199966430664,66.0,110.2300033569336,158.2100067138672,190.17999267578125,424.8200073242188,169.1999969482422,524.5599975585938,94.83000183105467,91.37000274658205,45.13999938964844,90.4499969482422,216.6100006103516,41.20000076293945,172.9600067138672,182.8999938964844,154.10000610351562,26.790000915527344,148.39999389648438,201.97999572753903,140.02000427246094,143.10000610351562,160.89999389648438,49.77000045776367,150.25999450683594,53.2599983215332,173.3800048828125,173.44000244140625,97.88999938964844,31.1299991607666,71.62000274658203,336.1000061035156,27.850000381469727,144.25,498.5400085449219,93.7699966430664,18.76000022888184,20.13999938964844,413.6423950195313,715.1699829101562,329.010009765625,25.520000457763672,61.02999877929688,129.72000122070312,157.47999572753906,468.0400085449219,28.649999618530277,146.47000122070312,378.6700134277344,404.9800109863281,23.13999938964844,269.5,76.2699966430664,354.69000244140625,268.9100036621094,108.23999786376952,10.649999618530272,56.70000076293945,309.6499938964844,160.4499969482422,86.55000305175781,238.25,94.77999877929688,15.510000228881836,322.42999267578125,426.010009765625,166.5800018310547,58.72999954223633,47.09999847412109,80.55999755859375,127.58999633789062,56.77000045776367,51.810001373291016,172.50999450683594,143.4600067138672,148.19000244140625,61.27000045776367
2026-04-28,270.7099914550781,197.69000244140625,93.86000061035156,177.75,243.1999969482422,383.260009765625,199.1699981689453,216.3999938964844,381.1099853515625,323.2099914550781,339.57000732421875,259.70001220703125,165.2899932861328,449.0299987792969,168.77999877929688,198.6499938964844,1384.56005859375,71.87999725341797,399.8299865722656,406.30999755859375,315.8999938964844,230.72000122070312,130.85000610351562,52.65999984741211,29.459999084472656,37.72999954223633,173.3800048828125,1049.760009765625,58.2599983215332,478.1600036621094,58.45000076293945,121.5199966430664,128.52999877929688,817.8699951171875,330.3399963378906,325.3099975585937,305.7099914550781,32.619998931884766,85.66999816894531,361.5400085449219,27.63999938964844,284.5299987792969,194.1000061035156,124.31999969482422,994.0,165.9199981689453,181.32000732421875,113.74749755859376,86.86000061035156,188.3600006103516,563.8599853515625,178.97999572753906,101.47000122070312,127.8000030517578,106.23999786376952,62.9900016784668,100.95999908447266,77.0999984741211,362.739990234375,135.77999877929688,1076.4000244140625,413.0700073242188,41.88999938964844,87.55999755859375,12.399999618530272,85.72000122070312,88.54000091552734,289.20001220703125,1088.9300537109375,129.25999450683594,78.94999694824219,347.5,349.7799987792969,926.5499877929688,22.440000534057617,329.0599975585937,223.3141021728516,82.06999969482422,43.27000045776367,233.0399932861328,156.3000030517578,77.2699966430664,84.5199966430664,400.3800048828125,466.6400146484375,273.9100036621094,227.7899932861328,311.45001220703125,22.46999931335449,180.89700317382807,78.3499984741211,70.37000274658203,17.540000915527344,510.2900085449219,791.3699951171875,874.0,512.2899780273438,240.32000732421875,251.22999572753903,507.6199951171875,292.3900146484375,835.0,258.20001220703125,81.9000015258789,658.1400146484375,1791.989990234375,78.27999877929688,671.3400268554688,146.02999877929688,67.25,67.80000305175781,110.02999877929688,153.22999572753906,190.3600006103516,429.25,165.7100067138672,504.2900085449219,96.51000213623048,92.2699966430664,45.02999877929688,90.48999786376952,213.1699981689453,41.16999816894531,165.9600067138672,180.9900054931641,156.2899932861328,26.479999542236328,149.1699981689453,203.02999877929688,141.52999877929688,141.17999267578125,165.88999938964844,49.63999938964844,150.0,54.58000183105469,175.67999267578125,173.49000549316406,97.27999877929688,31.309999465942383,70.73999786376953,324.2699890136719,27.25,142.55999755859375,483.8900146484375,94.41000366210938,18.36000061035156,19.96999931335449,410.0946044921875,711.6900024414062,321.42999267578125,26.059999465942383,60.540000915527344,127.13999938964844,157.1999969482422,470.2200012207031,28.989999771118164,143.83999633789062,376.0199890136719,392.3399963378906,23.229999542236328,265.0,74.11000061035156,366.7699890136719,267.739990234375,103.94000244140624,10.380000114440918,54.22999954223633,309.29998779296875,158.49000549316406,86.16000366210938,240.2700042724609,95.6500015258789,15.489999771118164,305.0299987792969,430.1400146484375,161.1199951171875,58.31999969482422,47.2400016784668,81.5,127.58999633789062,57.709999084472656,51.84999847412109,170.97999572753906,143.83999633789062,150.55999755859375,61.599998474121094
2026-04-29,270.1700134277344,203.88999938964844,91.33000183105467,180.25999450683597,243.57000732421875,389.30999755859375,215.05999755859372,212.3300018310547,382.5899963378906,337.1099853515625,338.0199890136719,263.0400085449219,168.67999267578125,443.4299926757813,165.32000732421875,201.69000244140625,1394.0799560546875,69.8499984741211,405.4500122070313,400.5400085449219,315.6499938964844,224.1100006103516,130.42999267578125,52.880001068115234,29.450000762939453,37.25,173.97999572753906,1039.3800048828125,57.59000015258789,475.3800048828125,57.150001525878906,119.83000183105467,127.61000061035156,810.0499877929688,325.75,329.95001220703125,297.0,32.65999984741211,84.48999786376953,376.5400085449219,26.76000022888184,287.2699890136719,181.72999572753903,128.25,998.6699829101562,175.77000427246094,181.22000122070312,113.09500122070312,89.56999969482422,192.22000122070312,560.02001953125,178.8000030517578,101.3000030517578,126.51000213623048,106.81999969482422,62.68999862670898,99.93000030517578,75.69000244140625,376.6300048828125,139.1199951171875,1089.0699462890625,410.7699890136719,41.34000015258789,86.80999755859375,12.239999771118164,86.11000061035156,86.22000122070312,283.57000732421875,1063.1099853515625,128.83999633789062,76.62000274658203,347.3099975585937,349.94000244140625,905.5999755859376,21.90999984741211,322.8099975585937,220.55584716796875,71.19999694824219,42.75,227.1000061035156,156.19000244140625,76.97000122070312,94.75,395.0799865722656,453.8299865722656,272.0799865722656,227.3500061035156,309.25,22.420000076293945,181.6210021972656,78.87000274658203,69.02999877929688,17.229999542236328,504.7099914550781,858.3200073242188,851.2100219726562,509.80999755859375,233.5,248.75,525.22998046875,290.0799865722656,822.6300048828125,258.2900085449219,79.37000274658203,653.3200073242188,1767.02001953125,78.95999908447266,669.1199951171875,143.8699951171875,66.66000366210938,68.19999694824219,110.9499969482422,156.57000732421875,187.0800018310547,424.4599914550781,158.19000244140625,518.4600219726562,94.16999816894533,92.12000274658205,44.38999938964844,88.88999938964844,209.25,40.290000915527344,163.8300018310547,181.5399932861328,155.2899932861328,26.26000022888184,146.4600067138672,200.66000366210935,138.82000732421875,137.97000122070312,162.7100067138672,50.93999862670898,156.0,53.68000030517578,172.7899932861328,170.10000610351562,105.5,31.450000762939453,71.12999725341797,317.8500061035156,26.31999969482422,141.22000122070312,481.2200012207031,93.51000213623048,15.524999618530272,19.780000686645508,409.8297119140625,711.5800170898438,315.1300048828125,25.75,60.27000045776367,127.87000274658205,156.07000732421875,466.260009765625,28.6200008392334,141.60000610351562,372.7999877929688,393.8299865722656,24.3700008392334,269.2200012207031,74.47000122070312,370.739990234375,264.7799987792969,106.61000061035156,10.350000381469728,52.88999938964844,334.8599853515625,158.22000122070312,85.13999938964844,251.3000030517578,94.9000015258789,15.34000015258789,306.17999267578125,423.239990234375,153.7899932861328,58.08000183105469,46.61000061035156,81.51000213623047,128.00999450683594,59.02999877929688,51.91999816894531,169.92999267578125,142.83999633789062,154.6699981689453,62.02000045776367
2026-04-30,271.3500061035156,211.32000732421875,90.79000091552734,178.7100067138672,246.1000061035156,402.260009765625,211.94000244140625,217.25999450683597,394.489990234375,354.489990234375,346.25,265.0599975585937,172.7100067138672,446.3500061035156,167.08999633789062,210.32000732421875,1438.989990234375,73.9000015258789,417.4299926757813,401.760009765625,323.04998779296875,229.02999877929688,131.8800048828125,53.459999084472656,29.96999931335449,38.0,168.36000061035156,1065.5999755859375,60.59000015258789,473.6000061035156,57.61000061035156,125.58000183105467,127.9800033569336,890.1099853515625,327.0,329.5899963378906,313.0,33.56999969482422,85.36000061035156,409.5899963378906,27.040000915527344,287.82000732421875,187.7700042724609,125.77999877929688,1014.530029296875,174.00999450683594,176.52999877929688,111.4375,91.5,193.30999755859372,589.8699951171875,178.9499969482422,103.75,129.5500030517578,110.0999984741211,63.9900016784668,102.31999969482422,76.70999908447266,376.4200134277344,140.57000732421875,1082.8299560546875,433.010009765625,42.2599983215332,89.0999984741211,12.079999923706056,84.30999755859375,88.29000091552734,289.92999267578125,1083.4599609375,130.83999633789062,76.88999938964844,381.9400024414063,384.7999877929688,923.77001953125,22.13999938964844,328.79998779296875,224.78237915039065,72.88999938964844,43.31999969482422,230.97999572753903,158.08999633789062,78.48999786376953,94.4800033569336,388.5,457.6099853515625,277.9700012207031,229.8500061035156,313.2300109863281,22.65999984741211,175.03500366210938,78.76000213623047,69.8499984741211,17.530000686645508,501.1400146484375,902.3200073242188,934.5999755859376,517.969970703125,238.7899932861328,257.8599853515625,502.9200134277344,293.5899963378906,815.2000122070312,250.8300018310547,80.97000122070312,664.1699829101562,1792.6300048828125,80.0999984741211,611.9099731445312,146.52000427246094,65.87000274658203,72.6500015258789,109.18000030517578,165.14999389648438,190.58999633789065,407.7799987792969,165.4499969482422,517.1599731445312,97.87999725341795,93.61000061035156,44.36000061035156,88.30999755859375,199.57000732421875,42.220001220703125,161.38999938964844,179.32000732421875,158.49000549316406,26.700000762939453,147.08999633789062,201.27999877929688,142.02000427246094,139.11000061035156,165.07000732421875,50.13999938964844,179.5800018310547,53.18000030517578,176.07000732421875,169.49000549316406,105.33000183105467,32.06999969482422,81.8499984741211,321.6099853515625,27.399999618530277,136.47000122070312,482.6000061035156,96.6999969482422,16.100000381469727,20.09000015258789,407.9754028320313,718.6599731445312,315.1300048828125,26.1299991607666,61.02000045776367,129.75,156.75,478.9599914550781,28.520000457763672,145.0399932861328,381.6300048828125,396.05999755859375,23.59000015258789,281.0799865722656,74.61000061035156,370.4800109863281,269.4800109863281,108.8000030517578,10.350000381469728,56.41999816894531,329.8399963378906,155.97000122070312,87.13999938964844,252.5800018310547,96.33000183105467,15.800000190734863,328.489990234375,427.3800048828125,157.83999633789062,58.93000030517578,48.02999877929688,82.2300033569336,131.92999267578125,59.650001525878906,52.130001068115234,174.5800018310547,145.99000549316406,154.3300018310547,62.650001525878906
2026-05-01,280.1400146484375,206.6000061035156,89.45999908447266,179.8300018310547,250.7100067138672,397.6900024414063,214.2100067138672,216.58999633789065,389.0799865722656,360.5400085449219,329.82000732421875,268.260009765625,172.6999969482422,460.0,173.10000610351562,211.17999267578125,1427.02001953125,70.88999938964844,421.2799987792969,402.30999755859375,319.67999267578125,227.3800048828125,131.5,53.2400016784668,29.84000015258789,39.06999969482422,169.6300048828125,1061.6800537109375,58.220001220703125,473.010009765625,56.5,126.3499984741211,127.44000244140624,889.6699829101562,326.2200012207031,340.94000244140625,307.8099975585937,33.72999954223633,87.26000213623047,418.9299926757813,27.190000534057617,289.5400085449219,191.25,123.19000244140624,1011.7000122070312,184.3800048828125,183.82000732421875,113.91000366210938,91.8499984741211,190.6300048828125,577.260009765625,175.14999389648438,103.08000183105467,128.60000610351562,111.25,64.12999725341797,102.0999984741211,79.30000305175781,372.6799926757813,138.9499969482422,1085.030029296875,425.5499877929688,42.33000183105469,88.30000305175781,11.880000114440918,86.29000091552734,87.11000061035156,286.510009765625,1062.949951171875,131.64999389648438,75.7699966430664,383.2200012207031,385.6900024414063,923.7100219726562,24.049999237060547,323.8800048828125,222.86312866210935,73.66000366210938,44.470001220703125,232.1999969482422,154.75,78.6500015258789,99.62000274658205,399.0400085449219,457.7799987792969,279.2799987792969,227.19000244140625,312.4700012207031,22.489999771118164,172.62600708007812,78.58000183105469,69.81999969482422,17.43000030517578,507.9200134277344,949.9299926757812,963.3300170898438,512.77001953125,233.3300018310547,256.7200012207031,495.4599914550781,286.6400146484375,814.02001953125,263.4599914550781,80.0,664.3499755859375,1850.050048828125,80.2300033569336,608.75,142.5,72.73999786376953,74.55000305175781,112.16000366210938,164.9499969482422,190.1699981689453,414.4400024414063,177.1699981689453,542.2100219726562,96.9499969482422,92.05999755859376,44.400001525878906,91.16000366210938,198.4499969482422,43.880001068115234,171.8300018310547,181.0800018310547,157.41000366210938,26.32999992370605,147.25999450683594,199.30999755859372,141.41000366210938,144.07000732421875,166.3800048828125,50.43999862670898,177.00999450683594,55.06999969482422,173.99000549316406,170.75999450683594,105.9000015258789,31.86000061035156,81.19000244140625,318.0,27.09000015258789,141.0,489.0199890136719,96.70999908447266,16.43000030517578,19.780000686645508,403.0841979980469,720.6500244140625,294.7300109863281,26.1200008392334,61.20000076293945,128.88999938964844,156.8300018310547,469.2099914550781,29.11000061035156,142.74000549316406,390.8200073242188,397.6700134277344,24.239999771118164,281.0199890136719,75.12000274658203,368.7799987792969,266.32000732421875,107.56999969482422,10.489999771118164,55.84000015258789,328.0299987792969,171.60000610351562,87.1500015258789,246.8699951171875,96.05999755859376,16.149999618530273,328.3099975585937,423.9200134277344,155.27999877929688,58.9900016784668,48.11000061035156,80.80999755859375,131.60000610351562,58.84999847412109,51.91999816894531,172.9600067138672,145.16000366210938,152.75,62.13999938964844
2026-05-04,276.8299865722656,208.16000366210935,87.54000091552734,180.1199951171875,253.9600067138672,397.0199890136719,211.32000732421875,219.8699951171875,391.3800048828125,341.5400085449219,323.8500061035156,272.04998779296875,172.6199951171875,475.0,173.6300048828125,203.25999450683597,1386.2099609375,68.43000030517578,416.5,393.75,319.2099914550781,221.3000030517578,133.27000427246094,52.18999862670898,29.700000762939453,39.720001220703125,165.5800018310547,1052.25,57.380001068115234,468.5199890136719,56.84999847412109,123.08999633789062,125.62999725341795,874.780029296875,325.1199951171875,349.510009765625,321.04998779296875,33.56999969482422,85.37000274658203,420.7300109863281,27.06999969482422,290.2900085449219,202.9900054931641,124.91000366210938,1012.7899780273438,180.05999755859375,185.47999572753903,117.30999755859376,92.62999725341795,192.27999877929688,578.3900146484375,174.0399932861328,101.30999755859376,127.4499969482422,110.2300033569336,64.0999984741211,100.6999969482422,81.33000183105469,371.8999938964844,141.61000061035156,1083.199951171875,422.4400024414063,41.47999954223633,88.12000274658203,11.5,89.23999786376953,85.6500015258789,280.5199890136719,1073.949951171875,132.69000244140625,75.69999694824219,379.6400146484375,383.25,903.27001953125,24.59000015258789,312.4200134277344,219.81121826171875,76.55000305175781,45.400001525878906,229.47999572753903,156.44000244140625,78.58000183105469,95.77999877929688,406.989990234375,452.3500061035156,277.8800048828125,224.1999969482422,307.6499938964844,22.420000076293945,171.33200073242188,78.19000244140625,68.98999786376953,17.149999618530273,493.5499877929688,976.1799926757812,967.9299926757812,518.1500244140625,223.72000122070312,258.57000732421875,504.739990234375,284.1000061035156,807.8499755859375,264.69000244140625,78.30000305175781,660.3200073242188,1813.530029296875,78.94999694824219,610.4099731445312,141.55999755859375,77.31999969482422,73.41000366210938,113.11000061035156,163.66000366210938,188.00999450683597,413.6199951171875,183.8000030517578,576.4500122070312,95.51000213623048,91.0199966430664,43.09000015258789,91.97000122070312,198.47999572753903,44.38999938964844,180.2899932861328,184.55999755859372,154.58999633789062,26.299999237060547,143.4199981689453,199.2400054931641,138.75999450683594,146.02999877929688,169.19000244140625,50.38999938964844,168.3800048828125,57.93000030517578,172.89999389648438,171.4199981689453,104.97000122070312,31.520000457763672,80.69000244140625,310.489990234375,27.920000076293945,144.2100067138672,497.5,95.98999786376952,16.200000762939453,19.63999938964844,401.8448486328125,718.010009765625,290.8800048828125,26.100000381469727,60.41999816894531,127.76000213623048,154.63999938964844,462.6000061035156,29.40999984741211,139.74000549316406,392.510009765625,401.6099853515625,24.100000381469727,280.8900146484375,73.93000030517578,370.75,263.4100036621094,96.30999755859376,10.520000457763672,54.77000045776367,326.8500061035156,170.22000122070312,85.51000213623047,251.6300048828125,95.45999908447266,16.049999237060547,330.9700012207031,429.8500061035156,160.85000610351562,58.72999954223633,47.56999969482422,79.18000030517578,130.3300018310547,59.38999938964844,51.58000183105469,170.97999572753906,144.72999572753906,153.69000244140625,62.810001373291016
2026-05-05,284.17999267578125,206.1100006103516,87.16999816894531,179.00999450683594,255.6199951171875,404.7699890136719,210.6000061035156,218.50999450683597,410.8200073242188,355.260009765625,329.5899963378906,273.54998779296875,170.22000122070312,478.1099853515625,172.75999450683594,208.83999633789065,1442.9200439453125,63.869998931884766,427.3599853515625,380.6000061035156,315.95001220703125,224.3800048828125,132.25999450683594,53.119998931884766,30.459999084472656,38.31999969482422,167.6300048828125,1048.9100341796875,56.95000076293945,465.5199890136719,55.97999954223633,122.72000122070312,128.00999450683594,904.5900268554688,322.57000732421875,353.6300048828125,320.4200134277344,33.52000045776367,86.33000183105469,417.6600036621094,26.459999084472656,286.82000732421875,197.75,123.31999969482422,1016.4199829101562,193.57000732421875,186.9900054931641,119.13249969482422,94.3000030517578,192.63999938964844,575.7899780273438,174.6300048828125,100.4800033569336,127.58000183105467,104.02999877929688,65.4000015258789,102.04000091552734,82.8499984741211,369.0700073242188,140.82000732421875,1078.4599609375,410.8599853515625,42.38999938964844,89.26000213623047,11.6899995803833,89.91999816894531,85.80999755859375,286.67999267578125,1095.2099609375,133.47999572753906,76.1500015258789,384.2699890136719,388.4299926757813,918.8900146484376,24.84000015258789,315.4200134277344,219.25537109375,77.02999877929688,46.27999877929688,229.02999877929688,155.27999877929688,80.1500015258789,108.1500015258789,398.3200073242188,451.3800048828125,282.5599975585937,225.5500030517578,309.3999938964844,22.540000915527344,173.2899932861328,78.4800033569336,69.91999816894531,17.3700008392334,500.2900085449219,994.5599975585938,988.8699951171876,508.9299926757813,225.22999572753903,275.79998779296875,497.0799865722656,285.1700134277344,801.010009765625,266.67999267578125,77.79000091552734,668.8300170898438,1817.31005859375,79.9000015258789,604.9600219726562,142.82000732421875,75.94999694824219,72.79000091552734,113.1500015258789,168.75,189.25,411.3800048828125,186.8999938964844,640.2000122070312,96.27999877929688,87.88999938964844,43.060001373291016,92.01000213623048,196.5,44.869998931884766,185.3500061035156,183.97999572753903,155.0399932861328,26.450000762939453,144.89999389648438,197.7400054931641,140.27000427246094,135.91000366210938,169.4600067138672,46.4900016784668,186.5500030517578,57.130001068115234,172.8699951171875,172.38999938964844,104.94000244140624,31.690000534057617,78.75,312.4599914550781,27.82999992370605,141.7100067138672,502.510009765625,95.9000015258789,16.020000457763672,20.1200008392334,401.0122985839844,723.77001953125,295.25,25.899999618530277,60.34000015258789,128.82000732421875,154.9600067138672,466.760009765625,28.540000915527344,141.38999938964844,389.3699951171875,394.4100036621094,24.61000061035156,281.0,72.94999694824219,363.8699951171875,264.010009765625,98.06999969482422,10.3100004196167,54.20000076293945,322.0299987792969,171.19000244140625,86.87000274658203,253.4499969482422,95.76000213623048,15.739999771118164,341.0199890136719,424.3599853515625,160.3800048828125,59.36000061035156,47.34000015258789,79.88999938964844,130.7899932861328,59.45000076293945,51.59000015258789,172.41000366210938,145.3000030517578,154.8800048828125,57.279998779296875
2026-05-06,287.510009765625,205.02999877929688,86.30000305175781,174.57000732421875,250.1699981689453,415.6300048828125,207.1999969482422,217.9199981689453,428.6199951171875,421.3900146484375,331.1099853515625,274.989990234375,147.05999755859375,468.8299865722656,167.1699981689453,237.3000030517578,1544.739990234375,70.68000030517578,425.4400024414063,385.8599853515625,321.8999938964844,229.92999267578125,141.44000244140625,53.59999847412109,31.15999984741211,37.06999969482422,168.32000732421875,1073.5699462890625,56.59000015258789,469.8299865722656,56.0,124.69000244140624,127.5999984741211,926.9299926757812,321.8999938964844,354.8999938964844,322.7799987792969,32.79999923706055,88.16000366210938,413.8699951171875,26.440000534057617,288.3399963378906,197.9600067138672,118.9000015258789,995.75,198.2899932861328,181.19000244140625,117.01750183105467,91.63999938964844,185.16000366210935,591.6400146484375,174.9199981689453,108.05999755859376,125.54000091552734,105.0199966430664,67.48999786376953,104.80999755859376,86.66999816894531,374.7099914550781,134.69000244140625,1087.9599609375,421.3900146484375,43.470001220703125,91.68000030517578,12.170000076293944,89.94999694824219,92.44000244140624,305.8299865722656,1118.9599609375,136.3000030517578,78.69999694824219,395.1400146484375,398.0400085449219,937.3499755859376,24.290000915527344,323.04998779296875,227.43576049804688,79.05000305175781,46.18999862670898,225.7400054931641,153.39999389648438,82.55000305175781,113.01000213623048,388.5499877929688,451.7300109863281,286.79998779296875,224.6199951171875,314.8999938964844,23.06999969482422,181.6289978027344,79.2300033569336,70.70999908447266,17.68000030517578,501.8699951171875,944.280029296875,987.0499877929688,514.260009765625,233.3699951171875,297.1700134277344,491.8900146484375,284.1000061035156,743.6699829101562,265.260009765625,77.5999984741211,680.9000244140625,1841.1400146484373,80.16000366210938,612.8800048828125,146.5399932861328,73.97000122070312,70.16999816894531,113.55999755859376,172.14999389648438,193.3500061035156,413.9599914550781,186.82000732421875,666.5900268554688,95.38999938964844,88.2699966430664,43.880001068115234,89.05000305175781,207.8300018310547,45.7599983215332,194.02999877929688,183.67999267578125,155.9600067138672,26.530000686645508,147.89999389648438,196.8000030517578,142.89999389648438,133.7899932861328,170.52999877929688,46.27000045776367,192.57000732421875,57.77999877929688,176.74000549316406,173.1300048828125,106.44000244140624,31.65999984741211,78.26000213623047,323.6300048828125,34.65999984741211,139.74000549316406,504.4200134277344,93.51000213623048,16.299999237060547,20.729999542236328,400.7284851074219,733.8300170898438,292.3299865722656,25.56999969482422,60.79999923706055,130.19000244140625,155.4499969482422,472.9500122070313,28.309999465942383,148.8300018310547,398.7300109863281,419.5,24.01000022888184,289.44000244140625,79.16999816894531,367.2799987792969,268.2300109863281,99.88999938964844,10.079999923706056,58.2599983215332,318.79998779296875,167.35000610351562,89.2300033569336,236.69000244140625,97.08999633789062,16.1299991607666,358.9200134277344,427.6499938964844,158.2899932861328,60.75,47.43999862670898,80.41999816894531,130.0800018310547,57.0,51.84000015258789,176.8699951171875,145.39999389648438,148.69000244140625,56.11000061035156
2026-05-07,287.44000244140625,202.7100067138672,87.01000213623047,180.19000244140625,256.510009765625,408.5199890136719,214.08999633789065,213.6699981689453,410.6400146484375,408.4599914550781,329.0899963378906,271.1700134277344,141.75,498.8699951171875,170.2100067138672,213.30999755859372,1516.5999755859375,65.3499984741211,412.55999755859375,426.8900146484375,318.69000244140625,231.02999877929688,141.0,52.75,30.520000457763672,37.65999984741211,171.27999877929688,1067.739990234375,56.25,475.0799865722656,56.56999969482422,122.33000183105467,129.08999633789062,895.6900024414062,321.2799987792969,356.8999938964844,311.2799987792969,34.2599983215332,87.36000061035156,385.2099914550781,26.239999771118164,286.8500061035156,192.9600067138672,114.87999725341795,1012.0599975585938,188.2899932861328,186.33999633789065,126.43000030517578,92.16000366210938,182.5,580.5399780273438,175.66000366210938,108.66000366210938,124.87000274658205,113.61000061035156,66.58999633789062,102.88999938964844,85.29000091552734,372.9200134277344,130.88999938964844,1066.760009765625,399.1499938964844,42.5,90.98999786376952,12.18000030517578,107.97000122070312,91.72000122070312,302.6300048828125,1045.6300048828125,134.05999755859375,78.41000366210938,395.2999877929688,397.989990234375,925.8699951171876,25.920000076293945,322.6400146484375,226.60723876953125,76.27999877929688,45.400001525878906,231.30999755859372,156.11000061035156,81.47000122070312,109.62000274658205,406.7799987792969,453.489990234375,282.260009765625,222.50999450683597,306.2699890136719,23.63999938964844,176.3249969482422,78.43000030517578,69.94999694824219,17.719999313354492,493.8500061035156,892.5800170898438,974.9600219726562,512.4099731445312,230.8800048828125,286.5199890136719,500.9400024414063,283.70001220703125,754.760009765625,293.4200134277344,77.95999908447266,672.3699951171875,1870.010009765625,78.81999969482422,616.8099975585938,143.75,76.38999938964844,69.04000091552734,112.3000030517578,160.00999450683594,190.1699981689453,420.7699890136719,179.83999633789062,646.6300048828125,93.31999969482422,88.25,44.40999984741211,93.58999633789062,211.5,45.79999923706055,194.58999633789065,196.52999877929688,156.2899932861328,26.479999542236328,146.05999755859375,195.75,142.2899932861328,137.0500030517578,171.11000061035156,46.220001220703125,202.5500030517578,61.4900016784668,176.77999877929688,174.7100067138672,104.26000213623048,31.540000915527344,81.01000213623047,320.2099914550781,33.619998931884766,153.72000122070312,505.1900024414063,92.43000030517578,16.0,19.88999938964844,405.56292724609375,731.5800170898438,294.2300109863281,25.26000022888184,60.619998931884766,125.87999725341795,154.47999572753906,474.4599914550781,29.3799991607666,130.52000427246094,411.7900085449219,414.1499938964844,23.489999771118164,285.239990234375,76.7300033569336,369.739990234375,264.8900146484375,100.0999984741211,10.609999656677246,56.2599983215332,321.2799987792969,168.25,87.27999877929688,236.3500061035156,96.38999938964844,15.6899995803833,340.010009765625,425.0,153.9499969482422,60.209999084472656,47.09000015258789,79.16000366210938,130.1999969482422,55.95000076293945,51.54999923706055,174.0,144.72000122070312,146.5800018310547,56.810001373291016
2026-05-08,293.32000732421875,201.5500030517578,84.31999969482422,180.4199981689453,253.0399932861328,416.5199890136719,213.0,213.1499938964844,435.4400024414063,455.1900024414063,331.70001220703125,272.67999267578125,141.77000427246094,468.5499877929688,166.58999633789062,213.2700042724609,1592.02001953125,75.05000305175781,430.0,403.5400085449219,316.0299987792969,237.3600006103516,140.05999755859375,51.310001373291016,31.049999237060547,41.83000183105469,165.92999267578125,1084.8299560546875,56.15999984741211,475.9400024414063,53.93000030517578,123.7699966430664,125.5500030517578,897.4500122070312,319.6400146484375,362.7000122070313,303.6300048828125,32.290000915527344,87.55000305175781,375.5499877929688,25.399999618530277,281.25,201.16000366210935,113.87000274658205,1008.7899780273438,188.5050048828125,181.82000732421875,131.9425048828125,96.56999969482422,181.6199951171875,574.8400268554688,171.16000366210938,108.0199966430664,124.16999816894533,107.98999786376952,67.94000244140625,103.95999908447266,86.19999694824219,378.0700073242188,130.02999877929688,1072.0799560546875,401.510009765625,42.650001525878906,92.22000122070312,12.31999969482422,114.06999969482422,94.58999633789062,297.1499938964844,1040.1500244140625,131.3300018310547,78.80000305175781,397.0499877929688,400.7999877929688,936.47998046875,25.979999542236328,317.45001220703125,223.51336669921875,77.02999877929688,45.45000076293945,229.75999450683597,155.82000732421875,83.01000213623047,124.91999816894533,396.30999755859375,450.05999755859375,284.1700134277344,221.32000732421875,302.1000061035156,23.959999084472656,186.91900634765625,78.41999816894531,69.8499984741211,17.59000015258789,493.1600036621094,903.7999877929688,948.4500122070312,506.510009765625,229.1999969482422,294.04998779296875,495.4800109863281,275.75,736.0900268554688,299.4700012207031,76.1500015258789,675.239990234375,1632.52001953125,78.08000183105469,609.6300048828125,143.2899932861328,72.06999969482422,68.12000274658203,111.37999725341795,170.1300048828125,193.08999633789065,415.1199951171875,187.58999633789065,746.8099975585938,93.0999984741211,87.48999786376953,44.13999938964844,91.18000030517578,215.1999969482422,46.06999969482422,195.9499969482422,207.8800048828125,154.6199951171875,25.68000030517578,146.4199981689453,194.0,144.08999633789062,137.8000030517578,170.99000549316406,45.369998931884766,219.08999633789065,62.34000015258789,176.08999633789062,173.6999969482422,104.93000030517578,31.6200008392334,82.83000183105469,316.82000732421875,35.369998931884766,152.4499969482422,516.47998046875,91.8000030517578,15.75,20.149999618530277,397.4645080566406,737.6199951171875,285.4700012207031,25.15999984741211,59.81999969482422,125.25,153.36000061035156,465.0,25.049999237060547,133.47999572753906,428.3500061035156,411.6799926757813,23.07999992370605,287.79998779296875,75.44999694824219,379.9800109863281,264.6499938964844,100.77999877929688,8.819999694824219,55.18000030517578,318.7900085449219,166.33999633789062,88.12000274658203,241.05999755859372,96.62000274658205,16.200000762939453,339.9700012207031,429.8200073242188,147.72000122070312,60.540000915527344,47.220001220703125,75.63999938964844,130.42999267578125,55.70000076293945,51.2400016784668,173.1999969482422,143.49000549316406,144.57000732421875,55.47999954223633
2026-05-11,292.67999267578125,202.77999877929688,82.55999755859375,172.35000610351562,246.1499938964844,422.7300109863281,211.6699981689453,213.8000030517578,443.6199951171875,458.7900085449219,329.5899963378906,268.989990234375,136.42999267578125,478.4200134277344,159.55999755859375,212.6499938964844,1565.81005859375,82.55000305175781,428.4299926757813,394.3599853515625,312.32000732421875,238.2100067138672,137.3000030517578,50.54999923706055,31.549999237060547,41.5,157.8000030517578,1081.3199462890625,55.66999816894531,479.5499877929688,53.369998931884766,121.4000015258789,125.8499984741211,926.7899780273438,320.260009765625,364.2000122070313,299.69000244140625,30.63999938964844,86.73999786376953,380.989990234375,25.030000686645508,282.5799865722656,216.6000061035156,115.5500030517578,999.469970703125,210.22000122070312,177.49000549316406,135.56500244140625,98.72000122070312,184.7400054931641,588.739990234375,166.52000427246094,104.72000122070312,124.9000015258789,105.1500015258789,67.88999938964844,103.73999786376952,82.75,381.75,133.30999755859375,1086.219970703125,419.0,42.52999877929688,92.26000213623048,12.050000190734863,115.44000244140624,97.5999984741211,300.7699890136719,1073.0799560546875,133.52000427246094,75.29000091552734,386.7699890136719,388.6400146484375,944.8599853515624,25.63999938964844,311.3999938964844,229.7954864501953,80.77999877929688,46.470001220703125,223.5500030517578,157.82000732421875,82.97000122070312,129.44000244140625,393.2900085449219,420.05999755859375,285.3299865722656,221.42999267578125,300.0,23.26000022888184,184.5189971923828,78.66000366210938,68.55000305175781,17.170000076293945,504.3999938964844,1053.0899658203125,966.989990234375,512.25,226.05999755859372,296.04998779296875,497.80999755859375,274.6000061035156,725.1699829101562,294.6499938964844,74.54000091552734,673.6300048828125,1557.300048828125,77.9800033569336,598.8599853515625,143.33999633789062,76.91000366210938,68.61000061035156,111.27999877929688,170.83999633789062,191.1000061035156,412.6600036621094,195.94000244140625,795.3300170898438,94.83999633789062,85.44999694824219,42.38999938964844,91.48999786376952,219.44000244140625,46.400001525878906,193.83999633789065,213.66000366210935,149.41000366210938,25.809999465942383,143.36000061035156,196.91000366210935,144.07000732421875,136.88999938964844,182.1100006103516,45.06999969482422,237.52999877929688,62.16999816894531,178.61000061035156,170.10000610351562,105.73999786376952,31.75,81.58000183105469,312.70001220703125,33.52000045776367,151.5,516.1900024414062,93.0999984741211,16.260000228881836,21.290000915527344,398.2970581054688,739.2999877929688,282.5799865722656,24.8700008392334,59.47999954223633,118.44000244140624,148.91000366210938,452.6000061035156,24.190000534057617,133.33999633789062,445.0,404.5400085449219,21.520000457763672,297.760009765625,76.1500015258789,384.4400024414063,263.3500061035156,100.0,8.8100004196167,57.22999954223633,323.8599853515625,159.3300018310547,87.81999969482422,248.1300048828125,96.69000244140624,16.31999969482422,367.9200134277344,435.1700134277344,152.0500030517578,60.38999938964844,47.22999954223633,73.58000183105469,127.58999633789062,57.16999816894531,51.18000030517578,175.0399932861328,143.0399932861328,149.67999267578125,54.38999938964844
2026-05-12,294.79998779296875,207.8600006103516,84.3499984741211,169.77000427246094,240.8300018310547,419.6499938964844,213.80999755859372,215.47000122070312,431.2000122070313,448.2900085449219,336.2900085449219,265.82000732421875,142.5399932861328,490.6900024414063,155.3800048828125,207.9199981689453,1520.93994140625,72.95999908447266,419.2999877929688,393.6600036621094,314.3099975585937,236.8699951171875,134.77999877929688,50.77999877929688,31.68000030517578,41.22999954223633,160.55999755859375,1092.5,56.45000076293945,484.9599914550781,54.09999847412109,122.76000213623048,126.44000244140624,912.1400146484376,322.0400085449219,358.0400085449219,293.6000061035156,29.61000061035156,87.44000244140625,374.0700073242188,24.899999618530277,285.75,207.63999938964844,117.87000274658205,1021.8800048828124,198.57000732421875,171.30999755859375,136.5449981689453,99.29000091552734,185.9499969482422,589.1900024414062,166.25999450683594,106.16000366210938,125.06999969482422,106.01000213623048,65.81999969482422,103.13999938964844,84.88999938964844,393.2999877929688,134.1300048828125,1080.6300048828125,401.5299987792969,41.93999862670898,92.05999755859376,11.989999771118164,113.87000274658205,97.13999938964844,297.45001220703125,1071.97998046875,134.94000244140625,76.44000244140625,383.8200073242188,387.3500061035156,945.9000244140624,23.07999992370605,310.4599914550781,229.19769287109372,78.2699966430664,45.79999923706055,219.22000122070312,155.80999755859375,80.44999694824219,120.61000061035156,387.739990234375,431.8699951171875,282.57000732421875,224.25999450683597,304.8800048828125,23.3700008392334,181.13499450683597,80.02999877929688,68.2300033569336,17.469999313354492,503.8699951171875,992.3699951171876,989.8699951171876,521.0,224.5200042724609,289.239990234375,499.80999755859375,274.8399963378906,734.6900024414062,308.7200012207031,76.81999969482422,669.0499877929688,1578.780029296875,78.63999938964844,603.0,143.2100067138672,71.98999786376953,69.88999938964844,112.37000274658205,164.5,191.8800048828125,407.7699890136719,184.4199981689453,766.5800170898438,94.58999633789062,87.66000366210938,42.34999847412109,89.0,220.77999877929688,47.0,186.8300018310547,215.6000061035156,151.85000610351562,25.8700008392334,143.91000366210938,198.4199981689453,143.75999450683594,136.0,186.92999267578125,45.43999862670898,210.30999755859372,60.470001220703125,178.88999938964844,167.27000427246094,106.58000183105467,31.76000022888184,86.88999938964844,311.5799865722656,32.790000915527344,151.97999572753906,513.2100219726562,93.47000122070312,15.899999618530272,22.15999984741211,401.2961120605469,738.1799926757812,294.45001220703125,25.229999542236328,58.29999923706055,121.8000030517578,150.25999450683594,459.2999877929688,23.26000022888184,131.72999572753906,433.4500122070313,397.2799987792969,21.13999938964844,295.1700134277344,76.36000061035156,396.3900146484375,265.6000061035156,98.44000244140624,8.350000381469727,54.34999847412109,326.4200134277344,159.4199981689453,87.11000061035156,247.1199951171875,96.69000244140624,15.100000381469728,367.1300048828125,448.2900085449219,146.8699951171875,59.38999938964844,47.93000030517578,75.18000030517578,130.35000610351562,57.56999969482422,51.58000183105469,174.35000610351562,145.85000610351562,150.6300048828125,54.880001068115234
2026-05-13,298.8699951171875,208.5,83.83000183105469,159.63999938964844,236.07000732421875,432.3900146484375,208.6300048828125,215.5399932861328,436.6099853515625,445.5,336.45001220703125,270.1300048828125,140.69000244140625,453.5299987792969,150.52999877929688,221.2100067138672,1581.5799560546875,74.80999755859375,416.7900085449219,376.8200073242188,309.6099853515625,240.6000061035156,145.80999755859375,49.84000015258789,32.040000915527344,39.959999084472656,155.02999877929688,1094.0999755859375,56.38999938964844,485.5199890136719,53.060001373291016,119.62000274658205,124.0999984741211,902.2999877929688,316.010009765625,354.54998779296875,274.8900146484375,27.86000061035156,87.87000274658203,372.5499877929688,24.940000534057617,297.1300048828125,201.8000030517578,117.4000015258789,1033.0799560546875,189.3600006103516,165.83999633789062,140.6425018310547,101.87000274658205,186.0,580.6500244140625,165.99000549316406,104.9000015258789,123.9000015258789,104.9800033569336,67.20999908447266,103.83000183105467,82.12999725341797,399.6400146484375,134.92999267578125,1077.280029296875,406.9400024414063,42.15999984741211,93.08999633789062,13.56999969482422,117.69000244140624,96.2300033569336,294.7099914550781,1062.5699462890625,133.0500030517578,75.80999755859375,399.0400085449219,402.6199951171875,955.4199829101562,22.049999237060547,302.54998779296875,228.5894012451172,76.75,45.119998931884766,214.63999938964844,154.8000030517578,82.05000305175781,120.29000091552734,371.7099914550781,432.2699890136719,282.6700134277344,230.4199981689453,300.25,23.18000030517578,184.9709930419922,80.26000213623047,67.13999938964844,17.190000534057617,513.260009765625,1030.3699951171875,1015.75,519.9400024414062,220.4499969482422,295.44000244140625,490.6400146484375,275.70001220703125,737.1799926757812,303.0,76.20999908447266,667.4199829101562,1562.0,78.08000183105469,616.6300048828125,147.10000610351562,67.69999694824219,71.54000091552734,113.4499969482422,177.9499969482422,193.8300018310547,405.2099914550781,178.02999877929688,803.6300048828125,94.8499984741211,87.55999755859375,42.34000015258789,87.05000305175781,225.8300018310547,47.08000183105469,189.75999450683597,227.7899932861328,149.27000427246094,25.959999084472656,142.24000549316406,195.9600067138672,142.0,130.0500030517578,187.91000366210935,45.22999954223633,213.1699981689453,59.47999954223633,178.11000061035156,160.82000732421875,105.9499969482422,31.75,88.2699966430664,306.3399963378906,32.0,152.3699951171875,509.2799987792969,93.13999938964844,15.3100004196167,22.790000915527344,384.6263122558594,742.3099975585938,302.0899963378906,24.739999771118164,61.09999847412109,121.4800033569336,147.02999877929688,446.0299987792969,22.32999992370605,132.6999969482422,445.2699890136719,399.7999877929688,20.489999771118164,306.3399963378906,74.69999694824219,401.1600036621094,264.6499938964844,98.4499969482422,8.390000343322754,53.310001373291016,320.3099975585937,155.72999572753906,87.5999984741211,244.1000061035156,95.88999938964844,15.510000228881836,369.989990234375,453.05999755859375,142.61000061035156,59.93999862670898,47.209999084472656,73.52999877929688,131.47000122070312,57.630001068115234,50.9900016784668,173.6199951171875,146.7100067138672,151.57000732421875,52.369998931884766
2026-05-14,298.2099914550781,210.7700042724609,84.9000015258789,163.99000549316406,237.00999450683597,426.7900085449219,208.3699951171875,216.4499969482422,440.55999755859375,449.7000122070313,336.2300109863281,267.2200012207031,147.80999755859375,485.1600036621094,150.24000549316406,228.5,1584.510009765625,83.01000213623047,439.7900085449219,388.1900024414063,312.7699890136719,229.2100067138672,141.1199951171875,49.84999847412109,32.349998474121094,39.4900016784668,154.47999572753906,1104.030029296875,56.77000045776367,484.05999755859375,53.54999923706055,122.45999908447266,124.81999969482422,920.219970703125,320.0899963378906,352.8399963378906,275.260009765625,29.01000022888184,88.83999633789062,381.5899963378906,25.170000076293945,297.70001220703125,212.00999450683597,118.97000122070312,1041.25,184.5399932861328,167.5800018310547,144.9875030517578,115.52999877929688,186.63999938964844,574.6400146484375,164.5399932861328,105.41999816894533,124.30999755859376,109.15499877929688,67.37999725341797,103.45999908447266,80.83000183105469,396.7099914550781,135.99000549316406,1079.6800537109375,408.1000061035156,42.25,92.05999755859376,14.479999542236328,121.86000061035156,93.9499969482422,291.5400085449219,1090.530029296875,132.05999755859375,77.75,397.1700134277344,401.0700073242188,968.9600219726562,22.600000381469727,304.3500061035156,228.33770751953125,80.69999694824219,46.16999816894531,218.3699951171875,155.72000122070312,82.29000091552734,115.93000030517578,378.2900085449219,428.05999755859375,284.45001220703125,230.8000030517578,299.9100036621094,23.309999465942383,189.29400634765625,80.44999694824219,67.73999786376953,17.190000534057617,511.6499938964844,1001.8099975585938,1006.7000122070312,520.4099731445312,223.6100006103516,299.1499938964844,489.9400024414063,274.9700012207031,747.22998046875,303.0899963378906,76.97000122070312,670.1900024414062,1607.3699951171875,79.18000030517578,618.4299926757812,145.1199951171875,69.7300033569336,72.41000366210938,113.41000366210938,182.5800018310547,194.52999877929688,409.4299926757813,186.97000122070312,776.010009765625,95.68000030517578,86.94000244140625,42.02000045776367,90.5,235.7400054931641,45.79999923706055,195.6100006103516,238.2100067138672,148.6699981689453,25.75,142.7100067138672,196.8800048828125,142.66000366210938,133.72999572753906,191.8600006103516,45.040000915527344,200.0800018310547,62.79999923706055,175.67999267578125,164.17999267578125,106.4000015258789,31.799999237060547,86.97000122070312,309.17999267578125,33.029998779296875,150.75999450683594,510.0199890136719,93.68000030517578,16.020000457763672,22.1200008392334,382.13812255859375,748.1699829101562,305.510009765625,24.649999618530277,58.88999938964844,123.08000183105467,147.35000610351562,448.2099914550781,23.06999969482422,130.24000549316406,443.2999877929688,417.7200012207031,20.40999984741211,308.1700134277344,74.69000244140625,399.0899963378906,269.3399963378906,98.41999816894533,8.079999923706055,52.5,322.5199890136719,156.25,87.47000122070312,244.7700042724609,95.31999969482422,15.479999542236328,376.2300109863281,450.4100036621094,141.89999389648438,59.959999084472656,47.060001373291016,73.79000091552734,132.4600067138672,58.06999969482422,51.290000915527344,174.50999450683594,146.6300048828125,152.77999877929688,53.459999084472656
2026-05-15,300.2300109863281,210.38999938964844,84.47000122070312,168.82000732421875,247.6000061035156,417.489990234375,214.47999572753903,217.3699951171875,436.6199951171875,424.1000061035156,326.3099975585937,264.1400146484375,141.97000122070312,501.0,151.6999969482422,209.16000366210935,1501.81005859375,83.66999816894531,425.1900024414063,391.8800048828125,313.4800109863281,220.4900054931641,132.58999633789062,49.77000045776367,31.82999992370605,40.06999969482422,154.1300048828125,1081.9000244140625,57.0,482.7000122070313,52.68000030517578,117.88999938964844,123.41999816894533,888.3099975585938,324.1499938964844,347.239990234375,267.20001220703125,30.15999984741211,88.12999725341797,358.54998779296875,24.76000022888184,298.8599853515625,195.42999267578125,122.41000366210938,1048.949951171875,172.1699981689453,173.50999450683594,148.52000427246094,118.20999908447266,191.1000061035156,561.8300170898438,161.91000366210938,102.72000122070312,120.9499969482422,112.05999755859376,65.06999969482422,101.72000122070312,80.27999877929688,392.6799926757813,140.25999450683594,1059.43994140625,399.4400024414063,41.369998931884766,91.06999969482422,13.399999618530272,122.77999877929688,87.3499984741211,281.5299987792969,1049.22998046875,129.5800018310547,74.86000061035156,393.3200073242188,396.7799987792969,948.469970703125,23.65999984741211,297.510009765625,223.63922119140625,77.13999938964844,44.81999969482422,219.3000030517578,154.36000061035156,79.48999786376953,108.7699966430664,393.0,421.1199951171875,277.6000061035156,226.7100067138672,297.8099975585937,22.920000076293945,180.4320068359375,80.81999969482422,66.97000122070312,17.110000610351562,506.1099853515625,970.7000122070312,1004.9199829101562,516.010009765625,218.4199981689453,284.7200012207031,494.2000122070313,276.3900146484375,760.5700073242188,312.1600036621094,76.1500015258789,659.2899780273438,1546.81005859375,79.77999877929688,614.22998046875,146.22000122070312,71.97000122070312,73.08999633789062,111.37999725341795,176.88999938964844,192.50999450683597,421.9200134277344,177.4199981689453,724.6599731445312,93.36000061035156,87.0199966430664,41.880001068115234,95.06999969482422,225.32000732421875,44.7400016784668,192.9499969482422,242.8300018310547,149.1199951171875,25.32999992370605,141.57000732421875,199.72999572753903,140.52999877929688,133.99000549316406,189.6100006103516,44.40999984741211,201.4900054931641,63.77000045776367,171.17999267578125,169.47999572753906,106.81999969482422,31.71999931335449,85.51000213623047,300.1000061035156,31.040000915527344,157.47000122070312,502.4200134277344,92.5500030517578,15.609999656677246,22.309999465942383,381.4096374511719,739.1699829101562,306.760009765625,24.030000686645508,58.68999862670898,121.54000091552734,147.42999267578125,438.3399963378906,23.049999237060547,129.32000732421875,422.239990234375,404.3500061035156,21.149999618530277,302.7300109863281,75.08999633789062,393.8500061035156,270.5599975585937,98.93000030517578,8.170000076293945,49.93000030517578,325.75,158.86000061035156,85.79000091552734,250.7400054931641,93.91000366210938,14.68000030517578,370.9400024414063,436.9500122070313,139.67999267578125,58.43999862670898,46.369998931884766,73.41999816894531,131.4499969482422,59.43999862670898,51.09999847412109,171.39999389648438,145.10000610351562,157.9199981689453,55.33000183105469
2026-05-18,297.8399963378906,209.41000366210935,87.91000366210938,177.5500030517578,255.63999938964844,418.5799865722656,222.94000244140625,221.2100067138672,413.5700073242188,420.989990234375,324.3900146484375,264.8599853515625,141.7100067138672,492.3800048828125,157.91000366210938,215.1199951171875,1472.3900146484375,86.83000183105469,420.7099914550781,399.3699951171875,312.239990234375,220.6100006103516,133.25999450683594,50.68999862670898,31.96999931335449,38.52000045776367,155.07000732421875,1085.8800048828125,57.310001373291016,488.3800048828125,55.91999816894531,117.04000091552734,122.41000366210938,863.9500122070312,330.3299865722656,345.989990234375,262.0,29.32999992370605,89.91999816894531,342.6700134277344,24.93000030517578,305.1199951171875,189.44000244140625,124.54000091552734,1076.469970703125,156.27000427246094,179.47999572753906,154.70750427246094,118.87999725341795,196.1199951171875,564.489990234375,163.86000061035156,103.91000366210938,122.83999633789062,113.23999786376952,64.97000122070312,102.66000366210938,80.01000213623047,394.0700073242188,142.99000549316406,1062.6199951171875,381.8699951171875,42.34000015258789,90.91999816894533,13.029999732971191,126.5,87.13999938964844,285.989990234375,1012.25,129.6699981689453,73.0999984741211,393.1099853515625,396.9400024414063,946.3599853515624,25.09000015258789,299.8099975585937,227.8238067626953,77.1500015258789,43.52999877929688,222.75,155.99000549316406,79.41000366210938,108.16999816894533,403.1600036621094,439.9200134277344,275.9700012207031,228.9199981689453,300.7300109863281,23.350000381469727,175.64500427246094,81.19999694824219,67.91999816894531,17.18000030517578,510.8599853515625,884.97998046875,988.0900268554688,528.3099975585938,218.0200042724609,277.9599914550781,505.7900085449219,282.4700012207031,775.969970703125,330.0,77.31999969482422,658.3800048828125,1585.9100341796875,81.41000366210938,611.2100219726562,152.52999877929688,78.04000091552734,73.72000122070312,112.55999755859376,168.92999267578125,192.69000244140625,423.5400085449219,166.6300048828125,681.5399780273438,89.04000091552734,89.6500015258789,42.56999969482422,103.41999816894533,222.32000732421875,44.27999877929688,186.6100006103516,247.5500030517578,149.05999755859375,25.32999992370605,142.38999938964844,204.0,142.30999755859375,135.13999938964844,191.5,44.3849983215332,203.63999938964844,64.9800033569336,175.9499969482422,174.6199951171875,106.5999984741211,32.040000915527344,88.38999938964844,302.7799987792969,30.850000381469727,164.24000549316406,498.4299926757813,93.70999908447266,15.710000038146973,22.709999084472656,394.9006652832031,738.6500244140625,313.2200012207031,24.43000030517578,57.43000030517578,123.4000015258789,150.25,442.0,22.63999938964844,131.1699981689453,409.989990234375,395.9500122070313,22.270000457763672,300.6000061035156,75.08000183105469,391.1300048828125,275.1300048828125,95.52999877929688,8.75,48.68000030517578,332.6400146484375,163.85000610351562,87.11000061035156,258.5199890136719,95.01000213623048,15.0,339.7300109863281,436.5799865722656,136.75,58.47999954223633,46.7599983215332,74.37000274658203,133.33999633789062,60.58000183105469,51.7400016784668,170.75,145.72000122070312,160.49000549316406,56.65999984741211
2026-05-19,298.9700012207031,213.75999450683597,88.81999969482422,176.8000030517578,254.9900054931641,414.30999755859375,220.44000244140625,224.5800018310547,406.9100036621094,414.0499877929688,330.75,259.3399963378906,141.5800018310547,476.8999938964844,159.82000732421875,223.1499938964844,1459.43994140625,88.0999984741211,411.0700073242188,392.3399963378906,309.3099975585937,215.00999450683597,135.63999938964844,50.70000076293945,30.790000915527344,37.75,154.5399932861328,1036.300048828125,58.310001373291016,480.4599914550781,56.810001373291016,114.26000213623048,119.97000122070312,860.1500244140625,330.1300048828125,338.1199951171875,260.6700134277344,29.1299991607666,90.0199966430664,339.1300048828125,24.799999237060547,302.3699951171875,193.4499969482422,125.11000061035156,1094.3199462890625,168.99000549316406,179.4199981689453,154.22000122070312,115.37999725341795,197.25,558.0700073242188,167.0399932861328,102.29000091552734,124.55999755859376,114.0999984741211,64.26000213623047,101.91999816894533,76.13999938964844,402.2699890136719,144.3000030517578,1048.4300537109375,371.8800048828125,42.040000915527344,90.29000091552734,13.0600004196167,127.63999938964844,83.77999877929688,285.2799987792969,1011.7999877929688,130.5,72.62999725341797,384.8999938964844,387.6600036621094,928.739990234375,25.459999084472656,302.44000244140625,227.73989868164065,74.16000366210938,43.5,222.3300018310547,154.11000061035156,78.52999877929688,110.8000030517578,399.7099914550781,441.5799865722656,273.0,230.0,295.70001220703125,23.280000686645508,174.05799865722656,81.91999816894531,67.55999755859375,17.149999618530273,506.0700073242188,890.0900268554688,1021.4099731445312,526.6300048828125,218.3699951171875,273.3800048828125,499.7000122070313,280.79998779296875,761.8900146484375,334.67999267578125,78.58000183105469,652.1199951171875,1594.8599853515625,81.06999969482422,602.6099853515625,149.36000061035156,78.00499725341797,74.0,114.23999786376952,176.27000427246094,189.5800018310547,417.4200134277344,164.6300048828125,698.739990234375,90.05999755859375,89.33000183105469,42.41999816894531,101.83000183105467,220.6100006103516,44.27999877929688,181.4600067138672,240.1300048828125,150.3699951171875,25.65999984741211,141.3000030517578,202.8699951171875,142.44000244140625,135.25999450683594,191.57000732421875,43.83000183105469,195.6100006103516,64.33000183105469,174.49000549316406,178.8000030517578,106.37999725341795,32.099998474121094,90.0199966430664,299.04998779296875,30.559999465942383,169.5500030517578,493.8699951171875,94.13999938964844,15.229999542236328,22.76000022888184,388.2686767578125,733.72998046875,317.75,24.979999542236328,58.61000061035156,127.23999786376952,150.67999267578125,447.80999755859375,23.21999931335449,131.6300048828125,404.1099853515625,392.6099853515625,21.15999984741211,302.3099975585937,74.08999633789062,389.239990234375,271.5599975585937,96.83000183105467,8.449999809265137,47.20000076293945,329.9100036621094,163.30999755859375,86.41000366210938,262.6199951171875,95.27999877929688,15.149999618530272,322.6300048828125,434.30999755859375,134.7100067138672,57.869998931884766,47.7400016784668,74.55000305175781,134.1999969482422,61.290000915527344,51.09999847412109,168.74000549316406,147.32000732421875,162.5500030517578,56.029998779296875
2026-05-20,302.25,212.3000030517578,88.37999725341797,179.22000122070312,253.3699951171875,398.0499877929688,220.69000244140625,221.97999572753903,426.8500061035156,447.5799865722656,331.57000732421875,265.010009765625,140.49000549316406,482.2799987792969,163.38999938964844,256.7300109863281,1550.1300048828125,89.58000183105469,417.760009765625,398.4400024414063,309.82000732421875,222.1999969482422,134.47000122070312,51.22999954223633,31.200000762939453,38.34000015258789,156.9499969482422,1051.5699462890625,58.540000915527344,480.8999938964844,56.66999816894531,116.83000183105467,124.81999969482422,872.5599975585938,328.3800048828125,350.8900146484375,281.260009765625,28.6299991607666,90.3499984741211,346.4800109863281,24.8799991607666,290.1199951171875,191.2899932861328,122.36000061035156,1074.010009765625,182.97999572753903,180.10000610351562,162.52749633789062,114.3499984741211,191.3300018310547,560.4600219726562,171.1199951171875,104.08000183105467,123.80999755859376,106.81999969482422,65.45999908447266,103.62000274658205,78.19999694824219,396.2099914550781,141.6300048828125,1065.06005859375,379.6900024414063,42.880001068115234,91.20999908447266,13.220000267028809,130.0,86.36000061035156,300.1700134277344,1024.52001953125,130.69000244140625,76.13999938964844,384.8999938964844,388.9100036621094,982.1199951171876,26.700000762939453,310.5799865722656,227.9916076660156,75.76000213623047,43.9900016784668,225.0,151.69000244140625,79.94000244140625,118.95999908447266,383.9299926757813,449.0299987792969,279.8699951171875,229.32000732421875,301.9800109863281,23.530000686645508,182.94700622558597,81.55000305175781,69.16999816894531,17.31999969482422,506.6300048828125,868.0700073242188,1018.8699951171876,522.5900268554688,221.0500030517578,292.0899963378906,498.0400085449219,280.2699890136719,754.6799926757812,329.1400146484375,78.1500015258789,664.4299926757812,1651.199951171875,82.51000213623047,605.0599975585938,149.77999877929688,79.1500015258789,73.33000183105469,113.0,186.8000030517578,197.7700042724609,421.05999755859375,165.80999755859375,731.989990234375,88.2699966430664,88.08999633789062,44.18999862670898,103.3000030517578,223.47000122070312,45.06999969482422,188.16000366210935,246.66000366210935,149.2899932861328,25.790000915527344,142.44000244140625,202.6000061035156,144.67999267578125,137.14999389648438,188.6300048828125,44.375,202.50999450683597,66.88999938964844,174.85000610351562,179.88999938964844,106.5,32.119998931884766,88.45999908447266,307.70001220703125,33.459999084472656,166.97000122070312,498.9299926757813,93.62000274658205,15.6899995803833,22.81999969482422,394.5222473144531,741.25,321.489990234375,24.93000030517578,58.650001525878906,122.33000183105467,159.2100067138672,451.7900085449219,23.31999969482422,135.7899932861328,417.260009765625,401.6199951171875,21.020000457763672,304.8800048828125,74.5999984741211,383.2999877929688,265.79998779296875,98.87000274658205,8.65999984741211,48.040000915527344,330.75,164.9600067138672,88.23999786376953,253.7700042724609,96.48999786376952,15.239999771118164,315.6700134277344,430.4400024414063,144.0,58.66999816894531,47.81999969482422,75.80999755859375,130.85000610351562,59.79999923706055,51.65999984741211,170.72999572753906,147.1300048828125,156.27999877929688,56.40999984741211
2026-05-21,304.989990234375,214.5,87.7699966430664,177.8699951171875,244.1000061035156,384.2099914550781,220.0800018310547,214.44000244140625,427.3599853515625,449.5899963378906,337.4200134277344,268.4599914550781,148.58999633789062,485.8900146484375,162.3699951171875,298.2300109863281,1592.0,96.2300033569336,414.5700073242188,389.8399963378906,309.70001220703125,219.6100006103516,131.47000122070312,51.4900016784668,30.86000061035156,36.45000076293945,159.67999267578125,1063.75,59.54999923706055,479.9800109863281,57.150001525878906,118.56999969482422,125.22000122070312,865.9500122070312,330.260009765625,358.4599914550781,285.8299865722656,29.700000762939453,90.44000244140624,354.7699890136719,25.07999992370605,289.2900085449219,193.55999755859372,120.5500030517578,1050.449951171875,193.38999938964844,176.30999755859375,162.0574951171875,118.1999969482422,191.00999450683597,531.3499755859375,173.3300018310547,103.58000183105467,124.66000366210938,105.63999938964844,66.02999877929688,104.19000244140624,78.91000366210938,389.8200073242188,139.97999572753906,1078.4200439453125,381.510009765625,43.04999923706055,91.37000274658205,13.670000076293944,129.4600067138672,85.98999786376953,301.760009765625,1043.8199462890625,130.5,77.20999908447266,383.4700012207031,387.6600036621094,988.1699829101562,25.6200008392334,313.7799987792969,234.71421813964844,75.91999816894531,44.0,252.97000122070312,151.49000549316406,80.58000183105469,118.5,307.07000732421875,439.7999877929688,282.489990234375,231.72999572753903,303.0,23.540000915527344,184.21800231933597,81.16999816894531,69.20999908447266,17.459999084472656,514.510009765625,964.5,1041.6500244140625,522.7899780273438,217.41000366210935,302.239990234375,499.6199951171875,284.17999267578125,766.5,317.5,78.1500015258789,665.25,1677.9000244140625,84.30000305175781,607.3800048828125,151.60000610351562,76.26000213623047,73.70999908447266,115.87999725341795,190.69000244140625,200.50999450683597,419.0899963378906,164.85000610351562,762.0999755859375,89.69000244140625,89.30000305175781,44.38999938964844,99.69000244140624,219.50999450683597,44.38999938964844,189.7700042724609,252.9199981689453,148.85000610351562,25.950000762939453,143.39999389648438,198.97000122070312,144.6300048828125,137.4149932861328,188.4600067138672,44.29999923706055,213.41000366210935,64.79000091552734,175.97999572753906,176.27999877929688,104.12999725341795,32.25,85.38999938964844,309.3399963378906,33.459999084472656,165.5399932861328,503.9800109863281,94.23999786376952,15.649999618530272,22.559999465942383,393.3112487792969,742.719970703125,313.5,25.34000015258789,56.81999969482422,126.1500015258789,157.4600067138672,449.3699951171875,23.040000915527344,139.11000061035156,417.8500061035156,407.1499938964844,21.280000686645508,298.3900146484375,73.61000061035156,382.4800109863281,265.44000244140625,98.25,8.4399995803833,48.86000061035156,331.1199951171875,158.27000427246094,88.76000213623047,241.08999633789065,96.66999816894533,15.109999656677246,323.3999938964844,433.5400085449219,149.0800018310547,58.70000076293945,48.27000045776367,75.91999816894531,121.33999633789062,59.130001068115234,51.72999954223633,170.52999877929688,148.14999389648438,155.2899932861328,55.81999969482422
2026-05-22,308.82000732421875,215.6999969482422,87.41000366210938,179.24000549316406,244.75999450683597,397.0700073242188,225.30999755859372,216.6000061035156,432.1600036621094,467.510009765625,339.29998779296875,266.32000732421875,154.02999877929688,481.6799926757813,164.9199981689453,306.510009765625,1632.9000244140625,105.86000061035156,414.1400146484375,386.0,311.7799987792969,219.0200042724609,130.0,51.79999923706055,31.020000457763672,36.13999938964844,161.05999755859375,1073.0,59.459999084472656,486.3800048828125,57.77999877929688,118.51000213623048,125.08999633789062,879.8900146484375,327.8900146484375,373.5899963378906,294.07000732421875,30.1200008392334,90.61000061035156,367.3699951171875,25.209999084472656,291.2300109863281,184.9900054931641,120.45999908447266,1028.239990234375,218.41000366210935,180.07000732421875,165.86500549316406,120.41000366210938,191.42999267578125,529.1500244140625,172.0,103.0,125.66999816894533,106.61000061035156,65.87999725341797,103.9800033569336,88.31999969482422,394.6900024414063,141.22000122070312,1079.7900390625,391.3500061035156,42.90999984741211,91.61000061035156,14.93000030517578,133.92999267578125,85.0199966430664,302.8399963378906,1038.739990234375,134.36000061035156,78.79000091552734,379.3800048828125,382.9700012207031,996.72998046875,26.729999542236328,313.07000732421875,239.0351409912109,73.63999938964844,42.959999084472656,253.83999633789065,152.97000122070312,80.56999969482422,119.83999633789062,319.94000244140625,438.1000061035156,285.1199951171875,234.33999633789065,306.3800048828125,23.790000915527344,188.83799743652344,81.4800033569336,69.37000274658203,17.530000686645508,517.5800170898438,946.9000244140624,1065.0,533.239990234375,215.02999877929688,305.3500061035156,498.5400085449219,282.2699890136719,766.0800170898438,326.1300048828125,78.5999984741211,670.6500244140625,1664.4200439453125,84.05999755859375,610.260009765625,152.44000244140625,79.05500030517578,73.9000015258789,122.41000366210938,196.3300018310547,201.02999877929688,418.5700073242188,159.88999938964844,751.0,88.55000305175781,88.5999984741211,44.66999816894531,102.12999725341795,215.3300018310547,44.959999084472656,192.0800018310547,260.5799865722656,150.57000732421875,25.899999618530277,144.44000244140625,199.50999450683597,145.89999389648438,136.8800048828125,188.9900054931641,44.22999954223633,238.16000366210935,66.58999633789062,177.00999450683594,175.9499969482422,103.11000061035156,32.83000183105469,86.70999908447266,309.0799865722656,35.58000183105469,172.1999969482422,524.739990234375,94.5500030517578,15.619999885559082,22.13999938964844,395.0804138183594,745.6400146484375,316.4800109863281,25.26000022888184,56.06999969482422,125.5999984741211,158.27000427246094,448.2799987792969,23.15999984741211,138.49000549316406,426.010009765625,404.5199890136719,22.3799991607666,309.2099914550781,71.81999969482422,388.4700012207031,265.8800048828125,101.0199966430664,8.800000190734863,48.959999084472656,328.8800048828125,160.1699981689453,88.45999908447266,246.9600067138672,96.7699966430664,14.9399995803833,327.4599914550781,434.5199890136719,156.27000427246094,58.97999954223633,48.34999847412109,76.4000015258789,120.2699966430664,59.4900016784668,51.93999862670898,171.77000427246094,149.88999938964844,154.9199981689453,57.130001068115234
2026-05-26,308.3299865722656,213.1199951171875,86.66999816894531,177.0,240.4900054931641,419.9400024414063,218.3500061035156,212.82000732421875,454.8900146484375,503.8900146484375,335.94000244140625,265.2900085449219,158.00999450683594,514.239990234375,163.77000427246094,321.2200012207031,1632.030029296875,119.6999969482422,422.010009765625,385.2999877929688,310.7200012207031,218.8999938964844,129.47000122070312,52.20000076293945,31.670000076293945,34.900001525878906,163.3000030517578,1077.4000244140625,58.02999877929688,483.6199951171875,57.63999938964844,118.12000274658205,126.86000061035156,908.5499877929688,325.45001220703125,381.75,301.57000732421875,29.670000076293945,89.8499984741211,370.8399963378906,25.149999618530277,282.5400085449219,180.00999450683594,116.56999969482422,1002.9299926757812,221.63999938964844,179.0800018310547,167.8874969482422,118.33000183105467,184.7100067138672,529.1199951171875,172.80999755859375,103.27999877929688,124.97000122070312,106.4800033569336,68.4000015258789,105.12999725341795,86.5999984741211,387.8500061035156,136.1999969482422,1077.6300048828125,403.1300048828125,43.75,92.9000015258789,15.31999969482422,133.9600067138672,88.5,314.489990234375,1070.469970703125,133.72999572753906,79.79000091552734,384.8399963378906,388.8800048828125,994.52001953125,26.770000457763672,310.5400085449219,243.02044677734372,74.08999633789062,42.9900016784668,250.69000244140625,150.63999938964844,83.56999969482422,123.5199966430664,304.3500061035156,436.6400146484375,290.510009765625,230.17999267578125,306.739990234375,23.850000381469727,201.13900756835935,80.45999908447266,70.30000305175781,17.489999771118164,514.969970703125,910.8099975585938,1064.739990234375,532.9000244140625,212.0800018310547,322.67999267578125,493.010009765625,279.260009765625,754.4000244140625,307.3500061035156,77.5999984741211,681.0700073242188,1648.0400390625,83.2699966430664,612.3400268554688,154.02999877929688,76.83000183105469,72.37000274658203,119.72000122070312,208.25999450683597,201.75999450683597,416.0299987792969,159.92999267578125,895.8800048828125,87.6500015258789,87.68000030517578,44.93999862670898,99.91999816894533,214.8600006103516,44.18999862670898,193.05999755859372,256.75,145.67999267578125,25.850000381469727,142.9600067138672,198.77999877929688,146.94000244140625,136.60000610351562,181.52999877929688,44.15999984741211,248.82000732421875,68.30999755859375,178.97000122070312,175.14999389648438,101.41999816894533,32.66999816894531,85.62999725341797,311.25,37.09999847412109,177.60000610351562,534.5599975585938,94.08999633789062,15.979999542236328,22.15999984741211,390.2365112304688,750.5900268554688,313.0,25.020000457763672,56.13999938964844,125.43000030517578,158.97000122070312,448.1799926757813,23.31999969482422,140.6199951171875,433.5899963378906,412.3200073242188,22.18000030517578,324.8900146484375,70.12000274658203,376.8599853515625,271.1000061035156,101.97000122070312,8.59000015258789,50.86000061035156,326.4800109863281,158.5399932861328,89.4800033569336,241.4499969482422,97.22000122070312,14.84000015258789,323.9100036621094,435.9299926757813,164.55999755859375,60.22999954223633,48.4900016784668,77.5199966430664,118.56999969482422,57.84999847412109,51.84999847412109,174.3000030517578,148.50999450683594,149.80999755859375,55.61000061035156
2026-05-27,310.8500061035156,215.3999938964844,85.68000030517578,176.36000061035156,238.2400054931641,416.8800048828125,217.6499938964844,208.8500061035156,448.25,495.5400085449219,336.0599975585937,271.8500061035156,154.30999755859375,567.8300170898438,163.02000427246094,302.7099914550781,1597.8699951171875,129.60000610351562,421.8599853515625,391.3200073242188,312.5400085449219,224.3000030517578,127.76000213623048,51.09999847412109,31.670000076293945,34.70000076293945,168.3699951171875,1070.3399658203125,57.52000045776367,479.9200134277344,50.459999084472656,118.0,125.38999938964844,909.9299926757812,320.6300048828125,374.0499877929688,288.67999267578125,31.649999618530277,91.29000091552734,357.70001220703125,25.21999931335449,279.1000061035156,173.77999877929688,115.12999725341795,1003.6900024414062,221.22999572753903,177.50999450683594,161.33999633789062,119.66999816894533,182.3999938964844,529.3900146484375,173.1300048828125,104.18000030517578,125.3499984741211,107.81999969482422,68.38999938964844,104.7699966430664,91.1999969482422,391.4700012207031,134.3000030517578,1070.219970703125,406.3699951171875,43.68999862670898,92.29000091552734,15.880000114440918,127.93000030517578,85.44000244140625,317.2099914550781,1031.8900146484375,133.69000244140625,84.12000274658203,384.8299865722656,388.8299865722656,996.469970703125,26.520000457763672,317.8500061035156,242.8421630859375,76.2300033569336,42.45000076293945,255.1999969482422,149.7100067138672,83.45999908447266,121.7699966430664,307.7300109863281,418.5499877929688,290.3699951171875,231.2899932861328,299.2799987792969,24.3799991607666,195.718994140625,81.62000274658203,69.58000183105469,17.690000534057617,507.8699951171875,902.3099975585938,1082.9200439453125,531.1400146484375,216.83999633789065,318.92999267578125,495.0400085449219,280.9200134277344,756.469970703125,294.4599914550781,75.9800033569336,678.5599975585938,1696.1700439453125,83.19999694824219,635.260009765625,155.1699981689453,76.41999816894531,72.11000061035156,120.23999786376952,198.6999969482422,201.6100006103516,412.6700134277344,154.1999969482422,928.4099731445312,87.6500015258789,87.3499984741211,45.97999954223633,102.12000274658205,212.6000061035156,44.54999923706055,190.9600067138672,248.47000122070312,147.74000549316406,26.209999084472656,147.49000549316406,196.91000366210935,146.52000427246094,132.50999450683594,182.0399932861328,43.7599983215332,233.3999938964844,65.80999755859375,176.58999633789062,174.13999938964844,102.0999984741211,32.54999923706055,88.69999694824219,309.9700012207031,38.18999862670898,175.25999450683594,525.9199829101562,93.73999786376952,16.170000076293945,21.86000061035156,393.3774719238281,750.4600219726562,305.94000244140625,24.88999938964844,55.56999969482422,128.3300018310547,157.00999450683594,456.2099914550781,24.5,138.8300018310547,440.3599853515625,422.7300109863281,22.290000915527344,317.45001220703125,70.7300033569336,384.010009765625,279.3900146484375,104.47000122070312,8.640000343322754,50.15999984741211,327.6099853515625,158.49000549316406,89.31999969482422,240.33999633789065,96.91999816894533,14.859999656677246,319.7799987792969,437.2200012207031,160.14999389648438,60.290000915527344,48.2400016784668,76.11000061035156,118.54000091552734,56.9900016784668,51.41999816894531,174.3000030517578,148.7899932861328,147.89999389648438,55.619998931884766
2026-05-28,312.510009765625,218.6300048828125,86.30000305175781,178.39999389648438,241.44000244140625,419.010009765625,219.8600006103516,207.27999877929688,449.6799926757813,518.0900268554688,336.4800109863281,274.0,155.27000427246094,599.8900146484375,159.17999267578125,335.2699890136719,1605.77001953125,133.08999633789062,426.5799865722656,439.3200073242188,315.1199951171875,228.77999877929688,126.16000366210938,50.77000045776367,31.209999084472656,34.849998474121094,169.82000732421875,1046.489990234375,56.90999984741211,477.4200134277344,49.11000061035156,116.13999938964844,124.68000030517578,887.6699829101562,316.2200012207031,373.8500061035156,286.3099975585937,33.220001220703125,91.66000366210938,351.0199890136719,25.15999984741211,277.4200134277344,182.25,114.98999786376952,995.2000122070312,222.3500061035156,176.1699981689453,167.75,118.63999938964844,183.02999877929688,539.0,180.6300048828125,103.7300033569336,123.76000213623048,108.66999816894533,68.61000061035156,104.69000244140624,90.87000274658205,392.75,134.5800018310547,1069.43994140625,401.9400024414063,43.4900016784668,92.6999969482422,16.649999618530273,129.6999969482422,87.18000030517578,320.82000732421875,996.0,136.22000122070312,84.3499984741211,386.1199951171875,390.1300048828125,1008.3699951171876,27.93000030517578,321.2099914550781,244.3628692626953,84.83999633789062,41.560001373291016,264.2200012207031,148.3000030517578,83.55999755859375,120.88999938964844,313.0,423.6300048828125,292.0299987792969,230.8000030517578,296.7300109863281,24.46999931335449,192.76300048828125,80.41000366210938,69.55000305175781,17.639999389648438,501.9800109863281,860.6199951171875,1126.800048828125,537.2100219726562,217.9199981689453,318.0,493.75,277.9700012207031,756.97998046875,325.67999267578125,75.56999969482422,679.25,1695.530029296875,81.95999908447266,635.2899780273438,152.85000610351562,77.48999786376953,71.97000122070312,119.88999938964844,204.8300018310547,203.7899932861328,426.989990234375,151.63999938964844,923.52001953125,87.25,86.36000061035156,47.369998931884766,108.7300033569336,214.25,45.5099983215332,203.6999969482422,257.7699890136719,146.2899932861328,26.13999938964844,145.91000366210938,194.50999450683597,145.63999938964844,143.33999633789062,178.57000732421875,44.459999084472656,243.2899932861328,70.31999969482422,178.9600067138672,175.4600067138672,100.75,32.630001068115234,86.69000244140625,305.1400146484375,41.29999923706055,239.1999969482422,480.6400146484375,92.5199966430664,16.969999313354492,21.71999931335449,395.1560974121094,754.5999755859375,307.6300048828125,24.8799991607666,54.619998931884766,128.64999389648438,154.88999938964844,487.2200012207031,24.959999084472656,145.38999938964844,442.1000061035156,424.8599853515625,21.149999618530277,315.95001220703125,70.91999816894531,382.5299987792969,267.0,106.66999816894533,8.59000015258789,50.75,324.95001220703125,164.3800048828125,89.02999877929688,244.8500061035156,96.5500030517578,14.93000030517578,314.17999267578125,447.9700012207031,160.27999877929688,59.900001525878906,48.0099983215332,76.6500015258789,118.9000015258789,56.95000076293945,51.27000045776367,173.8000030517578,150.8800048828125,146.9600067138672,55.83000183105469
2026-05-29,312.0599975585937,217.72000122070312,85.5999984741211,187.07000732421875,259.2099914550781,413.8500061035156,221.83999633789065,206.08999633789065,450.05999755859375,516.0999755859375,336.7900085449219,270.6400146484375,159.47000122070312,613.0900268554688,161.1699981689453,353.2900085449219,1612.760009765625,113.41000366210938,446.7699890136719,448.7200012207031,316.4700012207031,231.1499938964844,124.22000122070312,51.59999847412109,31.020000457763672,37.02000045776367,167.42999267578125,1046.8800048828125,57.18000030517578,474.4800109863281,48.310001373291016,116.97000122070312,125.9000015258789,875.8699951171875,311.7300109863281,374.9299926757813,287.75,33.27000045776367,90.12999725341795,385.3900146484375,24.8700008392334,273.5400085449219,189.02999877929688,113.9800033569336,956.3200073242188,236.02999877929688,191.1000061035156,182.75,120.41999816894533,182.4600067138672,542.1799926757812,182.6699981689453,101.83000183105467,122.7300033569336,111.36000061035156,68.5999984741211,104.8000030517578,88.94999694824219,393.1900024414063,133.3800048828125,1068.0400390625,400.6000061035156,43.43000030517578,92.95999908447266,17.440000534057617,137.97000122070312,89.48999786376953,323.760009765625,968.3200073242188,134.42999267578125,83.23999786376953,376.4299926757813,380.3399963378906,1025.56005859375,31.049999237060547,317.1400146484375,249.4598846435547,94.3000030517578,41.630001068115234,297.79998779296875,147.85000610351562,83.47000122070312,114.68000030517578,331.5299987792969,424.6400146484375,290.42999267578125,225.3300018310547,299.3099975585937,24.01000022888184,192.17100524902344,79.01000213623047,69.61000061035156,17.280000686645508,497.6900024414063,854.9600219726562,1105.0,530.4500122070312,214.3600006103516,318.17999267578125,493.9800109863281,279.20001220703125,742.4400024414062,335.54998779296875,73.80999755859375,680.6099853515625,1695.6500244140625,82.69000244140625,632.510009765625,153.1300048828125,83.62000274658203,69.58000183105469,118.72000122070312,205.0,208.0,450.239990234375,159.08999633789062,971.0,87.01000213623047,86.0199966430664,46.22999954223633,124.37000274658205,211.13999938964844,45.58000183105469,225.77999877929688,281.69000244140625,144.19000244140625,26.18000030517578,143.55999755859375,190.3999938964844,143.47000122070312,156.5399932861328,177.3800048828125,44.75,251.0200042724609,78.62999725341797,179.66000366210938,181.7899932861328,99.16000366210938,32.5,82.62000274658203,303.8399963378906,46.09000015258789,255.5500030517578,475.6199951171875,92.0500030517578,18.21999931335449,21.56999969482422,401.1352844238281,756.47998046875,305.0899963378906,24.799999237060547,54.59999847412109,127.06999969482422,154.75,492.510009765625,26.030000686645508,145.4600067138672,435.7900085449219,418.4500122070313,21.559999465942383,305.67999267578125,70.4000015258789,380.30999755859375,262.6400146484375,106.69000244140624,8.819999694824219,50.7599983215332,326.3599853515625,174.33999633789062,89.01000213623047,244.82000732421875,95.6999969482422,14.960000038146973,315.7099914550781,447.5400085449219,160.22999572753906,59.880001068115234,47.810001373291016,77.54000091552734,115.75,56.290000915527344,51.58000183105469,173.1300048828125,149.47000122070312,145.25999450683594,56.560001373291016
2026-06-01,306.3099975585937,212.92999267578125,87.77999877929688,196.58999633789065,274.0299987792969,402.6900024414063,233.7400054931641,207.2100067138672,458.1700134277344,510.1300048828125,329.1300048828125,261.260009765625,170.67999267578125,613.7000122070312,179.3000030517578,408.8500061035156,1628.5699462890625,105.6500015258789,459.9700012207031,476.8800048828125,313.5400085449219,224.3000030517578,125.4000015258789,51.5099983215332,30.940000534057617,39.5099983215332,169.25,1020.72998046875,54.95000076293945,470.2900085449219,47.97999954223633,116.94000244140624,129.08999633789062,865.3599853515625,309.7799987792969,414.1600036621094,265.70001220703125,30.8799991607666,88.43000030517578,426.5499877929688,25.049999237060547,257.760009765625,182.6100006103516,115.58000183105467,946.1099853515624,226.1000061035156,209.6000061035156,195.54249572753903,121.33000183105467,185.8300018310547,542.4299926757812,179.8699951171875,102.8499984741211,119.88999938964844,117.97000122070312,70.08000183105469,104.44000244140624,85.58000183105469,402.6600036621094,136.6199951171875,1050.77001953125,400.0799865722656,43.47999954223633,92.93000030517578,16.6299991607666,147.13999938964844,86.68000030517578,324.6000061035156,950.5399780273438,131.10000610351562,82.68000030517578,372.5799865722656,376.3699951171875,1048.5799560546875,33.790000915527344,310.69000244140625,248.0755157470703,90.7300033569336,40.4900016784668,320.4200134277344,144.9600067138672,85.18000030517578,109.33000183105467,353.760009765625,412.260009765625,288.9800109863281,223.50999450683597,296.5799865722656,23.6299991607666,194.0039978027344,78.63999938964844,68.30999755859375,17.350000381469727,497.4100036621094,905.0,1082.199951171875,516.5,207.6999969482422,317.1199951171875,495.25,276.1099853515625,734.8200073242188,403.8800048828125,73.9800033569336,680.02001953125,1730.97998046875,81.83999633789062,600.469970703125,150.92999267578125,95.47000122070312,68.6500015258789,115.16999816894533,219.42999267578125,211.00999450683597,460.5199890136719,149.77999877929688,1035.5,83.66000366210938,85.8499984741211,45.93000030517578,135.86000061035156,224.3600006103516,44.06999969482422,248.1499938964844,300.4800109863281,141.52000427246094,25.6299991607666,140.27999877929688,192.6699981689453,139.02000427246094,160.64999389648438,172.66000366210938,45.18999862670898,228.9900054931641,85.06999969482422,174.41000366210938,196.1100006103516,96.51000213623048,32.18000030517578,79.73999786376953,294.8599853515625,46.880001068115234,280.1600036621094,492.2900085449219,89.02999877929688,18.57999992370605,22.56999969482422,405.4493713378906,758.5399780273438,299.4599914550781,24.549999237060547,55.29999923706055,123.70999908447266,152.75,494.0400085449219,27.739999771118164,138.80999755859375,415.8800048828125,435.6300048828125,23.21999931335449,293.20001220703125,73.7699966430664,379.8599853515625,263.5,109.0199966430664,9.369999885559082,50.540000915527344,322.7699890136719,188.66000366210935,88.5199966430664,252.5200042724609,94.08999633789062,14.970000267028809,323.3900146484375,438.3999938964844,154.75999450683594,60.41999816894531,47.72999954223633,77.16999816894531,114.5999984741211,57.29999923706055,51.43000030517578,172.39999389648438,147.83999633789062,149.3800048828125,59.04999923706055
2026-06-02,315.20001220703125,215.3999938964844,86.97000122070312,186.22000122070312,262.1099853515625,423.2000122070313,231.17999267578125,210.4600067138672,490.0499877929688,521.5399780273438,328.260009765625,256.5199890136719,175.3300018310547,605.6300048828125,174.6300048828125,402.7099914550781,1705.3699951171875,118.16999816894533,481.5700073242188,490.1199951171875,310.9700012207031,217.6999969482422,130.82000732421875,52.47999954223633,31.1200008392334,38.470001220703125,167.2100067138672,1018.9600219726562,54.459999084472656,471.510009765625,47.68000030517578,114.91000366210938,131.25999450683594,909.8099975585938,312.2699890136719,416.3900146484375,272.6499938964844,30.540000915527344,88.2699966430664,472.3999938964844,24.850000381469727,250.52999877929688,173.99000549316406,116.87000274658205,954.27001953125,229.0,200.83999633789065,192.2375030517578,128.0,187.5500030517578,579.25,176.11000061035156,101.41000366210938,121.08999633789062,109.9499969482422,70.80000305175781,105.0199966430664,83.41000366210938,389.0299987792969,138.5800018310547,1071.800048828125,417.6199951171875,43.56999969482422,93.58000183105467,16.149999618530273,148.86000061035156,88.05000305175781,317.7200012207031,969.6699829101562,127.56999969482422,81.7300033569336,358.3900146484375,361.8500061035156,1064.5799560546875,31.81999969482422,311.5199890136719,246.70162963867188,88.16000366210938,38.04999923706055,329.2300109863281,142.3800048828125,85.98999786376953,107.93000030517578,322.1400146484375,402.2999877929688,291.6600036621094,222.88999938964844,300.9599914550781,23.32999992370605,204.5200042724609,78.41000366210938,69.54000091552734,17.31999969482422,495.9100036621094,1029.1500244140625,1064.1500244140625,513.4299926757812,206.63999938964844,334.4100036621094,477.6799926757813,276.3599853515625,736.780029296875,398.4599914550781,73.75,686.1500244140625,1672.8299560546875,82.81999969482422,597.6300048828125,152.89999389648438,91.51000213623048,69.23999786376953,115.6500015258789,290.7900085449219,214.97999572753903,441.30999755859375,136.0800018310547,1064.0999755859375,85.68000030517578,83.33000183105469,43.72999954223633,127.6500015258789,222.82000732421875,42.91999816894531,244.5800018310547,297.17999267578125,142.0,25.549999237060547,140.82000732421875,196.82000732421875,140.41000366210938,152.1699981689453,173.66000366210938,44.52999877929688,240.83999633789065,82.33000183105469,174.25999450683594,190.82000732421875,95.51000213623048,32.369998931884766,78.05000305175781,293.0,50.16999816894531,261.1400146484375,508.3500061035156,90.51000213623048,17.739999771118164,22.790000915527344,394.9479675292969,759.5700073242188,293.29998779296875,24.63999938964844,60.33000183105469,123.18000030517578,153.69000244140625,482.0799865722656,26.350000381469727,138.64999389648438,423.739990234375,446.6900024414063,21.100000381469727,308.1199951171875,71.62000274658203,377.9200134277344,264.67999267578125,108.93000030517578,8.979999542236328,53.41999816894531,317.32000732421875,182.94000244140625,88.95999908447266,258.260009765625,94.5199966430664,15.119999885559082,334.489990234375,425.0899963378906,157.97000122070312,61.18999862670898,47.869998931884766,79.44000244140625,113.05999755859376,57.959999084472656,51.459999084472656,174.19000244140625,146.39999389648438,149.55999755859375,56.459999084472656
2026-06-03,310.260009765625,217.1300048828125,86.98999786376953,177.42999267578125,256.239990234375,437.6700134277344,227.75,209.33999633789065,500.7699890136719,542.52001953125,338.2200012207031,250.0200042724609,174.3699951171875,570.8300170898438,166.27000427246094,411.8299865722656,1726.3599853515625,107.7300033569336,479.2300109863281,481.4800109863281,300.57000732421875,210.5800018310547,127.20999908447266,52.400001525878906,30.3700008392334,35.20000076293945,164.77999877929688,990.8699951171876,54.720001220703125,475.3699951171875,47.68999862670898,110.27999877929688,129.92999267578125,926.1799926757812,312.75,408.0,267.239990234375,30.01000022888184,84.87000274658203,458.1400146484375,23.520000457763672,252.63999938964844,163.22000122070312,119.0500030517578,961.8300170898438,214.6000061035156,190.6100006103516,186.90249633789065,126.5,189.7100067138672,588.2899780273438,178.0800018310547,99.38999938964844,121.04000091552734,107.4000015258789,69.91999816894531,104.12000274658205,82.05000305175781,391.2699890136719,141.5,1077.0,421.2099914550781,42.77000045776367,93.94000244140624,15.710000038146973,146.47999572753906,85.0,314.6400146484375,959.3599853515624,128.99000549316406,81.69999694824219,355.67999267578125,358.989990234375,1041.02001953125,30.93000030517578,312.9700012207031,234.1478729248047,82.8499984741211,37.0,305.6300048828125,138.4499969482422,84.83999633789062,112.70999908447266,311.44000244140625,407.2900085449219,287.6700134277344,223.2400054931641,300.8500061035156,22.76000022888184,212.5110015869141,78.76000213623047,67.87999725341797,16.829999923706055,507.5700073242188,938.0,1078.780029296875,512.030029296875,207.6499938964844,343.7099914550781,471.5499877929688,273.2900085449219,739.530029296875,368.3200073242188,77.94999694824219,685.5,1638.5400390625,80.95999908447266,622.97998046875,151.64999389648438,85.94999694824219,70.30000305175781,114.6999969482422,301.6499938964844,210.13999938964844,427.3399963378906,126.5500030517578,1079.5699462890625,84.58000183105469,81.5199966430664,43.810001373291016,117.9000015258789,214.75,42.0,230.3300018310547,280.42999267578125,142.5399932861328,25.34000015258789,140.19000244140625,193.4600067138672,141.82000732421875,142.1999969482422,175.94000244140625,42.61000061035156,250.00999450683597,79.45999908447266,172.5500030517578,180.6699981689453,95.88999938964844,32.369998931884766,78.9800033569336,296.489990234375,47.41999816894531,241.27999877929688,498.0199890136719,90.48999786376952,16.68000030517578,22.200000762939453,390.0567626953125,754.239990234375,295.0,23.549999237060547,58.130001068115234,124.8000030517578,157.89999389648438,473.9500122070313,25.06999969482422,139.61000061035156,423.7000122070313,436.6900024414063,20.559999465942383,308.5899963378906,71.69000244140625,377.0,262.1300048828125,108.66999816894533,8.5600004196167,50.38999938964844,312.3999938964844,178.72000122070312,87.9000015258789,261.45001220703125,94.41000366210938,15.050000190734863,331.44000244140625,428.3399963378906,153.8000030517578,60.33000183105469,46.650001525878906,78.68000030517578,116.88999938964844,58.709999084472656,50.869998931884766,174.0500030517578,147.5500030517578,152.52999877929688,55.08000183105469
2026-06-04,311.2300109863281,224.94000244140625,90.77999877929688,178.86000061035156,258.4200134277344,428.760009765625,231.30999755859372,210.83999633789065,501.7000122070313,523.2000122070312,345.6000061035156,253.7899932861328,166.00999450683594,558.8699951171875,163.64999389648438,393.4400024414063,1757.469970703125,107.29000091552734,418.9100036621094,513.2000122070312,312.5299987792969,217.4199981689453,125.9499969482422,54.16999816894531,31.96999931335449,35.959999084472656,167.49000549316406,1022.5599975585938,56.59999847412109,478.6300048828125,48.84999847412109,118.5500030517578,135.14999389648438,940.47998046875,314.5,411.6799926757813,264.5899963378906,27.75,85.0999984741211,425.3599853515625,23.32999992370605,256.0599975585937,164.1300048828125,119.2300033569336,972.3499755859376,217.5,188.75,179.7725067138672,130.0,188.3500061035156,591.75,186.63999938964844,99.33999633789062,121.81999969482422,109.1500015258789,69.0999984741211,104.9499969482422,82.9000015258789,409.4400024414063,140.8800048828125,1089.1500244140625,418.6099853515625,43.06999969482422,94.12999725341795,15.34000015258789,149.6699981689453,86.4000015258789,327.6499938964844,963.3300170898438,129.17999267578125,83.22000122070312,369.2699890136719,372.1900024414063,1092.6099853515625,30.84000015258789,309.95001220703125,228.25379943847656,88.33000183105469,36.02000045776367,301.7699890136719,142.05999755859375,84.01000213623047,111.77999877929688,301.9800109863281,418.8200073242188,292.010009765625,228.1699981689453,310.8900146484375,22.46999931335449,213.1100006103516,76.81999969482422,69.9800033569336,16.8799991607666,507.4500122070313,945.0800170898438,1125.27001953125,519.0499877929688,207.52999877929688,336.4100036621094,481.760009765625,272.7200012207031,756.9500122070312,380.1799926757813,81.93000030517578,687.97998046875,1634.780029296875,83.45999908447266,627.5700073242188,152.77000427246094,87.30999755859375,70.5999984741211,120.26000213623048,316.42999267578125,218.2700042724609,428.0499877929688,129.3699951171875,996.0,85.68000030517578,81.55999755859375,43.619998931884766,119.36000061035156,218.66000366210935,43.75,236.33999633789065,279.25,142.14999389648438,25.690000534057617,140.77999877929688,195.3800048828125,143.7899932861328,141.6999969482422,174.99000549316406,42.75,242.57000732421875,77.0,179.41000366210938,187.13999938964844,94.13999938964844,32.59000015258789,80.18000030517578,300.0899963378906,46.900001525878906,244.17999267578125,494.4800109863281,91.62000274658205,17.149999618530273,22.229999542236328,397.4645080566406,757.0900268554688,301.2099914550781,22.770000457763672,58.18000030517578,123.8499984741211,158.6300048828125,482.0299987792969,25.21999931335449,140.47000122070312,418.4500122070313,444.9200134277344,21.030000686645508,305.3699951171875,72.20999908447266,396.4700012207031,263.8999938964844,110.22000122070312,8.739999771118164,50.27999877929688,320.17999267578125,178.60000610351562,88.88999938964844,258.8500061035156,96.0999984741211,15.100000381469728,323.9200134277344,441.739990234375,153.6999969482422,60.310001373291016,44.869998931884766,81.62000274658203,117.73999786376952,58.75,52.18999862670898,176.16000366210938,152.0800018310547,152.0399932861328,56.22999954223633
2026-06-05,307.3399963378906,227.22999572753903,91.06999969482422,178.25,251.44000244140625,401.3900146484375,231.9499969482422,221.00999450683597,453.010009765625,466.3800048828125,349.5799865722656,246.02999877929688,154.27000427246094,557.2000122070312,166.94000244140625,342.92999267578125,1641.739990234375,93.5999984741211,385.7300109863281,486.1199951171875,310.6600036621094,215.4499969482422,121.05999755859376,53.83000183105469,31.32999992370605,35.970001220703125,165.83999633789062,995.5999755859376,57.27000045776367,488.1300048828125,48.54999923706055,115.3499984741211,132.47000122070312,904.280029296875,326.2699890136719,376.1900024414063,254.8300018310547,28.1299991607666,88.58000183105469,371.7099914550781,23.81999969482422,257.3999938964844,152.39999389648438,117.13999938964844,971.8699951171876,206.88999938964844,185.66000366210935,167.7550048828125,121.63999938964844,187.30999755859372,583.4400024414062,184.3000030517578,99.70999908447266,124.22000122070312,109.02999877929688,64.58999633789062,102.26000213623048,83.48999786376953,415.5299987792969,137.77999877929688,1080.949951171875,395.9400024414063,42.11000061035156,90.72000122070312,14.899999618530272,144.67999267578125,78.83999633789062,328.0,933.6099853515624,129.16000366210938,82.11000061035156,365.760009765625,368.5299987792969,1038.6800537109375,31.1200008392334,310.7799987792969,224.4048309326172,82.47000122070312,34.13999938964844,284.8399963378906,141.5,78.62999725341797,99.16999816894533,296.760009765625,422.05999755859375,281.6499938964844,232.7700042724609,312.3699951171875,22.57999992370605,192.9199981689453,79.4800033569336,70.16999816894531,17.709999084472656,507.8999938964844,863.6599731445312,1131.4200439453125,523.760009765625,210.7400054931641,303.2799987792969,491.0799865722656,279.8399963378906,775.6599731445312,350.739990234375,81.66999816894531,674.5900268554688,1607.800048828125,84.48999786376953,593.0,153.75999450683594,85.73999786376953,72.19000244140625,120.79000091552734,263.4700012207031,211.92999267578125,416.6700134277344,120.44000244140624,864.010009765625,85.83999633789062,82.18000030517578,42.97999954223633,112.4499969482422,205.1000061035156,42.959999084472656,213.67999267578125,272.04998779296875,141.9199981689453,26.040000915527344,146.5399932861328,204.0200042724609,144.5399932861328,135.52999877929688,178.2899932861328,41.290000915527344,215.94000244140625,73.41000366210938,180.9900054931641,184.7700042724609,95.29000091552734,32.29999923706055,82.87000274658203,305.29998779296875,41.63999938964844,238.25999450683597,464.8500061035156,92.5999984741211,16.030000686645508,21.88999938964844,401.5515747070313,737.5499877929688,305.6600036621094,22.75,56.95000076293945,122.56999969482422,160.7100067138672,472.7999877929688,24.63999938964844,140.10000610351562,391.0,415.1700134277344,19.950000762939453,285.0599975585937,70.70999908447266,399.4700012207031,272.32000732421875,108.54000091552734,8.760000228881836,45.310001373291016,323.57000732421875,172.61000061035156,87.12999725341797,255.82000732421875,96.79000091552734,14.699999809265137,300.510009765625,446.8299865722656,148.75999450683594,58.02999877929688,45.369998931884766,81.94000244140625,118.87999725341795,57.66999816894531,52.29999923706055,174.17999267578125,153.00999450683594,149.9199981689453,54.43000030517578
2026-06-08,301.5400085449219,223.07000732421875,90.5,174.42999267578125,244.9900054931641,403.8900146484375,229.0800018310547,215.0200042724609,492.1700134277344,490.3299865722656,345.7300109863281,245.22000122070312,156.39999389648438,563.6900024414062,164.89999389648438,346.3900146484375,1749.0400390625,92.05999755859376,396.6000061035156,471.05999755859375,312.29998779296875,215.9199981689453,120.06999969482422,53.630001068115234,31.38999938964844,35.13999938964844,162.3000030517578,994.77001953125,55.56999969482422,487.0,48.70000076293945,114.19000244140624,133.27999877929688,915.6400146484376,321.8800048828125,394.239990234375,250.6699981689453,28.0,86.06999969482422,386.5,23.76000022888184,252.02999877929688,162.11000061035156,118.88999938964844,974.75,222.2700042724609,182.5500030517578,164.69749450683594,124.1500015258789,189.2400054931641,573.6599731445312,183.52999877929688,98.87000274658205,122.0500030517578,117.95999908447266,65.75,102.87999725341795,84.63999938964844,418.1499938964844,140.14999389648438,1062.739990234375,403.1400146484375,42.13999938964844,91.9499969482422,15.0,143.0399932861328,78.66999816894531,322.0400085449219,933.8499755859376,128.10000610351562,83.7699966430664,361.1700134277344,363.30999755859375,1045.0,31.07999992370605,309.7099914550781,222.1289978027344,85.04000091552734,35.88999938964844,280.82000732421875,139.0500030517578,79.97000122070312,110.2699966430664,305.510009765625,418.6099853515625,284.1099853515625,232.16000366210935,311.1099853515625,23.350000381469727,210.80599975585935,79.54000091552734,70.36000061035156,17.549999237060547,501.9200134277344,895.4000244140625,1149.1500244140625,520.0700073242188,207.97000122070312,324.45001220703125,485.6700134277344,277.7799987792969,766.6400146484375,352.5599975585937,80.69000244140625,676.25,1611.989990234375,84.37999725341797,585.3900146484375,153.85000610351562,83.76000213623047,71.29000091552734,119.5199966430664,288.8500061035156,212.2400054931641,411.739990234375,127.1999969482422,949.280029296875,84.01000213623047,82.63999938964844,43.22999954223633,114.19000244140624,208.63999938964844,41.02000045776367,211.82000732421875,266.3299865722656,140.67999267578125,25.6200008392334,145.10000610351562,200.25999450683597,142.77999877929688,136.47000122070312,176.05999755859375,41.2599983215332,217.7700042724609,71.7300033569336,178.66000366210938,181.9199981689453,94.81999969482422,32.290000915527344,86.68000030517578,299.54998779296875,43.9900016784668,240.4499969482422,473.4800109863281,91.27999877929688,16.5,22.149999618530277,394.5979309082031,739.219970703125,301.5299987792969,22.5,56.650001525878906,123.97000122070312,159.75,469.6300048828125,24.100000381469727,140.89999389648438,408.9500122070313,426.7999877929688,19.43000030517578,290.8999938964844,70.05999755859375,406.5700073242188,268.6700134277344,107.6999969482422,8.869999885559082,45.91999816894531,319.6700134277344,167.24000549316406,87.5199966430664,258.3900146484375,95.47000122070312,14.8100004196167,300.57000732421875,442.9599914550781,146.89999389648438,58.33000183105469,45.43999862670898,80.95999908447266,119.83000183105467,58.33000183105469,51.970001220703125,173.6300048828125,152.64999389648438,151.75,52.720001220703125
2026-06-09,290.54998779296875,225.4199981689453,91.25,173.47000122070312,237.8800048828125,404.6199951171875,231.1699981689453,217.17999267578125,499.2099914550781,475.510009765625,344.57000732421875,244.19000244140625,152.16000366210938,520.8400268554688,169.2899932861328,324.8599853515625,1777.77001953125,88.70999908447266,392.1600036621094,452.510009765625,318.3800048828125,214.50999450683597,119.6999969482422,54.41999816894531,31.799999237060547,34.09000015258789,163.99000549316406,1011.9600219726562,56.47999954223633,487.7699890136719,48.959999084472656,120.29000091552734,134.72999572753906,914.7000122070312,325.1300048828125,390.8999938964844,251.6499938964844,28.190000534057617,87.80000305175781,371.8599853515625,23.850000381469727,255.94000244140625,155.5,116.79000091552734,968.5900268554688,234.32000732421875,175.35000610351562,161.2324981689453,120.36000061035156,186.75999450683597,577.3300170898438,188.41000366210935,99.33000183105467,123.81999969482422,117.86000061035156,65.81999969482422,102.9000015258789,86.55999755859375,424.4299926757813,137.3300018310547,1059.8399658203125,401.7200012207031,42.040000915527344,90.9499969482422,14.949999809265137,138.38999938964844,77.58999633789062,330.44000244140625,920.1500244140624,125.5,83.76000213623047,362.2900085449219,364.260009765625,1032.010009765625,30.299999237060547,321.3299865722656,226.2191925048828,83.7699966430664,35.13999938964844,277.489990234375,141.55999755859375,80.04000091552734,107.91999816894533,293.7799987792969,426.6099853515625,285.0199890136719,237.0,312.70001220703125,23.43000030517578,213.9369964599609,81.33999633789062,71.23999786376953,17.920000076293945,515.5900268554688,821.760009765625,1144.6800537109375,530.1300048828125,217.3699951171875,327.1600036621094,495.239990234375,282.25,784.22998046875,340.2799987792969,81.9800033569336,681.6799926757812,1641.1600341796875,85.56999969482422,584.5900268554688,156.38999938964844,83.2300033569336,71.55999755859375,119.5999984741211,266.8800048828125,210.25,403.4100036621094,117.0199966430664,935.8900146484376,84.83000183105469,81.41000366210938,44.650001525878906,106.97000122070312,208.19000244140625,42.18999862670898,205.80999755859372,260.5199890136719,142.77999877929688,25.700000762939453,148.6699981689453,200.1300048828125,147.52000427246094,132.07000732421875,178.49000549316406,41.459999084472656,205.4199981689453,71.73999786376953,181.55999755859372,178.9199981689453,97.41000366210938,32.38999938964844,84.73999786376953,310.54998779296875,40.63999938964844,239.66000366210935,465.2699890136719,92.9499969482422,16.469999313354492,21.309999465942383,401.91107177734375,737.0499877929688,314.010009765625,22.709999084472656,57.630001068115234,126.61000061035156,164.8699951171875,494.0700073242188,25.0,145.6199951171875,396.6799926757813,427.9200134277344,19.88999938964844,288.6300048828125,70.37999725341797,413.0,271.2799987792969,107.87000274658205,8.819999694824219,44.119998931884766,325.04998779296875,167.67999267578125,87.87999725341797,253.77999877929688,97.66999816894533,14.670000076293944,289.5199890136719,445.7699890136719,146.22000122070312,58.45000076293945,45.77999877929688,82.0,118.87999725341795,57.38999938964844,52.459999084472656,175.60000610351562,154.57000732421875,148.91000366210938,54.029998779296875
2026-06-10,291.5799865722656,224.9499969482422,89.16999816894531,170.5,233.3800048828125,392.6700134277344,231.1000061035156,223.33999633789065,497.010009765625,452.3999938964844,337.7300109863281,238.0,151.75999450683594,492.9800109863281,168.32000732421875,307.42999267578125,1734.18994140625,87.31999969482422,372.1000061035156,447.5899963378906,313.3399963378906,209.0,115.37999725341795,54.540000915527344,31.13999938964844,32.38999938964844,160.63999938964844,1010.6799926757812,55.59999847412109,483.6799926757813,48.34000015258789,118.4800033569336,133.3800048828125,856.1599731445312,330.5799865722656,385.1300048828125,242.3000030517578,28.3700008392334,89.94999694824219,362.9200134277344,23.96999931335449,263.79998779296875,153.97000122070312,119.91999816894533,983.3699951171876,237.67999267578125,170.9199981689453,161.93499755859375,118.8000030517578,189.8000030517578,560.0499877929688,183.6300048828125,98.61000061035156,125.04000091552734,121.91999816894533,64.66000366210938,101.56999969482422,85.38999938964844,404.55999755859375,140.27999877929688,1038.3299560546875,375.4599914550781,41.27000045776367,89.29000091552734,14.300000190734863,138.8800048828125,73.80999755859375,318.7099914550781,867.0900268554688,121.4800033569336,79.4000015258789,353.32000732421875,356.3800048828125,1001.2899780273438,28.51000022888184,318.9200134277344,215.9202880859375,86.36000061035156,35.08000183105469,272.3599853515625,140.33999633789062,78.62000274658203,107.04000091552734,284.2200012207031,412.0199890136719,282.04998779296875,238.4900054931641,309.1400146484375,24.049999237060547,213.56399536132807,83.58999633789062,71.63999938964844,18.049999237060547,509.1600036621094,853.260009765625,1136.3699951171875,525.02001953125,216.19000244140625,321.79998779296875,489.0799865722656,282.5199890136719,790.4400024414062,348.2799987792969,80.25,671.8400268554688,1588.2900390625,86.12999725341797,570.97998046875,156.85000610351562,81.69999694824219,73.12999725341797,119.08999633789062,252.58999633789065,206.66000366210935,397.3599853515625,115.3499984741211,891.8800048828125,85.12000274658203,82.0,43.959999084472656,106.05999755859376,200.4199981689453,42.810001373291016,201.25999450683597,263.2200012207031,144.32000732421875,25.600000381469727,149.0500030517578,204.1999969482422,145.77000427246094,130.2100067138672,182.9499969482422,40.70000076293945,191.1999969482422,71.31999969482422,177.41000366210938,170.3000030517578,98.76000213623048,32.2599983215332,86.81999969482422,303.9100036621094,29.270000457763672,239.8999938964844,460.5400085449219,94.0199966430664,15.869999885559082,20.76000022888184,403.3869323730469,725.4299926757812,308.8399963378906,23.209999084472656,59.18000030517578,127.9800033569336,167.66000366210938,482.0400085449219,24.299999237060547,140.9199981689453,381.5899963378906,408.75,19.290000915527344,282.010009765625,68.61000061035156,407.4599914550781,267.0299987792969,103.26000213623048,8.569999694824219,42.34999847412109,322.9599914550781,163.75999450683594,86.69000244140625,257.989990234375,97.68000030517578,15.050000190734863,280.9800109863281,435.7099914550781,138.5399932861328,57.720001220703125,46.95000076293945,81.97000122070312,120.58999633789062,58.25,52.22999954223633,169.66000366210938,152.85000610351562,150.6199951171875,53.279998779296875
2026-06-11,295.6300048828125,224.7700042724609,89.6500015258789,167.52000427246094,218.8000030517578,412.1300048828125,225.7700042724609,219.57000732421875,552.6400146484375,488.4500122070313,354.0599975585937,241.50999450683597,156.39999389648438,478.5700073242188,159.67999267578125,342.2300109863281,1899.47998046875,97.55999755859376,385.5700073242188,446.2000122070313,318.489990234375,221.6300048828125,112.69000244140624,55.15999984741211,31.809999465942383,32.130001068115234,163.58999633789062,1016.5800170898438,56.900001525878906,485.7900085449219,47.16999816894531,120.87999725341795,138.07000732421875,897.6300048828125,327.92999267578125,383.739990234375,246.7100067138672,28.399999618530277,89.38999938964844,385.8599853515625,23.96999931335449,262.17999267578125,160.42999267578125,115.36000061035156,975.6900024414062,264.760009765625,166.4499969482422,172.88250732421875,121.83000183105467,185.82000732421875,568.6400146484375,180.7899932861328,100.33999633789062,124.19000244140624,123.84500122070312,67.5,104.7300033569336,88.0199966430664,399.1799926757813,136.52999877929688,1043.1800537109375,393.6400146484375,42.27000045776367,92.18000030517578,14.710000038146973,145.05999755859375,77.72000122070312,332.760009765625,906.7899780273438,125.87000274658205,80.8499984741211,356.5599975585937,357.7699890136719,1035.6400146484375,28.399999618530277,326.010009765625,229.8059844970703,92.2300033569336,36.04999923706055,274.8500061035156,138.97999572753906,82.06999969482422,116.95999908447266,276.9100036621094,412.8999938964844,290.4100036621094,238.3300018310547,313.489990234375,24.21999931335449,241.16400146484372,82.52999877929688,72.3499984741211,18.06999969482422,515.4400024414062,889.5900268554688,1160.949951171875,548.6799926757812,221.0500030517578,362.5199890136719,486.510009765625,284.7699890136719,787.1900024414062,354.4100036621094,80.33000183105469,688.8499755859375,1610.0,87.58000183105469,568.4299926757812,157.91000366210938,79.58000183105469,71.41000366210938,120.76000213623048,280.7099914550781,212.66000366210935,390.3399963378906,120.1500015258789,995.8699951171876,84.83999633789062,81.2699966430664,45.959999084472656,103.08000183105467,204.8699951171875,43.959999084472656,184.1000061035156,279.5299987792969,143.72999572753906,26.170000076293945,148.33999633789062,202.25999450683597,147.19000244140625,131.0800018310547,180.7700042724609,41.2400016784668,202.9600067138672,71.44999694824219,184.2100067138672,163.63999938964844,102.27999877929688,32.529998779296875,88.12000274658203,316.8900146484375,31.96999931335449,240.38999938964844,456.2900085449219,93.2699966430664,16.670000076293945,21.149999618530277,391.0501403808594,737.760009765625,305.6400146484375,23.0,59.18000030517578,132.63999938964844,168.33999633789062,475.6600036621094,24.690000534057617,145.38999938964844,399.1499938964844,421.0700073242188,18.899999618530277,297.1000061035156,69.55000305175781,405.5499877929688,268.2799987792969,108.6500015258789,8.460000038146973,44.83000183105469,319.04998779296875,161.5500030517578,89.45999908447266,255.6000061035156,97.61000061035156,15.260000228881836,297.8800048828125,445.0400085449219,146.3800048828125,59.09999847412109,46.93999862670898,82.4000015258789,120.5,57.119998931884766,52.619998931884766,175.14999389648438,154.08999633789062,146.60000610351562,53.060001373291016
2026-06-12,291.1300048828125,227.72999572753903,88.18000030517578,170.27999877929688,204.0200042724609,417.7900085449219,226.2100067138672,221.6300048828125,567.25,511.5700073242188,355.20001220703125,238.5500030517578,163.24000549316406,496.7699890136719,161.2100067138672,380.80999755859375,1863.550048828125,82.41000366210938,382.0700073242188,441.7300109863281,325.44000244140625,219.0500030517578,112.81999969482422,56.02000045776367,32.130001068115234,33.18000030517578,164.94000244140625,1032.0,57.130001068115234,489.25,46.90999984741211,122.79000091552734,139.8300018310547,910.5700073242188,328.1400146484375,384.9599914550781,253.75999450683597,29.18000030517578,89.44999694824219,393.1199951171875,24.5,269.5299987792969,159.77999877929688,116.9800033569336,982.3499755859376,250.80999755859372,165.88999938964844,170.6999969482422,121.0999984741211,187.22000122070312,577.47998046875,180.10000610351562,100.04000091552734,124.97000122070312,122.62999725341795,67.87999725341797,105.0199966430664,89.68000030517578,404.0700073242188,136.64999389648438,1055.8499755859375,391.3900146484375,42.310001373291016,92.70999908447266,14.84000015258789,146.3000030517578,80.02999877929688,335.29998779296875,940.6599731445312,125.58999633789062,81.5,358.1600036621094,359.67999267578125,1062.75,27.790000915527344,328.3900146484375,231.05401611328125,93.19000244140624,36.040000915527344,272.239990234375,140.52999877929688,82.56999969482422,124.56999969482422,276.7300109863281,411.05999755859375,292.95001220703125,240.8699951171875,320.7200012207031,24.38999938964844,254.5399932861328,82.62000274658203,73.41000366210938,18.13999938964844,523.5700073242188,921.5599975585938,1133.0,540.3300170898438,220.77999877929688,366.80999755859375,489.9800109863281,284.8099975585937,784.0499877929688,342.79998779296875,80.19999694824219,693.739990234375,1589.5999755859375,88.83999633789062,566.97998046875,158.32000732421875,77.56999969482422,71.94000244140625,119.0500030517578,279.70001220703125,214.0399932861328,390.739990234375,123.97000122070312,981.6099853515624,85.98999786376953,80.33999633789062,44.93000030517578,102.1500015258789,205.19000244140625,43.880001068115234,184.1300048828125,279.6199951171875,144.27000427246094,26.209999084472656,149.61000061035156,203.1100006103516,148.74000549316406,127.98999786376952,184.3000030517578,41.52999877929688,211.72000122070312,68.19000244140625,183.52999877929688,164.17999267578125,103.04000091552734,32.81999969482422,86.33000183105469,317.29998779296875,30.459999084472656,232.77999877929688,453.8900146484375,94.0,16.579999923706055,20.530000686645508,396.31976318359375,741.75,312.20001220703125,23.57999992370605,59.060001373291016,135.22999572753906,168.41000366210938,469.3399963378906,24.81999969482422,147.4199981689453,406.4299926757813,423.9299926757813,19.280000686645508,301.1199951171875,68.8499984741211,408.5199890136719,272.70001220703125,108.0999984741211,8.489999771118164,45.52000045776367,322.3900146484375,159.5399932861328,89.62000274658203,258.6700134277344,98.51000213623048,15.529999732971191,302.8699951171875,444.9299926757813,148.02000427246094,59.54999923706055,48.11000061035156,83.7300033569336,121.04000091552734,57.54999923706055,53.34000015258789,176.17999267578125,153.80999755859375,147.00999450683594,53.779998779296875
2026-06-15,296.4200134277344,221.58999633789065,88.66999816894531,165.36000061035156,206.3600006103516,427.5799865722656,223.22000122070312,221.80999755859372,585.780029296875,547.260009765625,350.5299987792969,246.0200042724609,169.08999633789062,520.8599853515625,158.2100067138672,412.5499877929688,1892.6600341796875,87.56999969482422,393.9400024414063,443.2099914550781,335.3800048828125,228.9499969482422,112.5500030517578,55.869998931884766,32.5099983215332,33.540000915527344,174.63999938964844,1042.8699951171875,56.2400016784668,495.5199890136719,46.7599983215332,124.62999725341795,141.2100067138672,933.9299926757812,326.95001220703125,394.5,262.3500061035156,28.739999771118164,90.58000183105467,403.4500122070313,23.96999931335449,266.0799865722656,169.6199951171875,112.26000213623048,979.4500122070312,259.4100036621094,164.5500030517578,173.2274932861328,120.16999816894533,180.3999938964844,575.469970703125,181.1000061035156,101.69000244140624,125.27999877929688,127.05999755859376,69.75,104.08000183105467,90.0,401.8900146484375,131.97999572753906,1064.3800048828125,407.05999755859375,41.84000015258789,94.05999755859376,14.770000457763672,149.49000549316406,85.2699966430664,342.260009765625,979.0700073242188,124.3000030517578,84.06999969482422,367.1099853515625,369.3500061035156,1076.1700439453125,28.309999465942383,329.82000732421875,238.5002593994141,98.12000274658205,37.7400016784668,268.7099914550781,140.10000610351562,84.41000366210938,127.86000061035156,281.7699890136719,416.5499877929688,294.6400146484375,235.66000366210935,319.3999938964844,23.989999771118164,256.4200134277344,80.91000366210938,72.2300033569336,18.25,521.47998046875,957.239990234375,1129.3499755859375,530.3599853515625,220.19000244140625,388.9200134277344,490.6400146484375,286.1199951171875,779.780029296875,354.17999267578125,80.37999725341797,696.4099731445312,1646.3599853515625,87.66000366210938,593.47998046875,158.22999572753906,77.26000213623047,69.58999633789062,114.9000015258789,308.8800048828125,217.97999572753903,399.760009765625,131.13999938964844,1087.989990234375,86.12000274658203,81.66999816894531,45.20000076293945,104.1500015258789,212.4499969482422,43.91999816894531,192.63999938964844,284.5400085449219,146.25,26.0,150.4600067138672,203.5,148.5,134.7100067138672,181.80999755859372,42.4900016784668,220.80999755859372,69.79000091552734,183.63999938964844,164.3300018310547,101.58999633789062,32.630001068115234,85.38999938964844,320.239990234375,30.850000381469727,240.77999877929688,454.3800048828125,93.81999969482422,17.1299991607666,20.399999618530277,401.2015075683594,754.8300170898438,307.94000244140625,23.290000915527344,58.79999923706055,133.1699981689453,167.3300018310547,473.7200012207031,25.049999237060547,150.99000549316406,411.1499938964844,441.3999938964844,19.270000457763672,313.3399963378906,72.8499984741211,411.0400085449219,267.32000732421875,108.83000183105467,8.479999542236328,48.060001373291016,323.82000732421875,162.1699981689453,89.87000274658203,247.16000366210935,97.81999969482422,15.0,311.92999267578125,450.4599914550781,153.52000427246094,60.84000015258789,47.06999969482422,83.13999938964844,120.81999969482422,55.54999923706055,53.560001373291016,178.67999267578125,152.88999938964844,140.9199981689453,47.90999984741211
2026-06-16,299.239990234375,222.47000122070312,90.62000274658205,165.52000427246094,207.32000732421875,416.0,222.0,223.08999633789065,568.22998046875,507.2900085449219,347.8399963378906,246.0,168.00999450683594,515.2000122070312,157.88999938964844,396.3399963378906,1803.8900146484373,82.25,376.7099914550781,435.3900146484375,340.739990234375,227.4900054931641,110.97000122070312,56.84000015258789,33.18000030517578,33.68000030517578,175.72000122070312,1052.22998046875,55.91999816894531,494.9500122070313,46.91999816894531,127.87000274658205,142.99000549316406,945.4600219726562,328.8900146484375,387.8500061035156,268.0,30.01000022888184,90.66000366210938,382.010009765625,23.65999984741211,261.6000061035156,169.27000427246094,111.33999633789062,986.6799926757812,239.17999267578125,161.7100067138672,169.87249755859375,119.56999969482422,180.11000061035156,585.2899780273438,181.3500061035156,101.27999877929688,126.05999755859376,128.07000732421875,68.63999938964844,104.30999755859376,87.58000183105469,397.7999877929688,132.0500030517578,1094.6800537109375,407.7099914550781,41.77000045776367,94.12000274658205,14.40999984741211,147.02000427246094,87.23999786376953,351.7300109863281,982.3499755859376,127.2300033569336,82.51000213623047,371.1000061035156,373.25,1090.6700439453125,27.809999465942383,337.0899963378906,240.68170166015625,96.70999908447266,37.16999816894531,270.8099975585937,141.27999877929688,83.1500015258789,117.0500030517578,280.989990234375,417.0700073242188,292.0799865722656,235.17999267578125,331.1400146484375,23.799999237060547,237.3300018310547,80.27999877929688,72.48999786376953,18.43000030517578,518.1699829101562,875.3599853515625,1122.5,535.9500122070312,224.0200042724609,369.3399963378906,501.3299865722656,287.92999267578125,785.4299926757812,348.8099975585937,81.31999969482422,694.3200073242188,1674.0799560546875,87.4000015258789,600.2100219726562,161.6300048828125,75.55999755859375,70.19000244140625,115.16999816894533,278.6700134277344,220.8300018310547,393.8299865722656,122.80999755859376,1020.760009765625,86.2300033569336,78.72000122070312,45.040000915527344,101.33000183105467,207.41000366210935,43.54999923706055,188.3300018310547,279.8999938964844,146.1199951171875,26.040000915527344,152.49000549316406,204.66000366210935,146.1199951171875,133.25,184.05999755859372,43.650001525878906,214.07000732421875,69.18000030517578,186.7700042724609,165.41000366210938,101.68000030517578,32.529998779296875,83.61000061035156,322.44000244140625,29.21999931335449,238.32000732421875,448.3800048828125,94.30999755859376,17.709999084472656,20.3799991607666,409.886474609375,750.3300170898438,310.5799865722656,23.15999984741211,57.220001220703125,133.39999389648438,166.32000732421875,472.6300048828125,25.06999969482422,149.38999938964844,404.6600036621094,425.8299865722656,18.959999084472656,305.7099914550781,73.25,407.6499938964844,267.45001220703125,110.0199966430664,8.430000305175781,47.869998931884766,333.1199951171875,163.3800048828125,90.01000213623047,244.1300048828125,98.05999755859376,14.890000343322754,299.6000061035156,453.1700134277344,158.61000061035156,60.15999984741211,46.72999954223633,85.05000305175781,121.02999877929688,55.36000061035156,54.34999847412109,179.85000610351562,152.94000244140625,141.86000061035156,49.83000183105469
2026-06-17,295.95001220703125,221.22999572753903,88.5,156.00999450683594,196.27999877929688,414.4500122070313,218.75999450683597,221.66000366210935,592.9199829101562,512.47998046875,341.6600036621094,237.5,164.92999267578125,479.489990234375,148.58999633789062,418.8800048828125,1867.8299560546875,85.43000030517578,392.8999938964844,423.010009765625,340.5400085449219,225.6300048828125,107.44000244140624,56.52999877929688,33.290000915527344,32.189998626708984,171.6300048828125,1057.3800048828125,55.27999877929688,491.2799987792969,44.95000076293945,125.01000213623048,143.77999877929688,955.9199829101562,327.9599914550781,389.6000061035156,267.1700134277344,30.3799991607666,90.58000183105467,380.3699951171875,22.690000534057617,252.5399932861328,164.9199981689453,111.20999908447266,965.5900268554688,249.3300018310547,155.02000427246094,170.74000549316406,117.33000183105467,177.5800018310547,588.469970703125,177.75999450683594,100.86000061035156,123.7300033569336,123.38999938964844,68.55999755859375,103.77999877929688,82.45999908447266,391.2699890136719,133.25,1088.52001953125,409.6400146484375,41.36000061035156,94.4499969482422,13.960000038146973,144.13999938964844,84.36000061035156,357.0299987792969,1048.8599853515625,125.4499969482422,79.58000183105469,362.1000061035156,363.7900085449219,1099.1400146484375,26.46999931335449,327.4800109863281,239.7587890625,105.1999969482422,36.36000061035156,262.3500061035156,134.58999633789062,83.0199966430664,121.0999984741211,269.0799865722656,402.1799926757813,289.8800048828125,234.1999969482422,333.4599914550781,23.200000762939453,238.72999572753903,79.93000030517578,71.1500015258789,18.010000228881836,515.8499755859375,869.97998046875,1112.0,532.3200073242188,217.2700042724609,374.1799926757813,492.989990234375,283.82000732421875,779.7999877929688,334.69000244140625,78.13999938964844,685.8699951171875,1631.8199462890625,85.8499984741211,567.5800170898438,159.22999572753906,73.37999725341797,68.94999694824219,115.44000244140624,289.5400085449219,224.9600067138672,378.9100036621094,116.55999755859376,1043.18994140625,85.7300033569336,76.95999908447266,44.18999862670898,95.4800033569336,204.6499938964844,43.52000045776367,183.52999877929688,282.1300048828125,141.58999633789062,25.920000076293945,150.55999755859375,204.4199981689453,140.94000244140625,130.6300048828125,179.44000244140625,42.08000183105469,212.97000122070312,69.23999786376953,192.5800018310547,158.7899932861328,99.81999969482422,31.93000030517578,79.66000366210938,313.79998779296875,27.780000686645508,234.5200042724609,461.739990234375,92.52999877929688,17.420000076293945,20.239999771118164,395.4777526855469,740.9600219726562,301.1400146484375,22.440000534057617,55.72999954223633,127.80999755859376,164.1300048828125,461.6900024414063,24.40999984741211,145.8699951171875,396.3800048828125,432.1499938964844,18.15999984741211,301.8800048828125,70.91000366210938,399.5299987792969,258.04998779296875,105.12999725341795,8.069999694824219,47.09999847412109,330.3800048828125,154.85000610351562,89.2300033569336,239.7700042724609,95.61000061035156,14.529999732971191,317.5799865722656,458.989990234375,158.8300018310547,59.810001373291016,45.84000015258789,83.80999755859375,118.12999725341795,54.66999816894531,54.04999923706055,179.60000610351562,150.7100067138672,140.74000549316406,48.77000045776367
2026-06-18,298.010009765625,216.4900054931641,88.41000366210938,127.9800033569336,195.16000366210935,434.4599914550781,218.41000366210935,221.1699981689453,617.1099853515625,537.3699951171875,337.6000061035156,244.38999938964844,169.6699981689453,469.7099914550781,151.5,439.4599914550781,1929.6800537109373,80.66000366210938,411.3500061035156,423.3999938964844,338.0,222.72000122070312,107.0999984741211,56.20000076293945,33.04999923706055,32.470001220703125,171.77999877929688,1050.0899658203125,54.0,489.4599914550781,45.290000915527344,123.79000091552734,143.05999755859375,985.8200073242188,323.3999938964844,387.3900146484375,274.0599975585937,30.799999237060547,89.4800033569336,372.5499877929688,22.43000030517578,246.3800048828125,163.25999450683594,107.73999786376952,951.4500122070312,271.8299865722656,151.77999877929688,171.21499633789062,119.54000091552734,173.6300048828125,589.239990234375,177.1699981689453,103.88999938964844,123.86000061035156,125.55999755859376,70.79000091552734,104.41000366210938,84.80999755859375,388.5,129.97999572753906,1092.18994140625,421.7699890136719,41.52000045776367,96.26000213623048,14.0600004196167,144.72999572753906,82.51000213623047,357.6400146484375,1109.72998046875,123.76000213623048,79.29000091552734,367.4599914550781,368.0299987792969,1096.56005859375,26.559999465942383,334.2799987792969,240.17828369140625,108.1500015258789,35.619998931884766,249.1000061035156,133.8800048828125,85.62999725341797,133.99000549316406,267.0,406.7799987792969,295.5899963378906,228.38999938964844,325.2200012207031,22.81999969482422,259.5599975585937,79.38999938964844,71.72000122070312,18.1200008392334,512.1500244140625,850.0,1098.5699462890625,510.9500122070313,222.1999969482422,389.0400085449219,489.7900085449219,278.6099853515625,750.6300048828125,332.75,79.33999633789062,691.0,1635.1500244140625,85.58000183105469,577.219970703125,160.60000610351562,71.52999877929688,69.12000274658203,113.87000274658205,310.5799865722656,223.1699981689453,379.3999938964844,112.52999877929688,1133.989990234375,86.75,77.37999725341797,45.20000076293945,95.04000091552734,210.69000244140625,43.18999862670898,184.2899932861328,287.7799987792969,142.02000427246094,25.209999084472656,150.3800048828125,204.8699951171875,140.5399932861328,128.47000122070312,178.39999389648438,42.5099983215332,226.1100006103516,70.22000122070312,185.6000061035156,155.22000122070312,100.6500015258789,31.86000061035156,80.48999786376953,320.7900085449219,30.65999984741211,232.2899932861328,455.510009765625,93.08999633789062,17.90999984741211,20.32999992370605,388.7606506347656,746.739990234375,307.79998779296875,22.01000022888184,56.09999847412109,130.74000549316406,163.80999755859375,464.6099853515625,24.65999984741211,143.5,400.489990234375,462.1199951171875,18.51000022888184,322.8599853515625,71.63999938964844,400.9599914550781,256.8800048828125,104.86000061035156,8.050000190734863,47.77999877929688,327.239990234375,153.3000030517578,88.2699966430664,236.3000030517578,95.55999755859376,14.300000190734863,333.04998779296875,451.6300048828125,163.75,60.77000045776367,45.369998931884766,82.19999694824219,117.18000030517578,53.77000045776367,53.56999969482422,180.91000366210935,149.39999389648438,137.80999755859375,47.86000061035156
2026-06-22,297.010009765625,230.00999450683597,87.83000183105469,124.83000183105467,194.8999938964844,445.4800109863281,214.6000061035156,222.55999755859372,640.1799926757812,551.6300048828125,344.7200012207031,232.7899932861328,174.55999755859375,469.3900146484375,144.3800048828125,407.7200012207031,1929.25,73.19000244140625,392.1300048828125,410.0299987792969,338.07000732421875,220.8300018310547,104.97000122070312,57.369998931884766,33.93000030517578,31.959999084472656,167.77000427246094,1051.739990234375,54.70000076293945,488.6900024414063,44.33000183105469,123.26000213623048,145.6699981689453,1022.280029296875,325.20001220703125,389.0400085449219,275.5299987792969,29.1200008392334,88.66999816894531,376.8399963378906,22.31999969482422,245.1999969482422,164.83999633789062,109.6999969482422,951.3499755859376,302.5199890136719,150.1199951171875,168.86000061035156,121.52999877929688,175.05999755859375,598.5900268554688,178.19000244140625,102.4499969482422,123.5199966430664,127.25,71.20999908447266,104.58000183105467,84.52999877929688,394.8200073242188,132.8300018310547,1115.93994140625,435.7799987792969,41.540000915527344,96.97000122070312,14.109999656677246,145.38999938964844,81.44000244140625,355.1199951171875,1127.5899658203125,124.87000274658205,80.43000030517578,348.7799987792969,349.67999267578125,1106.3699951171875,25.82999992370605,326.6199951171875,239.23440551757807,105.70999908447266,36.5,252.22000122070312,131.33999633789062,86.0,140.94000244140625,257.7699890136719,402.9500122070313,298.17999267578125,231.2899932861328,331.4800109863281,22.030000686645508,269.1600036621094,79.52999877929688,71.98999786376953,17.860000610351562,516.7100219726562,893.9299926757812,1102.0799560546875,493.6000061035156,214.3999938964844,409.5400085449219,484.0899963378906,270.1000061035156,744.8499755859375,319.1600036621094,79.2699966430664,693.8300170898438,1589.449951171875,87.55999755859375,563.8499755859375,163.22000122070312,70.36000061035156,69.51000213623047,115.4800033569336,307.8599853515625,227.08999633789065,367.3399963378906,109.45999908447266,1211.3800048828125,86.08000183105469,72.87999725341797,43.18999862670898,93.01000213623048,208.6499938964844,45.880001068115234,175.07000732421875,286.3999938964844,140.7100067138672,25.07999992370605,147.67999267578125,207.3800048828125,143.8300018310547,119.5,173.1699981689453,42.34000015258789,221.8999938964844,70.52999877929688,181.8300018310547,149.50999450683594,100.1500015258789,31.88999938964844,80.83999633789062,316.8999938964844,35.459999084472656,226.58999633789065,464.5799865722656,93.43000030517578,17.100000381469727,19.51000022888184,385.4209899902344,744.3900146484375,304.69000244140625,22.100000381469727,55.310001373291016,129.72999572753906,164.1699981689453,464.010009765625,24.26000022888184,149.1999969482422,405.0499877929688,467.6700134277344,18.020000457763672,332.2799987792969,71.43000030517578,406.6799926757813,259.9100036621094,107.23999786376952,7.840000152587891,46.79999923706055,326.6000061035156,153.16000366210938,88.25,243.77999877929688,96.58999633789062,14.119999885559082,357.9599914550781,466.7900085449219,167.25999450683594,61.2400016784668,45.36000061035156,83.83999633789062,117.18000030517578,54.060001373291016,53.70000076293945,181.8000030517578,150.05999755859375,138.47000122070312,47.18000030517578
2026-06-23,294.29998779296875,234.75999450683597,90.52999877929688,127.01000213623048,197.42999267578125,407.260009765625,220.5,231.5500030517578,585.8800048828125,519.8499755859375,347.010009765625,234.1100006103516,162.1999969482422,467.0199890136719,146.55999755859375,366.3900146484375,1778.4599609375,72.87000274658203,380.1499938964844,433.0400085449219,337.7799987792969,216.7100067138672,102.5999984741211,57.90999984741211,33.790000915527344,32.290000915527344,168.94000244140625,1015.3300170898438,55.52999877929688,492.80999755859375,45.59999847412109,120.06999969482422,144.97000122070312,984.239990234375,332.1099853515625,379.05999755859375,270.260009765625,28.15999984741211,91.43000030517578,351.20001220703125,22.799999237060547,242.25999450683597,158.17999267578125,109.97000122070312,957.6799926757812,272.0050048828125,153.4199981689453,170.22999572753906,121.1500015258789,175.97999572753906,591.9400024414062,178.97000122070312,103.52999877929688,125.0500030517578,132.17999267578125,67.16999816894531,102.45999908447266,83.76000213623047,395.1000061035156,134.89999389648438,1115.9300537109375,405.2799987792969,40.97999954223633,92.75,14.0,148.0,77.66000366210938,356.4700012207031,1034.97998046875,125.0500030517578,78.94999694824219,346.0799865722656,346.1300048828125,1094.43994140625,27.0,324.45001220703125,233.2144775390625,103.25,35.310001373291016,264.94000244140625,133.0,81.31999969482422,132.27999877929688,258.04998779296875,403.1799926757813,295.32000732421875,239.0800018310547,334.1400146484375,22.46999931335449,244.4900054931641,80.30999755859375,73.12000274658203,18.40999984741211,512.260009765625,827.9199829101562,1107.0799560546875,503.6700134277344,213.5399932861328,371.3299865722656,488.0700073242188,271.6600036621094,763.9099731445312,320.9700012207031,80.62999725341797,686.8200073242188,1583.6600341796875,88.02999877929688,562.2000122070312,161.83999633789062,70.01000213623047,71.61000061035156,119.5999984741211,279.0400085449219,226.02999877929688,373.9400024414063,103.83999633789062,1051.77001953125,86.43000030517578,72.81999969482422,42.380001068115234,95.94000244140624,200.0399932861328,47.41999816894531,165.16000366210938,290.9200134277344,142.0500030517578,24.71999931335449,150.86000061035156,215.69000244140625,145.25,116.6999969482422,178.69000244140625,41.70000076293945,204.1300048828125,74.23999786376953,186.38999938964844,153.3800048828125,101.0500030517578,32.02000045776367,84.51000213623047,322.8999938964844,33.31999969482422,230.41000366210935,461.5,94.93000030517578,17.290000915527344,19.63999938964844,378.5809020996094,733.5800170898438,310.0,22.809999465942383,53.619998931884766,134.11000061035156,164.35000610351562,469.3500061035156,24.51000022888184,150.52999877929688,381.6099853515625,436.3900146484375,17.93000030517578,304.3599853515625,69.66999816894531,409.25,258.6099853515625,105.83000183105467,8.210000038146973,45.58000183105469,328.4800109863281,159.7100067138672,87.16000366210938,243.67999267578125,97.86000061035156,14.050000190734863,318.32000732421875,468.4200134277344,162.38999938964844,59.36000061035156,46.72999954223633,84.12999725341797,119.41999816894533,54.459999084472656,53.880001068115234,178.14999389648438,152.17999267578125,139.72999572753906,47.29999923706055
2026-06-24,293.0799865722656,234.88999938964844,90.48999786376952,129.14999389648438,196.57000732421875,413.1600036621094,219.8600006103516,233.5399932861328,588.969970703125,519.739990234375,351.42999267578125,234.2700042724609,161.74000549316406,464.9599914550781,148.80999755859375,359.0799865722656,1762.77001953125,68.01000213623047,382.0700073242188,456.7300109863281,342.5599975585937,220.25,99.8000030517578,57.72999954223633,32.470001220703125,33.459999084472656,181.25,982.5999755859376,55.0,494.80999755859375,44.459999084472656,112.98999786376952,143.58999633789062,994.4500122070312,335.1499938964844,372.3999938964844,267.9700012207031,28.520000457763672,91.87999725341795,362.239990234375,22.63999938964844,231.67999267578125,150.11000061035156,106.91999816894533,961.0900268554688,268.989990234375,152.75999450683594,168.2550048828125,119.7300033569336,171.4499969482422,600.75,188.8699951171875,101.12000274658205,126.52999877929688,132.14999389648438,67.25,102.26000213623048,83.2699966430664,384.0,134.4499969482422,1095.0,404.5899963378906,40.54999923706055,92.61000061035156,13.84000015258789,145.27999877929688,74.58999633789062,365.8800048828125,1057.6500244140625,125.16000366210938,78.94999694824219,345.0400085449219,345.2900085449219,1076.9100341796875,28.270000457763672,342.8599853515625,238.51075744628903,97.19000244140624,33.869998931884766,262.9599914550781,130.02000427246094,81.44999694824219,131.64999389648438,262.239990234375,401.8299865722656,296.69000244140625,241.0,333.45001220703125,22.940000534057617,240.47999572753903,80.5999984741211,73.97000122070312,18.799999237060547,515.72998046875,842.530029296875,1117.260009765625,491.6400146484375,221.4499969482422,374.7999877929688,494.4100036621094,273.8800048828125,766.5499877929688,302.44000244140625,80.12999725341797,691.0499877929688,1659.5699462890625,84.5999984741211,557.6699829101562,165.91000366210938,70.91999816894531,72.06999969482422,120.5999984741211,276.70001220703125,219.8600006103516,365.4599914550781,94.12999725341795,1048.510009765625,87.62000274658203,71.83999633789062,41.81999969482422,93.8000030517578,199.0,47.40999984741211,157.52999877929688,285.260009765625,142.27000427246094,24.040000915527344,152.0399932861328,220.5,140.8699951171875,113.5,178.77999877929688,42.47999954223633,197.41000366210935,74.5199966430664,185.05999755859372,152.75,103.52999877929688,31.71999931335449,85.38999938964844,333.1300048828125,32.45000076293945,225.9499969482422,463.9299926757813,95.77999877929688,17.309999465942383,20.01000022888184,380.6528015136719,733.239990234375,313.67999267578125,22.3700008392334,55.0,141.1999969482422,165.1699981689453,492.2000122070313,26.020000457763672,149.75,375.5299987792969,440.8299865722656,17.700000762939453,303.1099853515625,73.8499984741211,405.7999877929688,259.9599914550781,106.13999938964844,8.220000267028809,44.720001220703125,332.2300109863281,161.35000610351562,86.94999694824219,242.42999267578125,97.01000213623048,13.8100004196167,316.42999267578125,475.2000122070313,162.8699951171875,58.970001220703125,45.68000030517578,84.30000305175781,119.0,53.56999969482422,53.720001220703125,180.2100067138672,153.35000610351562,136.89999389648438,48.189998626708984
2026-06-25,275.1499938964844,243.13999938964844,93.23999786376952,125.81999969482422,193.41000366210935,417.9299926757813,216.30999755859372,231.6000061035156,668.0,532.5700073242188,352.82000732421875,227.00999450683597,165.4499969482422,445.9299926757813,144.77999877929688,347.7099914550781,1841.1800537109373,65.62000274658203,378.9100036621094,444.7300109863281,342.4599914550781,218.1199951171875,95.06999969482422,58.18999862670898,32.650001525878906,33.380001068115234,177.0500030517578,971.9199829101562,55.38999938964844,487.80999755859375,44.20000076293945,114.18000030517578,144.97999572753906,1057.010009765625,330.82000732421875,368.2300109863281,268.69000244140625,28.21999931335449,91.05999755859376,361.3999938964844,22.690000534057617,225.0,142.52000427246094,106.41000366210938,942.239990234375,268.0299987792969,150.19000244140625,169.66250610351562,118.97000122070312,172.24000549316406,630.760009765625,193.2100067138672,98.0500030517578,127.11000061035156,119.94000244140624,67.95999908447266,103.1500015258789,81.5,387.3200073242188,133.58999633789062,1087.6099853515625,419.8699951171875,41.06999969482422,93.38999938964844,14.109999656677246,149.92999267578125,75.66999816894531,371.3599853515625,1085.469970703125,123.83999633789062,78.52999877929688,342.19000244140625,343.7099914550781,1065.0899658203125,27.489999771118164,345.0,242.5170440673828,93.47000122070312,33.52000045776367,258.2699890136719,124.48999786376952,82.16999816894531,132.8699951171875,255.07000732421875,399.6900024414063,298.9100036621094,244.8800048828125,335.1199951171875,23.46999931335449,258.79998779296875,80.41999816894531,74.7699966430664,18.959999084472656,522.280029296875,861.969970703125,1127.68994140625,505.0199890136719,221.92999267578125,401.8200073242188,488.9200134277344,264.5400085449219,763.8099975585938,294.1000061035156,80.5199966430664,697.3800048828125,1619.25,84.62999725341797,542.8699951171875,167.97000122070312,67.08999633789062,73.20999908447266,125.4499969482422,281.260009765625,221.0399932861328,352.8299865722656,85.33000183105469,1213.56005859375,87.69999694824219,70.9000015258789,40.900001525878906,89.5199966430664,195.7400054931641,47.63999938964844,152.4600067138672,293.0899963378906,139.52000427246094,23.670000076293945,148.5,215.5399932861328,140.52999877929688,107.2699966430664,178.92999267578125,42.380001068115234,204.8999938964844,71.0199966430664,186.58999633789065,148.05999755859375,103.16000366210938,31.959999084472656,82.05000305175781,339.0799865722656,31.68000030517578,227.05999755859372,455.0199890136719,95.91000366210938,17.299999237060547,19.31999969482422,373.8316040039063,734.2999877929688,316.1099853515625,22.420000076293945,53.40999984741211,139.57000732421875,155.19000244140625,505.75,25.770000457763672,146.0,375.1199951171875,434.989990234375,17.329999923706055,311.8099975585937,72.25,415.5299987792969,267.7300109863281,109.30999755859376,7.860000133514404,43.91999816894531,330.5199890136719,158.0800018310547,87.83000183105469,255.05999755859372,97.19000244140624,13.859999656677246,325.57000732421875,480.1799926757813,167.77000427246094,58.79999923706055,46.06999969482422,84.73999786376953,115.77999877929688,54.09000015258789,53.45000076293945,184.1199951171875,155.6300048828125,137.5500030517578,47.529998779296875
2026-06-26,283.7799987792969,253.3500061035156,94.12000274658205,128.97999572753906,202.72999572753903,386.9100036621094,223.5500030517578,239.6100006103516,626.8400268554688,521.5800170898438,358.3299865722656,232.69000244140625,157.60000610351562,477.0799865722656,155.63999938964844,334.2699890136719,1794.6199951171875,71.44999694824219,365.0199890136719,464.8299865722656,340.3599853515625,217.25,94.80999755859376,57.880001068115234,33.209999084472656,35.52000045776367,181.4600067138672,964.7100219726562,57.52000045776367,498.6600036621094,44.22999954223633,115.4000015258789,141.75999450683594,997.469970703125,341.44000244140625,377.2699890136719,264.0199890136719,29.850000381469727,92.06999969482422,337.5299987792969,23.170000076293945,221.0,149.05999755859375,105.95999908447266,952.5399780273438,238.0,158.3699951171875,175.2725067138672,113.7699966430664,171.05999755859375,613.239990234375,196.19000244140625,98.79000091552734,128.39999389648438,121.48999786376952,67.19000244140625,102.54000091552734,80.54000091552734,395.1799926757813,132.60000610351562,1091.300048828125,402.6799926757813,40.630001068115234,92.8000030517578,14.130000114440918,151.35000610351562,77.0,369.0,1045.1700439453125,127.87999725341795,78.0999984741211,334.69000244140625,337.3900146484375,1019.6099853515624,29.06999969482422,348.8599853515625,243.5343475341797,98.69000244140624,33.849998474121094,271.6300048828125,123.86000061035156,81.30000305175781,128.32000732421875,267.7200012207031,404.7000122070313,299.8299865722656,254.66000366210935,329.04998779296875,23.700000762939453,248.63999938964844,82.62999725341797,75.16999816894531,19.1299991607666,519.6199951171875,816.97998046875,1208.1199951171875,507.3999938964844,222.47999572753903,379.0899963378906,499.0199890136719,269.760009765625,763.510009765625,314.010009765625,80.9800033569336,695.2899780273438,1675.0999755859375,85.94999694824219,550.25,164.00999450683594,73.0199966430664,73.79000091552734,128.66000366210938,266.7699890136719,212.02999877929688,372.9700012207031,82.30999755859375,1132.3299560546875,88.55999755859375,73.80999755859375,40.75,98.33999633789062,192.52999877929688,48.06999969482422,148.52999877929688,304.20001220703125,141.38999938964844,24.290000915527344,149.02000427246094,224.33999633789065,139.97000122070312,112.93000030517578,180.7700042724609,44.290000915527344,189.38999938964844,72.33000183105469,187.9900054931641,155.08999633789062,104.5999984741211,32.09000015258789,82.13999938964844,344.07000732421875,30.6299991607666,248.9600067138672,454.3399963378906,97.16000366210938,17.8799991607666,19.709999084472656,386.14947509765625,728.989990234375,332.7099914550781,22.71999931335449,53.31999969482422,140.38999938964844,155.42999267578125,513.030029296875,27.07999992370605,146.0,379.7099914550781,432.3500061035156,18.3700008392334,285.42999267578125,76.19999694824219,427.8900146484375,268.3500061035156,108.13999938964844,8.329999923706055,43.59000015258789,336.2300109863281,171.36000061035156,87.12999725341797,259.3699951171875,98.66999816894533,13.890000343322754,303.95001220703125,491.3399963378906,163.49000549316406,58.58000183105469,46.540000915527344,83.86000061035156,115.69000244140624,53.84000015258789,53.56999969482422,181.1999969482422,160.33999633789062,136.5399932861328,49.45000076293945
2026-06-29,281.739990234375,254.30999755859372,92.70999908447266,124.73999786376952,206.42999267578125,391.7799987792969,224.97000122070312,241.3800048828125,694.6400146484375,539.489990234375,360.5499877929688,240.13999938964844,164.10000610351562,498.760009765625,156.57000732421875,343.5799865722656,1883.1099853515625,86.7699966430664,372.4500122070313,510.6000061035156,340.8800048828125,214.69000244140625,95.51000213623048,57.880001068115234,33.16999816894531,35.93000030517578,182.41000366210935,950.1699829101562,58.560001373291016,496.0,43.47999954223633,114.87999725341795,142.49000549316406,1033.18994140625,343.2900085449219,372.7200012207031,259.32000732421875,29.790000915527344,92.4000015258789,343.25,24.21999931335449,218.5800018310547,151.64999389648438,104.1999969482422,946.6799926757812,245.67999267578125,157.92999267578125,185.7274932861328,117.6999969482422,168.47000122070312,626.6300048828125,192.77999877929688,98.62999725341795,128.3300018310547,116.02999877929688,67.43000030517578,103.4499969482422,79.37000274658203,388.0299987792969,131.92999267578125,1085.1700439453125,408.260009765625,40.93000030517578,93.20999908447266,14.020000457763672,155.4199981689453,75.68000030517578,373.7099914550781,1102.510009765625,126.33000183105467,77.33999633789062,351.2799987792969,353.6499938964844,1020.2100219726562,29.850000381469727,350.8099975585937,227.8000030517578,101.83000183105467,34.18000030517578,278.0,122.91000366210938,81.72000122070312,131.72000122070312,266.3999938964844,405.9700012207031,298.9700012207031,258.510009765625,329.3900146484375,24.190000534057617,278.3900146484375,82.6500015258789,74.75,19.06999969482422,511.05999755859375,851.4000244140625,1229.9300537109375,502.0700073242188,219.6499938964844,410.9100036621094,509.6400146484375,267.17999267578125,747.530029296875,338.17999267578125,80.93000030517578,697.9199829101562,1683.1300048828125,85.98999786376953,562.5999755859375,162.42999267578125,73.5999984741211,74.05000305175781,129.3800048828125,277.75,211.72000122070312,368.5700073242188,92.68000030517578,1145.280029296875,88.66000366210938,73.77999877929688,41.47999954223633,99.97000122070312,194.97000122070312,48.34000015258789,147.75999450683594,332.0,138.67999267578125,24.3700008392334,148.4499969482422,219.8600006103516,138.88999938964844,115.6999969482422,182.8699951171875,44.380001068115234,188.72000122070312,76.5199966430664,187.3300018310547,154.89999389648438,104.05999755859376,31.93000030517578,81.8499984741211,344.29998779296875,28.149999618530277,251.6499938964844,447.260009765625,96.75,18.190000534057617,20.43000030517578,386.5279235839844,741.0,330.5199890136719,21.81999969482422,53.63999938964844,133.9199981689453,151.22999572753906,506.4200134277344,28.15999984741211,146.55999755859375,411.8399963378906,455.1000061035156,18.649999618530277,285.4800109863281,75.5,419.8200073242188,272.70001220703125,108.01000213623048,8.3100004196167,43.93000030517578,341.6499938964844,176.22000122070312,88.06999969482422,266.32000732421875,98.1500015258789,13.6899995803833,306.9700012207031,499.6499938964844,162.3800048828125,59.18000030517578,44.09999847412109,83.51000213623047,114.5999984741211,53.58000183105469,53.720001220703125,182.75999450683597,160.74000549316406,136.05999755859375,48.83000183105469
2026-06-30,289.3599853515625,251.63999938964844,90.73999786376952,124.44000244140624,205.0200042724609,397.1700134277344,223.9499969482422,237.94000244140625,723.0,580.9099731445312,362.1199951171875,238.33999633789065,169.8800048828125,515.22998046875,160.35000610351562,354.57000732421875,1989.43994140625,88.86000061035156,377.75,560.6099853515625,338.25,216.47000122070312,95.9800033569336,56.97999954223633,33.27000045776367,36.15999984741211,178.24000549316406,961.5599975585938,57.619998931884766,500.3900146484375,42.68000030517578,117.66999816894533,139.9600067138672,1064.9000244140625,340.739990234375,375.3200073242188,248.3699951171875,29.280000686645508,91.68000030517578,364.7999877929688,24.549999237060547,220.8300018310547,146.19000244140625,103.95999908447266,935.469970703125,271.95001220703125,156.66000366210938,190.78500366210935,117.45999908447266,165.75999450683594,634.3300170898438,190.47999572753903,96.25,126.58000183105467,115.0199966430664,68.41000366210938,103.87999725341795,78.94999694824219,386.7300109863281,129.72999572753906,1042.3900146484375,426.1199951171875,41.369998931884766,93.2699966430664,13.899999618530272,153.6199951171875,75.44999694824219,373.7300109863281,1174.8599853515625,126.33999633789062,77.08000183105469,353.3299865722656,357.3699951171875,1011.3699951171876,30.530000686645508,352.67999267578125,223.8999938964844,100.27999877929688,33.290000915527344,281.2099914550781,123.11000061035156,82.83999633789062,139.6300048828125,261.0,397.6799926757813,300.45001220703125,253.97000122070312,327.3299865722656,23.6200008392334,301.7099914550781,81.2699966430664,74.8499984741211,19.11000061035156,518.9400024414062,858.0599975585938,1199.4300537109375,509.4599914550781,220.4900054931641,433.3299865722656,513.5999755859375,270.3099975585937,755.5999755859375,335.8999938964844,78.2300033569336,703.3400268554688,1697.3900146484375,84.61000061035156,563.2899780273438,161.91000366210938,72.38999938964844,71.94999694824219,128.5,297.8900146484375,209.0399932861328,373.0199890136719,86.93000030517578,1154.2900390625,87.7699966430664,71.4000015258789,41.04999923706055,99.27999877929688,200.08999633789065,47.93999862670898,146.5500030517578,341.0199890136719,135.39999389648438,24.07999992370605,146.63999938964844,218.4499969482422,135.47000122070312,116.66999816894533,180.91000366210935,43.18000030517578,184.7899932861328,80.27999877929688,189.72999572753903,154.11000061035156,102.19000244140624,31.709999084472656,84.58000183105469,344.32000732421875,29.32999992370605,254.5,446.0700073242188,95.70999908447266,17.93000030517578,20.059999465942383,385.2980041503906,746.77001953125,314.8399963378906,20.700000762939453,55.220001220703125,130.61000061035156,151.5,501.3599853515625,27.81999969482422,146.3800048828125,420.6000061035156,477.5700073242188,18.07999992370605,298.07000732421875,72.16000366210938,415.6300048828125,272.0,107.5,8.359999656677246,43.70000076293945,343.0899963378906,177.47000122070312,88.54000091552734,260.44000244140625,96.43000030517578,13.229999542236328,334.82000732421875,496.7300109863281,158.6300048828125,59.68999862670898,42.34000015258789,82.63999938964844,113.26000213623048,53.11000061035156,53.61000061035156,185.22999572753903,158.66000366210938,136.72000122070312,49.04999923706055
2026-07-01,294.3800048828125,251.05999755859372,92.18000030517578,131.1300048828125,210.97999572753903,388.9800109863281,235.72999572753903,243.1199951171875,650.9099731445312,540.8800048828125,361.3299865722656,241.6999969482422,166.6199951171875,564.6099853515625,164.82000732421875,337.4700012207031,1843.0400390625,86.0999984741211,369.3399963378906,593.9600219726562,348.0,218.5800018310547,97.98999786376952,58.36000061035156,34.060001373291016,38.77999877929688,182.63999938964844,980.3800048828124,56.43999862670898,499.739990234375,43.060001373291016,119.5500030517578,140.1300048828125,991.4099731445312,351.7300109863281,377.7300109863281,236.5,31.8700008392334,92.76000213623048,361.6199951171875,23.729999542236328,231.0,159.24000549316406,103.22000122070312,924.6699829101562,259.0899963378906,163.22999572753906,193.18499755859372,117.01000213623048,165.69000244140625,627.6300048828125,193.72000122070312,95.70999908447266,125.7699966430664,121.21499633789062,66.4800033569336,103.0199966430664,82.47000122070312,416.1900024414063,128.58999633789062,1013.6199951171876,412.30999755859375,41.209999084472656,93.0500030517578,13.640000343322754,158.97999572753906,75.06999969482422,374.9400024414063,1134.3499755859375,125.97000122070312,75.5199966430664,357.8900146484375,361.2099914550781,1019.6099853515624,31.530000686645508,350.8399963378906,221.75,108.6500015258789,34.0,286.25,126.7300033569336,80.62999725341797,127.0199966430664,267.0799865722656,402.3800048828125,299.32000732421875,253.97999572753903,334.07000732421875,25.01000022888184,266.19000244140625,81.29000091552734,76.18000030517578,19.32999992370605,533.5499877929688,801.1599731445312,1191.739990234375,521.8200073242188,221.9199981689453,391.260009765625,522.4400024414062,269.42999267578125,768.0599975585938,359.3800048828125,79.19999694824219,697.0700073242188,1742.18994140625,87.19999694824219,612.9099731445312,159.9600067138672,76.26000213623047,71.54000091552734,125.37000274658205,272.04998779296875,211.8600006103516,384.2799987792969,93.38999938964844,1032.280029296875,86.37000274658203,74.19000244140625,43.060001373291016,105.8000030517578,197.5800018310547,48.77000045776367,142.5,352.0400085449219,141.16000366210938,23.8799991607666,147.42999267578125,225.3000030517578,136.8000030517578,125.7300033569336,177.69000244140625,44.06999969482422,181.9199981689453,82.01000213623047,191.77999877929688,159.14999389648438,103.38999938964844,31.850000381469727,86.69999694824219,346.04998779296875,27.649999618530277,261.19000244140625,454.5299987792969,95.12000274658205,18.440000534057617,20.209999084472656,414.9700012207031,745.760009765625,313.3900146484375,20.479999542236328,56.20000076293945,130.2899932861328,151.35000610351562,513.3300170898438,28.709999084472656,143.99000549316406,425.2999877929688,444.2300109863281,19.149999618530277,298.4100036621094,72.66000366210938,426.5400085449219,277.7300109863281,109.54000091552734,9.020000457763672,43.18000030517578,351.0799865722656,184.22000122070312,87.7699966430664,269.44000244140625,96.81999969482422,13.010000228881836,311.4200134277344,498.010009765625,153.16000366210938,59.220001220703125,41.9900016784668,85.94000244140625,108.81999969482422,52.810001373291016,54.77999877929688,183.3600006103516,159.5399932861328,136.27999877929688,50.72999954223633
2026-07-02,308.6300048828125,261.07000732421875,95.4000015258789,137.35000610351562,219.72000122070312,377.1600036621094,242.2700042724609,250.3300018310547,603.0399780273438,517.8200073242188,374.1499938964844,242.6699981689453,159.99000549316406,527.0599975585938,170.89999389648438,315.2799987792969,1769.3199462890625,85.12999725341797,360.4500122070313,597.0399780273438,351.9599914550781,226.4900054931641,96.13999938964844,58.72999954223633,34.11000061035156,40.47999954223633,184.55999755859372,995.72998046875,58.130001068115234,507.7799987792969,45.13999938964844,122.77999877929688,139.97000122070312,963.530029296875,361.1700134277344,373.1400146484375,239.25,33.15999984741211,95.12999725341795,336.2099914550781,23.790000915527344,236.6000061035156,165.47999572753906,104.7300033569336,951.6699829101562,241.91000366210935,166.11000061035156,193.97999572753903,112.69000244140624,169.1999969482422,621.27001953125,197.92999267578125,99.5,129.60000610351562,125.76000213623048,65.69999694824219,104.37000274658205,83.70999908447266,417.8900146484375,130.77999877929688,1002.02001953125,398.5199890136719,42.310001373291016,93.13999938964844,13.359999656677246,156.25,78.43000030517578,377.5199890136719,1113.1099853515625,131.27000427246094,76.0,356.17999267578125,359.9100036621094,1021.0,32.06999969482422,357.8999938964844,229.8600006103516,112.7300033569336,34.869998931884766,289.5199890136719,132.99000549316406,79.83999633789062,120.3499984741211,275.3500061035156,426.010009765625,297.5799865722656,263.0400085449219,334.4700012207031,25.3700008392334,235.5500030517578,84.13999938964844,75.0199966430664,19.82999992370605,546.6400146484375,728.3200073242188,1213.9100341796875,545.9099731445312,227.5,351.4100036621094,539.3900146484375,280.6300048828125,786.2999877929688,354.8800048828125,83.19000244140625,693.7000122070312,1763.3599853515625,90.05999755859375,582.9000244140625,160.44000244140625,79.7699966430664,72.70999908447266,129.55999755859375,245.2899932861328,213.92999267578125,390.489990234375,100.7699966430664,975.5599975585938,88.33999633789062,77.6500015258789,44.09000015258789,106.31999969482422,194.8300018310547,50.43000030517578,140.27000427246094,348.0599975585937,144.22000122070312,24.31999969482422,151.41000366210938,232.22000122070312,139.42999267578125,129.3000030517578,182.2700042724609,45.470001220703125,176.25,83.63999938964844,199.25,162.58999633789062,104.2699966430664,32.38999938964844,89.94000244140625,352.4800109863281,27.21999931335449,260.1499938964844,437.1600036621094,97.9800033569336,18.239999771118164,20.790000915527344,439.8900146484375,744.780029296875,326.5400085449219,20.57999992370605,55.34999847412109,130.2100067138672,154.25999450683594,523.4400024414062,28.81999969482422,144.2100067138672,393.4500122070313,434.1600036621094,19.100000381469727,293.0799865722656,74.43000030517578,425.3599853515625,282.25,110.66000366210938,9.15999984741211,43.22999954223633,362.1300048828125,192.7400054931641,89.3499984741211,267.760009765625,98.0199966430664,13.149999618530272,300.5299987792969,528.0399780273438,151.0500030517578,59.040000915527344,42.560001373291016,85.51000213623047,111.83999633789062,53.220001220703125,55.619998931884766,183.91000366210935,163.74000549316406,137.08999633789062,52.33000183105469
2026-07-06,312.6600036621094,254.75999450683597,95.62999725341795,136.9600067138672,218.07000732421875,388.8299865722656,239.4900054931641,248.3699951171875,592.7899780273438,552.0499877929688,366.4400024414063,244.16000366210935,173.27999877929688,543.7899780273438,176.05999755859375,322.239990234375,1825.0699462890625,80.63999938964844,373.8999938964844,622.3499755859375,356.0299987792969,234.5399932861328,97.91000366210938,59.900001525878906,34.439998626708984,40.22999954223633,181.02999877929688,1011.2100219726562,56.70000076293945,506.5799865722656,44.59999847412109,123.41999816894533,143.86000061035156,969.9199829101562,356.5299987792969,375.7699890136719,245.8699951171875,33.040000915527344,93.38999938964844,350.20001220703125,23.3799991607666,234.75999450683597,168.8699951171875,103.58000183105467,950.25,265.54998779296875,165.64999389648438,199.3800048828125,113.9800033569336,168.10000610351562,635.239990234375,193.6199951171875,97.41000366210938,125.97000122070312,129.72000122070312,67.56999969482422,105.45999908447266,84.9000015258789,408.1700134277344,129.38999938964844,998.8400268554688,413.4200134277344,42.65999984741211,95.2699966430664,13.829999923706056,162.35000610351562,78.73999786376953,378.6799926757813,1152.0400390625,129.61000061035156,77.8499984741211,364.8999938964844,366.4599914550781,1055.2900390625,32.849998474121094,350.6499938964844,231.17999267578125,117.5500030517578,36.119998931884766,299.5199890136719,134.91000366210938,82.0,122.1999969482422,272.1400146484375,432.8299865722656,298.8999938964844,259.3299865722656,337.7200012207031,24.81999969482422,233.30999755859372,82.95999908447266,75.55999755859375,19.559999465942383,540.52001953125,731.25,1200.06005859375,538.0,223.77999877929688,350.20001220703125,533.0999755859375,279.5,784.22998046875,357.9100036621094,83.05999755859375,696.6599731445312,1805.6800537109373,90.45999908447266,600.2899780273438,159.14999389648438,82.5,71.87999725341797,126.77999877929688,249.2700042724609,222.1000061035156,386.739990234375,100.7699966430664,984.75,87.44000244140625,76.0199966430664,43.34000015258789,107.93000030517578,195.5500030517578,49.2599983215332,143.75999450683594,357.5299987792969,143.2899932861328,23.71999931335449,149.30999755859375,231.6699981689453,140.1999969482422,132.5399932861328,184.75999450683597,45.09000015258789,186.47999572753903,87.36000061035156,201.3699951171875,160.49000549316406,102.11000061035156,32.2400016784668,86.56999969482422,349.1300048828125,27.190000534057617,262.0899963378906,442.2699890136719,95.98999786376952,18.61000061035156,21.15999984741211,447.2200012207031,751.280029296875,324.7300109863281,20.57999992370605,57.72999954223633,126.0999984741211,151.30999755859375,517.5999755859375,29.479999542236328,145.49000549316406,419.7699890136719,451.7900085449219,19.309999465942383,303.5,72.41999816894531,417.989990234375,282.5899963378906,110.0199966430664,8.859999656677246,43.880001068115234,357.25,192.00999450683597,89.97000122070312,270.32000732421875,97.23999786376952,13.079999923706056,318.4700012207031,529.5900268554688,157.22000122070312,60.06999969482422,42.06999969482422,87.44999694824219,110.6500015258789,53.130001068115234,56.13999938964844,185.55999755859372,161.9600067138672,136.44000244140625,51.779998779296875
2026-07-07,310.6600036621094,254.6499938964844,95.83999633789062,142.13999938964844,221.5399932861328,379.0299987792969,245.6000061035156,251.4600067138672,554.5,516.1099853515625,368.1000061035156,245.97999572753903,166.4600067138672,527.97998046875,179.4199981689453,300.42999267578125,1747.280029296875,74.20999908447266,370.7799987792969,640.4600219726562,349.5799865722656,231.67999267578125,98.13999938964844,59.86000061035156,34.36000061035156,40.68000030517578,181.9499969482422,1009.4299926757812,57.970001220703125,504.0,45.29999923706055,120.88999938964844,140.77000427246094,940.1199951171876,359.29998779296875,371.05999755859375,239.7100067138672,31.700000762939453,95.02999877929688,345.0599975585937,23.40999984741211,240.75,163.50999450683594,108.44000244140624,947.5,246.3999938964844,169.52000427246094,194.6199951171875,111.79000091552734,174.00999450683594,603.6099853515625,194.19000244140625,97.4800033569336,128.22000122070312,131.9499969482422,65.72000122070312,104.16000366210938,84.44000244140625,418.8500061035156,134.5399932861328,1022.9299926757812,395.6799926757813,42.04999923706055,93.06999969482422,13.5600004196167,158.6699981689453,75.76000213623047,366.9800109863281,1077.0799560546875,136.36000061035156,76.02999877929688,363.6199951171875,367.0299987792969,1042.97998046875,32.59000015258789,345.2099914550781,225.0500030517578,112.9000015258789,36.150001525878906,306.1300048828125,136.4499969482422,79.79000091552734,110.38999938964844,281.1700134277344,427.2999877929688,296.19000244140625,267.239990234375,339.2200012207031,25.299999237060547,216.47000122070312,84.05000305175781,75.06999969482422,19.780000686645508,538.22998046875,698.9099731445312,1235.56005859375,535.3800048828125,220.8999938964844,326.1300048828125,531.6199951171875,282.2099914550781,807.3300170898438,361.3200073242188,83.83000183105469,688.1199951171875,1813.6099853515625,91.66999816894533,615.5800170898438,158.00999450683594,84.0999984741211,72.95999908447266,128.86000061035156,230.6999969482422,222.0399932861328,388.8399963378906,97.36000061035156,938.3800048828124,88.47000122070312,76.18000030517578,43.209999084472656,110.7300033569336,196.92999267578125,49.63999938964844,141.60000610351562,337.0400085449219,144.97999572753906,24.06999969482422,152.75,234.3999938964844,143.61000061035156,134.3699951171875,187.7899932861328,45.650001525878906,182.97000122070312,87.04000091552734,200.8500061035156,162.77000427246094,103.61000061035156,32.540000915527344,84.08999633789062,342.260009765625,26.25,262.739990234375,436.6300048828125,97.29000091552734,17.75,21.399999618530277,443.4599914550781,747.7100219726562,329.739990234375,21.09000015258789,58.900001525878906,127.5500030517578,154.11000061035156,516.6199951171875,29.61000061035156,146.3000030517578,402.8999938964844,432.5700073242188,19.18000030517578,293.29998779296875,74.33000183105469,428.1900024414063,283.1199951171875,111.95999908447266,8.869999885559082,41.75,352.20001220703125,192.3000030517578,89.04000091552734,266.2200012207031,98.4000015258789,13.050000190734863,305.5799865722656,522.25,155.72999572753906,58.880001068115234,42.59000015258789,87.18000030517578,111.54000091552734,54.63999938964844,56.04999923706055,182.3800048828125,164.44000244140625,141.69000244140625,52.709999084472656
2026-07-08,313.3900146484375,252.7400054931641,95.18000030517578,137.19000244140625,220.94000244140625,385.3999938964844,241.3699951171875,251.1699981689453,570.5,517.4099731445312,367.989990234375,243.6199951171875,181.0500030517578,522.1799926757812,176.47999572753906,300.239990234375,1768.6500244140625,74.94999694824219,388.6900024414063,599.7999877929688,336.3900146484375,224.9499969482422,108.9800033569336,58.29999923706055,33.5,39.29999923706055,174.2899932861328,990.3400268554688,57.540000915527344,494.7900085449219,44.810001373291016,118.62000274658205,137.38999938964844,948.0800170898438,355.0899963378906,374.05999755859375,244.5200042724609,30.600000381469727,93.04000091552734,360.739990234375,23.190000534057617,243.07000732421875,159.36000061035156,110.72000122070312,953.1300048828124,258.69000244140625,166.5800018310547,191.1199951171875,113.81999969482422,175.97000122070312,596.739990234375,190.7700042724609,96.6999969482422,126.79000091552734,127.56999969482422,66.2300033569336,103.36000061035156,81.80000305175781,416.0799865722656,137.58999633789062,1015.969970703125,399.55999755859375,41.310001373291016,92.54000091552734,13.5,156.7100067138672,73.52999877929688,356.0299987792969,1070.989990234375,135.82000732421875,76.23999786376953,358.7099914550781,361.9200134277344,1029.6400146484375,31.739999771118164,336.2099914550781,220.3600006103516,113.52999877929688,35.22999954223633,302.04998779296875,137.1699981689453,80.30000305175781,110.23999786376952,272.1000061035156,415.1000061035156,293.4800109863281,263.3999938964844,330.6199951171875,24.920000076293945,221.17999267578125,83.4000015258789,73.33999633789062,19.290000915527344,527.6699829101562,707.0999755859375,1215.8299560546875,527.9600219726562,212.8500061035156,333.1499938964844,519.8599853515625,278.25,818.6599731445312,359.3999938964844,82.01000213623047,681.469970703125,1809.3800048828125,90.0999984741211,603.1199951171875,154.6999969482422,81.0199966430664,72.80999755859375,125.98999786376952,231.7100067138672,218.07000732421875,383.3399963378906,93.87000274658205,948.7999877929688,87.44000244140625,75.58999633789062,42.88999938964844,107.77999877929688,204.1199951171875,48.88999938964844,140.49000549316406,320.5899963378906,142.50999450683594,24.049999237060547,148.39999389648438,232.8999938964844,141.0,132.22000122070312,187.07000732421875,44.52999877929688,186.55999755859372,84.4000015258789,194.91000366210935,157.4199981689453,103.87000274658205,32.34000015258789,80.26000213623047,330.57000732421875,28.170000076293945,261.3099975585937,434.5,96.37999725341795,17.729999542236328,21.149999618530277,430.7900085449219,745.4000244140625,326.8500061035156,21.1200008392334,60.93000030517578,132.4199981689453,152.7899932861328,510.1300048828125,28.56999969482422,140.13999938964844,394.05999755859375,436.9800109863281,19.06999969482422,301.32000732421875,73.5999984741211,425.6000061035156,280.94000244140625,109.94000244140624,8.5600004196167,41.65999984741211,347.5299987792969,188.1699981689453,88.18000030517578,282.8800048828125,96.8000030517578,13.09000015258789,317.8099975585937,498.4299926757813,154.82000732421875,59.16999816894531,42.45000076293945,85.55999755859375,113.0999984741211,55.59999847412109,54.970001220703125,180.4199981689453,162.3000030517578,141.1300048828125,50.599998474121094
2026-07-09,316.2200012207031,249.91000366210935,94.4000015258789,139.05999755859375,222.6499938964844,393.6400146484375,241.27999877929688,248.63999938964844,588.6599731445312,546.719970703125,363.6199951171875,247.0399932861328,184.69000244140625,520.4299926757812,175.30999755859375,327.8699951171875,1804.25,73.87999725341797,401.1099853515625,582.0,346.7200012207031,223.1100006103516,111.13999938964844,59.25,33.68000030517578,40.52000045776367,175.52000427246094,1019.6799926757812,57.93999862670898,495.4500122070313,44.9900016784668,122.1500015258789,139.57000732421875,938.3900146484376,347.79998779296875,385.9500122070313,250.7400054931641,30.520000457763672,91.01000213623048,354.7799987792969,23.350000381469727,239.7100067138672,158.44000244140625,108.0199966430664,912.969970703125,265.6499938964844,162.5,198.3999938964844,118.30999755859376,174.0500030517578,592.9000244140625,195.97999572753903,96.16999816894533,125.26000213623048,129.9499969482422,66.77999877929688,103.91999816894533,81.98999786376953,420.3900146484375,133.5399932861328,1034.8699951171875,405.8299865722656,41.540000915527344,93.5199966430664,13.609999656677246,163.72999572753906,75.77999877929688,359.0400085449219,1075.260009765625,134.83999633789062,76.6500015258789,356.239990234375,358.8900146484375,1055.969970703125,33.86000061035156,338.7300109863281,223.4199981689453,115.11000061035156,35.810001373291016,295.29998779296875,135.11000061035156,81.0199966430664,112.54000091552734,273.3800048828125,411.5499877929688,297.239990234375,259.1000061035156,335.4700012207031,24.68000030517578,229.5200042724609,82.62999725341797,74.6500015258789,19.18000030517578,525.5599975585938,785.77001953125,1216.949951171875,518.260009765625,213.0,353.1700134277344,523.2000122070312,276.489990234375,792.8099975585938,362.8699951171875,82.38999938964844,690.219970703125,1807.8299560546875,91.1500015258789,631.47998046875,155.33999633789062,83.6500015258789,71.58999633789062,125.06999969482422,243.2700042724609,222.1300048828125,384.3599853515625,93.88999938964844,991.6400146484376,87.0999984741211,75.47000122070312,42.77999877929688,108.83999633789062,202.77999877929688,48.880001068115234,144.22000122070312,338.3099975585937,137.86000061035156,24.25,146.85000610351562,229.5200042724609,141.36000061035156,129.0399932861328,181.1699981689453,45.31999969482422,191.1100006103516,88.75,195.1999969482422,158.4600067138672,106.41000366210938,32.2599983215332,80.37999725341797,332.0299987792969,28.239999771118164,267.489990234375,443.3699951171875,95.16999816894533,18.6200008392334,20.93000030517578,432.9599914550781,751.7100219726562,327.1099853515625,21.040000915527344,59.75,132.27000427246094,150.89999389648438,524.7100219726562,28.850000381469727,139.92999267578125,406.5499877929688,436.9599914550781,19.75,308.5299987792969,74.3499984741211,431.6799926757813,285.0400085449219,110.73999786376952,8.680000305175781,42.34999847412109,348.20001220703125,189.6999969482422,88.41000366210938,281.25,97.08999633789062,13.079999923706056,323.9200134277344,496.5,157.97999572753906,59.4900016784668,42.2400016784668,86.91000366210938,112.20999908447266,54.81999969482422,55.540000915527344,181.1100006103516,162.1699981689453,137.4600067138672,51.650001525878906
2026-07-10,315.32000732421875,248.0800018310547,93.93000030517578,135.22999572753906,223.63999938964844,395.6499938964844,241.9199981689453,251.6100006103516,602.5,557.8900146484375,363.3900146484375,245.33999633789065,186.9600067138672,506.9800109863281,175.5800018310547,323.3900146484375,1797.3199462890625,73.31999969482422,399.9700012207031,565.7999877929688,350.5799865722656,222.27999877929688,112.33000183105467,59.66999816894531,33.5,41.36000061035156,178.38999938964844,1036.1099853515625,57.58000183105469,493.7099914550781,44.77000045776367,123.08999633789062,140.7899932861328,952.4099731445312,347.8299865722656,384.1700134277344,251.3800048828125,30.600000381469727,92.23999786376952,359.8500061035156,23.56999969482422,240.2700042724609,159.07000732421875,109.04000091552734,916.25,257.7900085449219,163.32000732421875,187.17999267578125,121.30999755859376,176.39999389648438,586.8599853515625,199.0500030517578,95.62000274658205,125.4800033569336,124.76000213623048,66.9000015258789,104.33000183105467,82.66000366210938,416.2300109863281,134.10000610351562,1051.2099609375,407.2799987792969,41.4900016784668,94.5500030517578,14.0,157.50999450683594,75.52999877929688,359.2699890136719,1091.5699462890625,129.8300018310547,77.8499984741211,355.0299987792969,357.17999267578125,1055.1800537109375,32.41999816894531,343.29998779296875,226.4199981689453,111.97000122070312,36.22999954223633,287.5599975585937,135.25999450683594,81.31999969482422,109.83999633789062,274.9599914550781,406.7799987792969,295.989990234375,256.9800109863281,336.4700012207031,24.850000381469727,231.5200042724609,83.48999786376953,75.0199966430664,19.479999542236328,529.7899780273438,802.010009765625,1188.5799560546875,523.219970703125,211.6300048828125,350.3299865722656,526.739990234375,274.6000061035156,805.9600219726562,342.0799865722656,83.87000274658203,689.8200073242188,1852.219970703125,91.6500015258789,669.2100219726562,157.52000427246094,82.47000122070312,71.79000091552734,123.54000091552734,235.80999755859372,222.27999877929688,385.1000061035156,94.63999938964844,979.2999877929688,87.95999908447266,73.37000274658203,44.369998931884766,107.70999908447266,210.9600067138672,49.47999954223633,140.63999938964844,325.9100036621094,137.3800048828125,24.170000076293945,147.0399932861328,230.72000122070312,140.8699951171875,126.79000091552734,181.6199951171875,46.31999969482422,189.16000366210935,84.37999725341797,195.92999267578125,157.86000061035156,106.01000213623048,32.400001525878906,80.86000061035156,333.989990234375,28.309999465942383,261.45001220703125,445.5,95.61000061035156,18.780000686645508,20.850000381469727,430.5,754.9500122070312,329.7799987792969,21.1299991607666,59.310001373291016,135.13999938964844,151.33999633789062,527.0499877929688,29.31999969482422,140.72999572753906,407.760009765625,434.1099853515625,19.530000686645508,311.4599914550781,74.54000091552734,424.6199951171875,286.9599914550781,112.47000122070312,8.819999694824219,42.970001220703125,348.9700012207031,190.1199951171875,88.56999969482422,280.69000244140625,97.31999969482422,14.720000267028809,318.8599853515625,485.3900146484375,158.86000061035156,59.88999938964844,42.119998931884766,87.16000366210938,113.9000015258789,55.08000183105469,55.709999084472656,181.9199981689453,160.83999633789062,138.8800048828125,50.45000076293945
2026-07-13,317.3099975585937,248.0,92.11000061035156,138.52000427246094,230.6100006103516,386.010009765625,251.0500030517578,256.45001220703125,575.3900146484375,534.3900146484375,360.4500122070313,247.30999755859372,181.1499938964844,442.8500061035156,179.89999389648438,298.989990234375,1726.0400390625,67.58000183105469,384.0499877929688,547.030029296875,354.42999267578125,215.50999450683597,112.3499984741211,59.5,32.83000183105469,42.86000061035156,175.8000030517578,1031.56005859375,59.34000015258789,496.8500061035156,44.650001525878906,122.04000091552734,140.7100067138672,931.469970703125,354.739990234375,377.9200134277344,257.57000732421875,29.82999992370605,93.20999908447266,345.17999267578125,23.96999931335449,245.1000061035156,157.3699951171875,112.8499984741211,926.4299926757812,236.8800048828125,171.22000122070312,187.91000366210935,119.25,182.1999969482422,585.6400146484375,200.16000366210935,96.0,126.86000061035156,132.33999633789062,64.5,103.23999786376952,81.1500015258789,425.1700134277344,139.61000061035156,1039.530029296875,402.8500061035156,41.22999954223633,92.72000122070312,13.850000381469728,160.6199951171875,73.37000274658203,353.4200134277344,1042.5999755859375,131.39999389648438,76.72000122070312,350.6700134277344,352.510009765625,1045.9100341796875,33.470001220703125,337.1099853515625,222.25,109.86000061035156,35.220001220703125,290.2300109863281,137.6699981689453,78.48999786376953,103.12000274658205,289.760009765625,407.1199951171875,293.4800109863281,257.7699890136719,334.5299987792969,25.229999542236328,222.25,84.25,75.12000274658203,19.229999542236328,524.0599975585938,768.1500244140625,1181.8699951171875,520.6799926757812,207.6999969482422,329.9200134277344,537.7000122070312,272.6099853515625,812.280029296875,337.9700012207031,83.56999969482422,685.97998046875,1867.300048828125,93.02999877929688,656.72998046875,157.6999969482422,86.83999633789062,71.87000274658203,124.02999877929688,217.52999877929688,221.08999633789065,390.989990234375,92.0999984741211,937.0,88.37999725341797,73.83000183105469,43.7599983215332,111.26000213623048,203.52999877929688,49.27999877929688,131.5399932861328,330.29998779296875,138.49000549316406,24.479999542236328,148.3699951171875,234.47999572753903,142.16000366210938,130.0399932861328,180.19000244140625,47.650001525878906,183.97999572753903,83.83999633789062,196.38999938964844,159.97000122070312,107.33999633789062,32.560001373291016,79.66999816894531,328.9700012207031,27.65999984741211,268.6499938964844,433.8200073242188,96.47000122070312,18.1299991607666,20.68000030517578,437.8399963378906,749.1699829101562,331.45001220703125,21.549999237060547,58.0099983215332,134.77000427246094,150.52999877929688,528.510009765625,29.959999084472656,136.1300048828125,394.760009765625,421.5799865722656,19.790000915527344,298.57000732421875,74.26000213623047,429.0899963378906,289.1300048828125,112.88999938964844,9.119999885559082,40.720001220703125,357.75,196.80999755859372,87.86000061035156,295.7900085449219,97.83000183105467,15.470000267028809,305.8699951171875,480.25,158.1199951171875,58.790000915527344,42.68000030517578,87.66999816894531,114.77999877929688,56.7400016784668,56.06999969482422,180.3699951171875,161.41000366210938,144.50999450683594,51.18000030517578
2026-07-14,314.8599853515625,244.77999877929688,88.95999908447266,134.55999755859375,220.77999877929688,392.75,246.44000244140625,250.3500061035156,595.7000122070312,548.1300048828125,355.25,247.4900054931641,182.57000732421875,448.9800109863281,174.4600067138672,281.1700134277344,1775.6400146484375,68.81999969482422,389.1099853515625,547.260009765625,355.0599975585937,217.1100006103516,112.31999969482422,60.619998931884766,33.13999938964844,41.369998931884766,174.85000610351562,1025.43994140625,56.95000076293945,491.0899963378906,42.630001068115234,124.55999755859376,133.27000427246094,933.3400268554688,346.2200012207031,376.7999877929688,256.42999267578125,30.13999938964844,91.02999877929688,345.0299987792969,23.190000534057617,243.6100006103516,161.5,111.87000274658205,921.75,236.17999267578125,167.55999755859375,210.72999572753903,117.08999633789062,181.75999450683597,584.4000244140625,199.0500030517578,95.87000274658205,126.37000274658205,128.35000610351562,65.66999816894531,103.95999908447266,80.86000061035156,426.7900085449219,138.00999450683594,1023.5399780273438,415.5199890136719,41.38999938964844,93.88999938964844,13.9399995803833,166.8300018310547,74.87999725341797,353.7300109863281,1066.010009765625,130.0399932861328,76.87000274658203,357.3299865722656,359.510009765625,1140.0,32.97999954223633,337.739990234375,222.67999267578125,113.4499969482422,36.58000183105469,217.07000732421875,137.61000061035156,79.72000122070312,107.76000213623048,282.42999267578125,379.5,294.510009765625,253.8500061035156,342.8900146484375,25.07999992370605,230.3699951171875,83.08000183105469,75.0,18.76000022888184,522.5399780273438,814.7999877929688,1152.5400390625,514.989990234375,207.67999267578125,346.1000061035156,538.02001953125,268.94000244140625,803.3699951171875,344.6700134277344,79.30000305175781,689.1900024414062,1873.8800048828125,92.54000091552734,661.0399780273438,156.5800018310547,81.83999633789062,70.16000366210938,120.77999877929688,222.44000244140625,227.6699981689453,384.9299926757813,97.58000183105467,983.1199951171876,89.54000091552734,73.52999877929688,42.86000061035156,104.8499984741211,211.8000030517578,49.06999969482422,127.94000244140624,352.8900146484375,135.4499969482422,24.25,146.0800018310547,226.5800018310547,142.49000549316406,133.72000122070312,175.9499969482422,47.369998931884766,178.10000610351562,88.05000305175781,193.38999938964844,154.80999755859375,106.16999816894533,32.20000076293945,75.3499984741211,328.5,27.649999618530277,275.94000244140625,425.8999938964844,95.95999908447266,18.549999237060547,20.799999237060547,438.8699951171875,751.8300170898438,311.07000732421875,21.280000686645508,58.34000015258789,134.0,150.33999633789062,534.0700073242188,30.0,135.36000061035156,396.1799926757813,420.3900146484375,18.940000534057617,305.54998779296875,72.08000183105469,425.1900024414063,288.29998779296875,113.66999816894533,9.029999732971191,41.54999923706055,356.0199890136719,193.08999633789065,88.30000305175781,301.42999267578125,97.56999969482422,15.5600004196167,303.5799865722656,476.30999755859375,158.42999267578125,59.08000183105469,42.470001220703125,85.29000091552734,113.6999969482422,56.95000076293945,56.18000030517578,180.4499969482422,158.2899932861328,145.08999633789062,49.540000915527344
2026-07-15,327.5,244.1100006103516,89.2699966430664,137.02000427246094,224.55999755859372,390.9599914550781,247.47000122070312,239.47999572753903,579.4299926757812,529.1400146484375,358.32000732421875,254.9600067138672,171.9199981689453,452.7300109863281,175.39999389648438,277.010009765625,1815.27001953125,66.30999755859375,394.2799987792969,541.1199951171875,358.44000244140625,218.1199951171875,117.69000244140624,61.59000015258789,33.630001068115234,44.630001068115234,182.8000030517578,1093.4000244140625,58.720001220703125,488.3500061035156,43.040000915527344,127.0500030517578,134.88999938964844,914.2999877929688,337.44000244140625,371.5,258.114990234375,30.209999084472656,91.47000122070312,334.7699890136719,23.489999771118164,245.17999267578125,167.2100067138672,111.45999908447266,916.5399780273438,226.7400054931641,167.0,206.7700042724609,111.7699966430664,181.6000061035156,589.47998046875,200.7899932861328,97.1500015258789,124.33999633789062,131.22000122070312,65.56999969482422,104.6500015258789,82.30999755859375,390.3299865722656,137.47000122070312,1022.5999755859376,412.8599853515625,41.5,93.5,14.18000030517578,164.50999450683594,74.0,360.3500061035156,1055.280029296875,131.6999969482422,77.63999938964844,370.2099914550781,370.9200134277344,1152.0699462890625,32.83000183105469,341.44000244140625,222.83999633789065,115.54000091552734,36.810001373291016,211.1999969482422,139.83999633789062,79.68000030517578,102.98999786376952,279.70001220703125,388.9700012207031,295.7699890136719,247.0200042724609,346.9100036621094,25.450000762939453,224.5,82.44999694824219,75.77999877929688,18.700000762939453,514.1500244140625,752.0,1156.6300048828125,514.4600219726562,209.66000366210935,335.42999267578125,535.2100219726562,264.95001220703125,796.3499755859375,333.0400085449219,80.47000122070312,689.489990234375,1843.18994140625,92.1999969482422,681.3099975585938,160.52999877929688,80.70999908447266,70.5199966430664,123.61000061035156,206.25999450683597,228.5500030517578,395.6300048828125,97.47000122070312,904.280029296875,89.0999984741211,73.68000030517578,42.77000045776367,104.7300033569336,212.5,50.560001373291016,132.49000549316406,354.0199890136719,135.39999389648438,24.81999969482422,148.0500030517578,205.22000122070312,143.4199981689453,133.75999450683594,180.8800048828125,55.52000045776367,177.97999572753906,80.37999725341797,195.88999938964844,155.91000366210938,105.11000061035156,32.34000015258789,73.30000305175781,332.2900085449219,26.88999938964844,271.8699951171875,425.2749938964844,94.5999984741211,17.8700008392334,20.709999084472656,444.4800109863281,754.8099975585938,316.44000244140625,21.43000030517578,61.25,138.2899932861328,150.97000122070312,535.2899780273438,30.38999938964844,140.25999450683594,394.4599914550781,419.4800109863281,19.3700008392334,301.19000244140625,72.66999816894531,418.5199890136719,288.3599853515625,112.94000244140624,9.239999771118164,40.900001525878906,355.1400146484375,193.6699981689453,89.12000274658203,292.6600036621094,97.86000061035156,15.079999923706056,304.57000732421875,477.0799865722656,160.22999572753906,59.47999954223633,42.83000183105469,87.51000213623047,112.52999877929688,56.5,56.560001373291016,180.05999755859375,158.2899932861328,144.50999450683594,50.36000061035156
