date,AAPL,ABBV,ABT,ACN,ADBE,ADI,ADP,ALL,AMAT,AMD,AMGN,AMZN,ANET,APP,APPF,ARM,ASML,ASTS,AVGO,AXON,AXP,BA,BABA,BAC,BEN,BILL,BKNG,BLK,BMY,BRK-B,BSX,BX,C,CAT,CB,CDNS,CEG,CELH,CL,CLS,CMCSA,CME,COIN,COP,COST,CRDO,CRM,CRWD,CSCO,CVX,DE,DHR,DIS,DUK,DUOL,EEM,EFA,EL,ELV,EOG,EQIX,ETN,EWG,EWJ,F,FTNT,GDX,GE,GEV,GILD,GM,GOOG,GOOGL,GS,GTLB,HD,HON,HOOD,IBIT,IBM,ICE,IEMG,INTC,INTU,ISRG,IWM,JNJ,JPM,KHC,KLAC,KO,KRE,KVUE,LIN,LITE,LLY,LMT,LOW,LRCX,MA,MCD,MCK,MDB,MDT,MDY,MELI,MET,META,MMM,MNDY,MO,MRK,MRVL,MS,MSFT,MSTR,MU,NEE,NFLX,NKE,NOW,NVDA,NVO,ORCL,PANW,PEP,PFE,PG,PGR,PLD,PLTR,PM,PYPL,QCOM,RBRK,RTX,SAP,SBUX,SCHD,SFM,SHW,SMCI,SNOW,SNPS,SO,SOFI,SONY,SPGI,SPY,SYK,T,TCEHY,TGT,TJX,TMO,TOST,TPR,TSLA,TSM,TTD,TXN,UBER,UNH,UNP,UPS,UPWK,URA,V,VEEV,VGK,VLO,VNQ,VOD,VRT,VRTX,VST,VWO,VZ,WFC,WMT,XLE,XLF,XLI,XLV,XOM
2026-01-02,270.5074157714844,225.6080780029297,122.79371643066406,254.7014923095703,333.29998779296875,272.14013671875,248.919189453125,201.7311553955078,268.20166015625,223.47000122070312,322.9466247558594,226.5,133.60000610351562,618.3200073242188,230.3699951171875,114.7300033569336,1159.7139892578125,83.47000122070312,346.3441467285156,563.4500122070312,370.54107666015625,227.77000427246094,154.3227081298828,55.3479118347168,23.224092483520508,50.560001373291016,211.91061401367188,1073.0062255859375,52.323753356933594,496.8500061035156,94.70999908447266,155.53440856933594,117.5285415649414,595.8787231445312,308.1858215332031,310.3999938964844,365.1924743652344,47.75,76.74024200439453,302.3999938964844,26.686174392700195,262.0250549316406,236.52999877929688,95.24544525146484,852.0977783203125,143.22000122070312,252.3360137939453,113.3949966430664,75.34831237792969,152.9884490966797,464.23541259765625,229.4339141845703,110.99947357177734,115.45057678222656,176.47999572753906,55.94919204711914,95.52831268310547,106.01615905761719,350.65283203125,105.43842315673828,756.2276611328125,325.393310546875,41.72308349609375,80.8905029296875,13.032792091369629,77.87999725341797,85.7300033569336,319.88470458984375,678.2930297851562,120.12385559082031,80.61396789550781,314.9084777832031,314.7403259277344,905.5623168945312,36.18000030517578,340.96588134765625,203.30043029785156,115.20999908447266,50.939998626708984,287.729736328125,158.88473510742188,68.45013427734375,39.380001068115234,623.6047973632812,561.97998046875,247.74908447265625,205.0741424560547,320.92291259765625,23.560346603393555,127.1193618774414,68.20761108398438,64.48616790771484,16.919479370117188,426.3253173828125,386.1099853515625,1076.7064208984375,491.2481384277344,244.6119842529297,184.70843505859375,560.3814086914062,299.54376220703125,821.8474731445312,399.6499938964844,94.42022705078125,608.2941284179688,1973.699951171875,79.1420669555664,649.2518310546875,160.26828002929688,143.4199981689453,55.535011291503906,104.91289520263672,89.2590103149414,179.93576049804688,470.84320068359375,157.16000366210938,315.2391052246094,79.79743194580078,90.98999786376953,62.30523681640625,147.4499969482422,188.6199493408203,50.53657913208008,193.84030151367188,179.3699951171875,139.50282287597656,24.363004684448242,139.73814392089844,211.9161834716797,127.0976333618164,167.86000061035156,157.57528686523438,57.774051666259766,171.24398803710938,75.47000122070312,185.85595703125,232.871826171875,82.94579315185547,27.280141830444336,80.63999938964844,326.27069091796875,30.959999084472656,216.7100067138672,480.4200134277344,85.79022979736328,27.459999084472656,25.8799991607666,482.765625,679.55859375,346.3158874511719,23.706533432006836,79.62084197998047,98.56681060791016,153.34278869628906,591.33203125,34.02000045776367,128.35833740234375,438.07000732421875,317.96728515625,37.68000030517578,175.47718811035156,82.86000061035156,331.9092102050781,229.511962890625,97.9789810180664,19.84000015258789,46.060001373291016,345.0516662597656,219.49000549316406,83.0352554321289,163.52818298339844,86.81851196289062,13.09528636932373,175.5316925048828,452.1300048828125,164.774169921875,54.86479187011719,38.58110046386719,94.19585418701172,112.3147201538086,45.028934478759766,54.458316802978516,157.15069580078125,154.1932830810547,121.01651763916016
2026-01-05,266.7643737792969,216.62547302246094,125.02831268310547,258.6501159667969,331.55999755859375,275.6694030761719,253.28964233398438,203.4632110595703,283.6132507324219,221.0800018310547,316.1257629394531,233.05999755859375,137.19000244140625,632.9099731445312,233.8000030517578,116.11000061035156,1223.89892578125,90.91999816894531,342.15960693359375,591.1599731445312,377.5695495605469,228.1300048828125,154.8379669189453,56.27779006958008,23.897396087646484,53.66999816894531,213.6689910888672,1107.3206787109375,51.93225860595703,498.5199890136719,95.4800033569336,159.0113983154297,122.08314514160156,613.493896484375,313.2848205566406,301.2200012207031,353.9151306152344,48.09000015258789,75.98953247070312,293.239990234375,27.115020751953125,267.2523193359375,254.9199981689453,97.70783996582031,873.278076171875,140.24000549316406,254.962646484375,114.13749694824219,74.89250183105469,160.7899932861328,463.53924560546875,234.3731231689453,113.20259094238281,114.83124542236328,185.14999389648438,56.565982818603516,96.62102508544922,107.40641021728516,359.8188171386719,104.38668823242188,764.05615234375,320.3728942871094,42.20344543457031,82.68077087402344,13.159799575805664,77.94000244140625,88.44999694824219,323.4450988769531,680.10107421875,116.86392211914062,82.77416229248047,316.9058837890625,316.1285400390625,939.3348999023438,37.5099983215332,339.2601318359375,208.7078094482422,123.23999786376953,53.459999084472656,291.15484619140625,164.475830078125,69.1445541381836,39.369998931884766,627.9440307617188,566.3800048828125,251.6826934814453,202.0675048828125,329.3630676269531,22.961437225341797,134.89730834960938,67.04318237304688,65.79090881347656,16.431041717529297,430.2894592285156,357.04998779296875,1037.98779296875,505.57830810546875,242.49172973632812,194.38999938964844,565.7948608398438,296.1854248046875,823.3245849609375,420.82000732421875,95.70799255371094,616.3043823242188,2148.6201171875,80.57079315185547,657.616943359375,161.98167419433594,142.77000427246094,54.55628967285156,105.88860321044922,90.09778594970703,184.52565002441406,470.75360107421875,164.72000122070312,311.970947265625,80.18196868896484,91.45999908447266,63.53597640991211,147.60000610351562,187.89083862304688,53.16035461425781,190.75010681152344,182.1199951171875,137.2371368408203,24.353328704833984,138.33868408203125,212.7154083251953,127.72795867919922,174.0399932861328,157.14276123046875,58.91681671142578,174.5405731201172,73.5,186.85841369628906,236.33168029785156,85.50419616699219,27.45722198486328,79.94000244140625,330.60986328125,30.06999969482422,224.36000061035156,494.19000244140625,85.48517608642578,29.280000686645508,25.829999923706055,501.82537841796875,684.0845336914062,346.9226379394531,23.851318359375,80.13484191894531,100.12606048583984,152.90545654296875,609.9849243164062,34.5,127.82131958007812,451.6700134277344,320.5937194824219,40.11000061035156,175.13121032714844,80.73999786376953,337.4541931152344,229.5713348388672,98.92948150634766,20.6200008392334,48.630001068115234,352.34149169921875,221.32000732421875,83.69317626953125,178.62371826171875,87.0146713256836,13.321066856384277,173.8724365234375,448.79998779296875,162.48049926757812,55.224365234375,38.30497360229492,95.36341094970703,112.2649154663086,46.2520637512207,55.648014068603516,159.01087951660156,153.7272491455078,123.69042205810547
2026-01-06,261.8734436035156,220.31492614746094,126.3433609008789,270.3588562011719,335.989990234375,291.2279357910156,257.0301208496094,205.7891082763672,295.27423095703125,214.35000610351562,325.4403991699219,240.92999267578125,132.5800018310547,617.239990234375,234.82000732421875,115.52999877929688,1237.8499755859375,97.48999786376953,342.50830078125,626.6500244140625,381.3074645996094,229.83999633789062,149.52674865722656,56.63391876220703,24.51215171813965,55.33000183105469,212.91342163085938,1099.9239501953125,53.26334762573242,499.04998779296875,97.79000091552734,159.3052215576172,121.2910385131836,620.454345703125,307.42047119140625,314.6400146484375,353.55615234375,48.689998626708984,76.2562255859375,305.0,26.430641174316406,261.5101013183594,250.55999755859375,95.64927673339844,886.6004638671875,132.9499969482422,261.56903076171875,114.58000183105469,74.54568481445312,153.6165008544922,483.31005859375,235.5979766845703,113.69879150390625,115.7454833984375,178.94000244140625,56.98381042480469,96.76869201660156,107.79369354248047,367.5989990234375,103.20718383789062,779.9306030273438,331.0201721191406,42.28187561035156,82.62109375,13.482198715209961,78.44000244140625,92.13999938964844,326.6563720703125,685.56494140625,119.88677215576172,81.80854797363281,314.1394958496094,313.9313659667969,946.2974243164062,36.7400016784668,344.3871765136719,212.7036590576172,121.69999694824219,52.45000076293945,298.557861328125,164.86312866210938,69.67034149169922,40.040000915527344,641.1797485351562,592.8499755859375,255.01881408691406,202.542236328125,331.41326904296875,22.710283279418945,139.14137268066406,66.94450378417969,66.45317077636719,16.362661361694336,434.3230895996094,397.4200134277344,1060.441650390625,515.9256591796875,244.21568298339844,206.5668182373047,577.5073852539062,299.05975341796875,824.9114990234375,435.8599853515625,98.60794067382812,625.1704711914062,2187.0400390625,79.98944854736328,659.4436645507812,164.61618041992188,146.91000366210938,53.451595306396484,107.29795837402344,88.10071563720703,185.7226104736328,476.3885192871094,157.97000122070312,343.23297119140625,79.91575622558594,90.6500015258789,64.34335327148438,148.80999755859375,187.0119171142578,54.26966857910156,191.89903259277344,185.86000061035156,136.29554748535156,24.60489273071289,137.88536071777344,212.14596557617188,125.53169250488281,179.7100067138672,152.5226593017578,59.43354415893555,180.6189422607422,75.11000061035156,188.98248291015625,233.91371154785156,88.36882019042969,27.634302139282227,77.0,338.4620666503906,30.540000915527344,234.52999877929688,508.7699890136719,86.12480163574219,26.979999542236328,25.739999771118164,508.1817932128906,688.1529541015625,364.4284362792969,23.494176864624023,80.0656509399414,102.28353118896484,152.98497009277344,619.4859619140625,36.06999969482422,132.44566345214844,432.9599914550781,325.7471008300781,39.7400016784668,189.88941955566406,85.54000091552734,344.3114013671875,231.2042694091797,102.05255126953125,20.270000457763672,49.369998931884766,356.08599853515625,237.8699951171875,83.8993911743164,176.34849548339844,87.65218353271484,13.281801223754883,174.87197875976562,468.3800048828125,169.0623016357422,55.524009704589844,38.37162780761719,95.37330627441406,113.88847351074219,45.01906967163086,55.91569900512695,161.16949462890625,156.75144958496094,119.43782043457031
2026-01-07,259.8471984863281,229.65171813964844,125.6116714477539,268.4482421875,338.1000061035156,291.17822265625,257.1679382324219,205.14578247070312,291.47369384765625,210.02000427246094,336.74609375,241.55999755859375,130.0800018310547,632.9199829101562,225.85000610351562,115.68000030517578,1224.177978515625,85.7300033569336,342.2392883300781,620.9099731445312,375.9988098144531,228.1199951171875,145.41452026367188,55.04124450683594,24.541425704956055,56.310001373291016,216.7880096435547,1063.1468505859375,55.514469146728516,496.1199951171875,98.6500015258789,150.4315185546875,120.17219543457031,593.9967651367188,304.77655029296875,320.5400085449219,337.6522216796875,51.34000015258789,76.14756774902344,305.8699951171875,26.893321990966797,259.275390625,245.92999267578125,92.52696990966797,880.098876953125,141.0,264.772705078125,119.72750091552734,74.04032135009766,152.30152893066406,472.5892639160156,234.58226013183594,112.0514144897461,114.22174835205078,176.3000030517578,56.556034088134766,96.40444946289062,104.53653717041016,362.96649169921875,100.79901885986328,768.539306640625,320.780517578125,42.40931701660156,82.4719009399414,13.423580169677734,80.0199966430664,91.05999755859375,322.76690673828125,661.5817260742188,122.8404769897461,81.5397720336914,322.00921630859375,321.5614318847656,931.9861450195312,36.7599983215332,344.160400390625,207.0679473876953,116.97000122070312,51.540000915527344,292.8921203613281,160.8013916015625,69.21399688720703,42.630001068115234,645.0930786132812,592.27001953125,254.4213104248047,205.2126007080078,323.8660888671875,22.2272891998291,135.61944580078125,66.6484603881836,65.97871398925781,16.35289192199707,431.32269287109375,392.8800048828125,1104.3426513671875,491.05047607421875,244.83985900878906,202.69419860839844,577.0894165039062,300.4327697753906,822.3564453125,440.6000061035156,98.07709503173828,620.65283203125,2162.610107421875,77.12212371826172,647.534912109375,161.3478240966797,149.9499969482422,53.02522659301758,107.03184509277344,84.51597595214844,182.79454040527344,481.3265075683594,161.8300018310547,339.355224609375,77.27326202392578,90.7300033569336,62.24616241455078,150.89999389648438,188.87962341308594,54.568702697753906,190.99771118164062,193.89999389648438,134.38291931152344,24.459758758544922,136.04241943359375,208.8990936279297,124.98016357421875,181.67999267578125,152.5128173828125,58.1417236328125,178.3816375732422,76.87000274658203,184.3472442626953,239.2705841064453,85.63261413574219,27.447383880615234,74.7300033569336,329.8236389160156,30.010000228881836,233.5,519.7000122070312,84.89473724365234,27.0,25.1200008392334,506.15716552734375,685.9347534179688,365.7811279296875,23.137035369873047,78.67191314697266,101.66571044921875,153.104248046875,615.923095703125,36.65999984741211,130.2478485107422,431.4100036621094,317.04205322265625,38.650001525878906,183.5729522705078,86.19000244140625,337.13848876953125,222.15878295898438,102.23683166503906,20.860000610351562,49.83000183105469,354.41290283203125,239.35000610351562,83.65390014648438,181.87823486328125,86.79889678955078,13.713729858398438,171.4635009765625,484.1499938964844,154.17349243164062,55.18441390991211,38.20976257324219,93.29546356201172,112.2748794555664,44.51601028442383,55.13248062133789,158.13551330566406,158.3081512451172,116.91191101074219
2026-01-08,258.55963134765625,220.51170349121094,124.76134490966797,276.12994384765625,339.0400085449219,297.41156005859375,261.5088806152344,208.9365234375,280.93994140625,204.67999267578125,325.3812561035156,246.2899932861328,123.72000122070312,616.530029296875,226.1699981689453,113.08000183105469,1190.147216796875,90.55999755859375,331.2597351074219,612.97998046875,380.7308654785156,227.3800048828125,153.06427001953125,55.575435638427734,24.834165573120117,54.54999923706055,216.75936889648438,1075.8345947265625,54.71189880371094,499.7699890136719,98.37999725341797,152.1063690185547,119.40978240966797,605.5576171875,311.1080322265625,318.79998779296875,321.6086730957031,51.279998779296875,79.88136291503906,288.6000061035156,27.192134857177734,259.07135009765625,245.58999633789062,97.23506927490234,912.73681640625,141.58999633789062,259.2110290527344,115.96749877929688,73.2872314453125,156.27589416503906,498.0486145019531,234.01463317871094,113.30182647705078,115.33260345458984,173.8699951171875,56.575931549072266,96.41429901123047,109.50170135498047,370.9644470214844,103.76744842529297,773.8143920898438,318.7027282714844,42.458335876464844,82.4122314453125,14.068381309509277,78.05000305175781,91.54000091552734,313.59173583984375,627.6995239257812,119.20513916015625,84.74520874023438,325.5845642089844,325.0169372558594,925.8555297851562,35.54999923706055,354.51300048828125,213.0150146484375,115.38999938964844,51.52000045776367,298.80462646484375,160.86097717285156,69.22392272949219,41.11000061035156,646.6781005859375,585.0800170898438,257.1997375488281,203.49169921875,326.63934326171875,22.63300323486328,132.11949157714844,68.45430755615234,67.29335021972656,16.597110748291016,436.836669921875,348.260009765625,1081.52001953125,512.3677978515625,253.84597778320312,200.57823181152344,577.2387084960938,305.09490966796875,813.0545043945312,413.5199890136719,97.01542663574219,622.9514770507812,2179.800048828125,78.60997772216797,644.9096069335938,163.6554718017578,147.6699981689453,54.168678283691406,109.38733673095703,83.32771301269531,182.6857452392578,475.9902648925781,166.97000122070312,326.8323974609375,78.37757873535156,90.52999877929688,64.25474548339844,146.19000244140625,184.8145751953125,55.31146240234375,187.8381805419922,190.8000030517578,136.69766235351562,24.46943473815918,139.48190307617188,212.9451904296875,126.44761657714844,176.86000061035156,156.11061096191406,57.903236389160156,180.04476928710938,71.66999816894531,185.7765350341797,236.91159057617188,87.10443878173828,27.958948135375977,77.08999633789062,339.3975524902344,29.899999618530273,223.7899932861328,514.489990234375,85.82958984375,27.719999313354492,25.25,509.9803771972656,685.8651123046875,365.2440185546875,23.3300838470459,78.03929901123047,104.27428436279297,157.28866577148438,605.2942504882812,36.619998931884766,132.78379821777344,435.79998779296875,316.37554931640625,37.29999923706055,186.28140258789062,87.58999633789062,342.2197265625,227.47325134277344,103.74987030029297,20.420000076293945,49.5099983215332,350.7779846191406,241.16000366210938,83.64407348632812,189.25782775878906,87.57372283935547,13.56648063659668,160.7082977294922,469.67999267578125,150.18453979492188,55.24434280395508,38.62870788574219,94.59164428710938,112.62348937988281,45.916690826416016,55.41999053955078,159.32920837402344,156.78118896484375,121.27305603027344
2026-01-09,258.8890075683594,216.52708435058594,124.5042724609375,275.0031433105469,333.95001220703125,299.1712341308594,261.8533630371094,210.03515625,300.43133544921875,203.1699981689453,321.4287109375,247.3800048828125,122.88999938964844,647.719970703125,226.5800018310547,111.79000091552734,1269.4293212890625,97.66999816894531,343.7038879394531,631.6900024414062,373.4041442871094,234.52999877929688,149.58621215820312,55.248985290527344,25.03908348083496,54.47999954223633,218.63475036621094,1073.045654296875,54.67274856567383,499.1000061035156,97.63999938964844,154.37864685058594,120.1226806640625,615.0075073242188,304.9554443359375,327.30999755859375,341.5309753417969,52.900001525878906,80.4839096069336,302.29998779296875,27.346363067626953,255.00027465820312,240.77999877929688,96.04326629638672,922.2799682617188,150.4199981689453,258.6240234375,117.65249633789062,73.20795440673828,159.08248901367188,485.3984680175781,237.37049865722656,114.99882507324219,114.82141876220703,176.66000366210938,56.84453582763672,97.27073669433594,112.9375991821289,369.04412841796875,103.12854766845703,792.0938110351562,322.6097412109375,42.55636978149414,84.15277099609375,13.872986793518066,79.22000122070312,92.55999755859375,320.7224426269531,621.8060913085938,119.62992095947266,82.49542999267578,328.7104797363281,328.14288330078125,929.9656982421875,35.38999938964844,369.38134765625,215.236083984375,115.2699966430664,51.15999984741211,300.2852478027344,164.83334350585938,69.48184967041016,45.54999923706055,642.0629272460938,586.239990234375,259.1516418457031,202.14663696289062,326.0450744628906,22.62334442138672,139.6400909423828,69.57926177978516,66.70027923583984,16.440811157226562,441.19818115234375,351.4200134277344,1059.9632568359375,536.5610961914062,264.7445068359375,217.94515991210938,573.591064453125,303.55401611328125,814.481689453125,408.1199951171875,95.87511444091797,628.26513671875,2178.409912109375,78.24541473388672,651.8971557617188,163.6554718017578,148.02999877929688,55.748191833496094,108.9339828491211,83.15785217285156,184.3080596923828,477.15509033203125,157.3300018310547,344.89202880859375,78.77198028564453,89.45999908447266,64.9045639038086,141.8000030517578,184.63479614257812,56.72945785522461,197.14321899414062,189.02000427246094,137.22731018066406,24.653270721435547,139.81698608398438,214.95326232910156,127.44232940673828,177.49000549316406,159.8460235595703,57.29707717895508,175.99581909179688,70.55999755859375,187.0966339111328,242.88771057128906,87.79589080810547,28.08683967590332,77.19999694824219,351.58892822265625,30.15999984741211,219.08999633789062,525.1799926757812,85.62294006347656,27.399999618530273,25.040000915527344,510.3382263183594,690.4010009765625,365.572265625,23.156339645385742,78.0294189453125,103.47993469238281,156.85134887695312,617.629638671875,35.459999084472656,133.60922241210938,445.010009765625,321.9666442871094,37.290000915527344,188.12001037597656,85.44000244140625,339.3880615234375,226.07785034179688,104.80705261230469,20.049999237060547,50.310001373291016,348.3280944824219,240.1199951171875,84.22343444824219,183.28292846679688,87.75025177001953,13.252351760864258,163.50706481933594,463.8599853515625,165.9110107421875,55.364200592041016,38.52396774291992,94.93795013427734,114.07772827148438,46.035057067871094,55.25144958496094,161.0799560546875,155.97804260253906,122.95040893554688
2026-01-12,259.76739501953125,216.4877166748047,123.23866271972656,275.2872619628906,327.6499938964844,292.1425476074219,258.6838073730469,206.5215301513672,306.4762878417969,207.69000244140625,320.876708984375,246.47000122070312,123.41999816894531,658.6500244140625,222.80999755859375,111.13999938964844,1276.7535400390625,98.38999938964844,350.9173278808594,631.72998046875,357.4782409667969,239.80999755859375,164.7965087890625,54.59608840942383,25.019567489624023,53.70000076293945,214.63037109375,1077.15966796875,54.584659576416016,498.6700134277344,95.72000122070312,153.36004638671875,116.53840637207031,627.1060791015625,304.7666015625,325.510009765625,334.89019775390625,53.09000015258789,80.92840576171875,314.70001220703125,28.011465072631836,257.4584655761719,242.97999572753906,94.0634994506836,940.4287719726562,156.07000732421875,258.08673095703125,116.74749755859375,73.33678436279297,159.3081817626953,488.04388427734375,237.9978790283203,111.96209716796875,114.73294067382812,161.74000549316406,57.64039611816406,97.86139678955078,112.23253631591797,371.1624450683594,103.63967895507812,775.77392578125,327.1728515625,42.968109130859375,84.8291015625,13.706902503967285,78.66000366210938,95.72000122070312,323.2955017089844,639.0568237304688,121.1117172241211,82.5252914428711,332.2957763671875,331.4285583496094,940.4342041015625,35.65999984741211,369.6771240234375,216.5023193359375,117.5199966430664,51.869998931884766,308.14227294921875,165.1014862060547,70.39451599121094,44.060001373291016,630.6885986328125,572.75,260.4163818359375,207.4181365966797,321.38995361328125,22.594362258911133,142.44985961914062,69.56939697265625,65.90953063964844,16.60688018798828,440.7510986328125,339.8699951171875,1077.34423828125,544.78369140625,268.39056396484375,219.9812774658203,564.3624877929688,302.9909973144531,824.023193359375,418.19000244140625,95.30494689941406,629.2005004882812,2149.89990234375,77.17139434814453,640.8268432617188,166.32958984375,146.35000610351562,56.72691345214844,107.61333465576172,82.82809448242188,184.5553436279297,475.06439208984375,162.22999572753906,345.6716003417969,79.98477172851562,89.41000366210938,64.6288833618164,142.63999938964844,184.71470642089844,57.7423095703125,203.26048278808594,188.8800048828125,138.64952087402344,24.450084686279297,141.38400268554688,216.29197692871094,127.10748291015625,179.41000366210938,162.35267639160156,56.929405212402344,167.5712432861328,71.37000274658203,192.4068145751953,244.58815002441406,88.86272430419922,28.03765106201172,80.19999694824219,355.9181213378906,30.1200008392334,220.27999877929688,533.4199829101562,85.35724639892578,26.600000381469727,25.18000030517578,512.7301635742188,691.4852294921875,359.435302734375,23.183683395385742,81.44950103759766,104.08795166015625,156.1456756591797,614.2264404296875,36.20000076293945,132.96279907226562,448.9599914550781,330.0647888183594,36.900001525878906,186.89427185058594,84.66999816894531,335.96435546875,227.1268768310547,104.7779541015625,20.399999618530273,51.7599983215332,341.7851867675781,233.2100067138672,84.6849594116211,177.68392944335938,87.8679428100586,13.301434516906738,169.9541778564453,460.5899963378906,172.10389709472656,56.22317886352539,38.59177780151367,93.95838928222656,117.50414276123047,45.70954513549805,54.81522750854492,162.31344604492188,156.04745483398438,122.37812805175781
2026-01-13,260.5658874511719,217.186279296875,122.9024887084961,271.2112731933594,309.92999267578125,294.4787902832031,253.04356384277344,195.62437438964844,304.1121826171875,220.97000122070312,319.65447998046875,242.60000610351562,129.92999267578125,668.6300048828125,221.1699981689453,107.83999633789062,1265.7222900390625,92.72000122070312,353.3085021972656,641.510009765625,355.8975830078125,244.5500030517578,165.49014282226562,53.95308303833008,24.66827964782715,51.2599983215332,211.57264709472656,1077.4365234375,54.731468200683594,495.239990234375,94.13999938964844,152.05738830566406,115.15222930908203,633.8375244140625,298.8724365234375,323.05999755859375,332.5669250488281,52.61000061035156,81.94580841064453,328.55999755859375,27.452394485473633,260.8299865722656,252.69000244140625,95.0090560913086,939.281982421875,161.3800048828125,239.839599609375,117.00499725341797,74.78349304199219,160.80960083007812,496.775634765625,234.57228088378906,112.12088012695312,115.40142059326172,165.8000030517578,57.21261978149414,97.3002700805664,114.56616973876953,366.9159851074219,106.19528198242188,793.0439453125,330.43365478515625,42.71322250366211,83.99363708496094,13.658053398132324,78.33000183105469,96.47000122070312,326.34722900390625,651.3630981445312,120.28192138671875,82.8637466430664,335.9909362792969,335.53326416015625,929.1437377929688,35.849998474121094,374.40972900390625,218.24595642089844,120.23999786376953,53.56999969482422,299.2389221191406,165.5384521484375,69.9084243774414,47.290000915527344,600.754150390625,561.8200073242188,260.2669982910156,211.30499267578125,307.9297790527344,22.710283279418945,143.8113555908203,70.29962921142578,65.474609375,16.616647720336914,440.0258483886719,361.3299865722656,1073.547119140625,551.760986328125,271.71954345703125,213.9727325439453,543.14453125,305.6480407714844,822.3864135742188,411.19000244140625,94.78394317626953,630.5537719726562,2073.570068359375,75.94957733154297,629.96630859375,167.79539489746094,139.22000122070312,58.287052154541016,106.69676208496094,82.98797607421875,180.78648376464844,468.5832824707031,172.99000549316406,337.93603515625,80.49749755859375,90.31999969482422,65.27872467041016,138.19000244140625,185.58364868164062,57.530094146728516,200.88705444335938,190.85000610351562,140.72886657714844,24.33397674560547,142.15269470214844,204.86297607421875,128.2499237060547,178.9600067138672,163.03094482421875,56.20399856567383,163.63116455078125,70.81999969482422,192.63510131835938,242.8778839111328,89.45540618896484,28.155704498291016,81.05999755859375,354.2859802246094,28.600000381469727,209.38999938964844,511.79998779296875,86.15433502197266,27.139999389648438,24.40999984741211,510.5453796386719,690.1026000976562,353.9150085449219,22.753992080688477,79.17603302001953,106.5298080444336,157.17935180664062,605.873046875,34.79999923706055,133.63906860351562,447.20001220703125,329.5076599121094,37.13999938964844,186.36048889160156,85.41000366210938,329.47216796875,226.91903686523438,103.37161254882812,20.25,50.77000045776367,326.5283508300781,228.49000549316406,84.24308013916016,179.78109741210938,88.35832977294922,12.93822193145752,172.64297485351562,454.6700134277344,170.94708251953125,55.89356994628906,37.78778076171875,92.57315826416016,119.88470458984375,46.360565185546875,53.76432800292969,163.14903259277344,155.41287231445312,124.85469818115234
2026-01-14,259.4779052734375,218.307861328125,123.59461975097656,282.7142333984375,304.44000244140625,296.2483825683594,254.45115661621094,194.01107788085938,301.13958740234375,223.60000610351562,324.2575988769531,236.64999389648438,125.08999633789062,617.760009765625,212.9499969482422,104.98999786376953,1259.3046875,95.22000122070312,338.642578125,629.219970703125,356.15606689453125,242.61000061035156,168.3538360595703,51.91524887084961,25.009809494018555,50.310001373291016,206.48947143554688,1079.720703125,55.80809020996094,493.1499938964844,93.73999786376953,155.4462432861328,111.30062103271484,636.048095703125,299.1905212402344,313.1700134277344,329.426025390625,53.130001068115234,83.5163803100586,310.0400085449219,27.715702056884766,267.4175109863281,255.86000061035156,98.8306884765625,948.3065185546875,156.83999633789062,238.35714721679688,115.17500305175781,73.73313903808594,164.11666870117188,509.2865295410156,236.9522705078125,112.66669464111328,116.66957092285156,156.27000427246094,57.45138168334961,97.75311279296875,116.09544372558594,369.0540466308594,108.84917449951172,790.777587890625,329.200927734375,42.634796142578125,84.58045196533203,13.521278381347656,76.38999938964844,96.86000061035156,318.0197448730469,643.4619140625,122.56387329101562,80.86283874511719,335.8711242675781,335.4034118652344,923.71630859375,36.15999984741211,370.6729736328125,221.11050415039062,119.66999816894531,55.439998626708984,305.03302001953125,171.74526977539062,70.24571228027344,48.720001220703125,562.3633422851562,546.760009765625,262.099365234375,216.1511993408203,304.9287414550781,23.49272918701172,143.0812225341797,70.49699401855469,66.20606231689453,16.724105834960938,437.12481689453125,331.6199951171875,1069.660400390625,565.9923706054688,272.4130859375,208.39334106445312,544.9683837890625,304.3540954589844,832.5466918945312,386.8900146484375,97.0645751953125,631.1806640625,2101.949951171875,77.49655151367188,614.4240112304688,168.3599395751953,130.3300018310547,59.566165924072266,109.40705871582031,81.14935302734375,178.82786560058594,457.3433532714844,179.3300018310547,333.1587829589844,80.8327407836914,88.55000305175781,64.55996704101562,134.61000061035156,182.91690063476562,56.82592010498047,192.2672576904297,190.92999267578125,143.12208557128906,24.750024795532227,144.23216247558594,205.30255126953125,130.2098388671875,178.39999389648438,168.17205810546875,57.29707717895508,162.88868713378906,68.13999938964844,197.35964965820312,234.79833984375,90.03821563720703,28.568891525268555,81.41999816894531,352.6538391113281,28.270000457763672,206.16000366210938,505.3399963378906,87.01045989990234,26.670000076293945,24.09000015258789,513.2198486328125,686.7106323242188,357.46588134765625,23.056730270385742,80.19415283203125,107.69680786132812,154.18763732910156,620.5938110351562,35.65999984741211,132.43572998046875,439.20001220703125,325.4287414550781,37.130001068115234,191.22386169433594,84.6500015258789,330.4884338378906,224.79129028320312,104.16692352294922,20.100000381469727,52.59000015258789,327.81304931640625,218.86000061035156,84.56713104248047,184.49966430664062,89.12334442138672,13.124735832214355,170.7838134765625,449.5299987792969,168.50384521484375,56.013431549072266,38.58209228515625,88.30862426757812,119.56597137451172,47.40614700317383,53.68501663208008,163.40768432617188,156.5233917236328,128.4659423828125
2026-01-15,257.73114013671875,213.25083923339844,122.75984954833984,281.95977783203125,304.0899963378906,300.3343811035156,256.1245422363281,193.46670532226562,318.2868347167969,227.9199981689453,325.3023986816406,238.17999267578125,130.58999633789062,606.989990234375,219.6699981689453,105.11000061035156,1326.9476318359375,101.25,341.76104736328125,637.1900024414062,355.2712707519531,247.74000549316406,169.3744659423828,52.02406692504883,25.341581344604492,48.25,206.7299041748047,1143.8009033203125,55.41659164428711,492.6199951171875,90.02999877929688,157.5030517578125,116.30078125,644.4423828125,299.2899169921875,320.6000061035156,340.21478271484375,53.529998779296875,83.3089370727539,313.5299987792969,27.647438049316406,264.8524475097656,239.27999877929688,97.44190979003906,954.060302734375,149.1199951171875,232.34771728515625,113.75,74.56549835205078,163.05685424804688,512.2103881835938,238.88414001464844,112.54761505126953,116.8858413696289,154.4199981689453,57.78962326049805,97.71372985839844,114.8442153930664,378.0517578125,106.17562103271484,793.5487060546875,331.50732421875,42.389713287353516,84.9583969116211,13.491969108581543,76.31999969482422,97.11000061035156,319.0768737792969,641.5140991210938,119.7879867553711,80.5442886352539,332.7252197265625,332.3473815917969,966.4916381835938,34.75,373.8379211425781,223.16551208496094,110.3499984741211,54.0,294.0963439941406,172.08291625976562,70.61276245117188,48.31999969482422,550.4332275390625,541.3400268554688,264.4097595214844,217.16001892089844,306.30548095703125,23.415449142456055,154.0988311767578,69.5496597290039,67.45149993896484,16.860868453979492,437.1844177246094,343.2699890136719,1029.4765625,571.12158203125,274.4540710449219,217.05685424804688,540.8125,304.83807373046875,842.4974365234375,389.20001220703125,97.3201675415039,638.6138305664062,2098.85009765625,76.75755310058594,619.694580078125,169.4593048095703,132.80999755859375,59.672760009765625,109.36763000488281,80.31996154785156,189.16500854492188,454.6354064941406,170.91000366210938,336.4369201660156,81.03980255126953,88.05000305175781,63.595054626464844,131.1699981689453,186.82212829589844,55.0992431640625,188.53335571289062,187.72999572753906,143.75961303710938,25.04996681213379,142.5370635986328,203.324462890625,130.7416534423828,177.07000732421875,169.6268768310547,56.382869720458984,159.7703094482422,69.05000305175781,198.34228515625,231.81027221679688,92.14222717285156,28.559053421020508,81.51000213623047,354.42529296875,29.420000076293945,207.74000549316406,508.19000244140625,87.3647232055664,26.440000534057617,24.1200008392334,513.6246948242188,688.5806884765625,360.5492858886719,23.17391586303711,79.25511169433594,108.98147583007812,155.2113800048828,623.4081420898438,33.7599983215332,132.32632446289062,438.57000732421875,339.88409423828125,36.22999954223633,186.94369506835938,84.37999725341797,334.43505859375,228.12643432617188,105.3501968383789,20.149999618530273,52.779998779296875,326.39886474609375,218.9499969482422,84.36092376708984,182.59048461914062,89.74124145507812,13.203268051147461,172.4630584716797,438.9200134277344,179.6829071044922,56.27312088012695,38.12681579589844,88.02167510986328,118.72927856445312,46.9622688293457,53.90312576293945,164.9097442626953,155.6310272216797,127.41020965576172
2026-01-16,255.05613708496094,212.58636474609375,121.00088500976562,280.4312744140625,296.1199951171875,298.4952087402344,256.36077880859375,190.3094024658203,326.1971435546875,231.8300018310547,325.6769714355469,239.1199951171875,129.8300018310547,568.760009765625,217.88999938964844,105.77999877929688,1353.8233642578125,115.7699966430664,350.4191589355469,636.0399780273438,362.647705078125,247.67999267578125,163.89479064941406,52.39997863769531,25.37085723876953,46.599998474121094,203.6586456298828,1150.2486572265625,54.08549499511719,493.2900085449219,88.06999969482422,160.1377410888672,116.87505340576172,644.1536254882812,298.95196533203125,317.45001220703125,306.82147216796875,54.38999938964844,83.48674011230469,313.6000061035156,27.130571365356445,271.5662841796875,241.14999389648438,96.7130355834961,960.9010620117188,150.97000122070312,225.96022033691406,113.47000122070312,74.50604248046875,163.15496826171875,511.5739440917969,235.00050354003906,110.35440826416016,117.2004165649414,150.16000366210938,57.57075881958008,97.97952270507812,114.24839782714844,371.0634460449219,104.50856018066406,793.5091552734375,341.737060546875,42.48774337768555,85.01807403564453,13.286805152893066,75.37999725341797,97.23999786376953,324.2428894042969,680.790283203125,123.3936767578125,80.45469665527344,329.90887451171875,329.5710144042969,952.7647094726562,34.13999938964844,374.833740234375,227.7010498046875,108.73999786376953,54.2400016784668,301.7164611816406,172.778076171875,70.3548355102539,46.959999084472656,541.212646484375,535.0,264.6587219238281,216.25999450683594,309.48480224609375,22.72960090637207,156.3789520263672,69.51019287109375,67.06600189208984,16.802255630493164,436.1114196777344,324.25,1034.8883056640625,575.6083374023438,274.98907470703125,222.5364227294922,537.6632080078125,303.6626892089844,838.8345336914062,399.760009765625,95.11817932128906,636.6932983398438,2075.010009765625,75.64411926269531,619.1455688476562,166.19093322753906,126.69999694824219,59.84718322753906,107.25853729248047,80.39990997314453,187.04812622070312,457.8211975097656,173.7100067138672,362.5419006347656,82.45964050292969,88.0,63.38828659057617,127.30999755859375,186.0031280517578,60.12493133544922,189.76473999023438,187.66000366210938,143.51441955566406,24.817752838134766,142.43849182128906,202.17555236816406,131.1947021484375,170.9600067138672,170.6688690185547,56.53192138671875,157.82008361816406,67.0999984741211,200.41673278808594,229.59872436523438,91.85576629638672,28.431161880493164,78.58999633789062,356.1171569824219,32.63999938964844,210.3800048828125,516.3099975585938,87.4828109741211,26.1299991607666,24.049999237060547,514.4910278320312,688.0037231445312,361.8323669433594,22.93954086303711,77.6933364868164,109.12857818603516,156.42396545410156,617.4899291992188,33.52000045776367,129.96939086914062,437.5,340.64013671875,35.47999954223633,189.37539672851562,84.8499984741211,326.6010437011719,227.1169891357422,103.69168090820312,19.8700008392334,54.400001525878906,326.94659423828125,222.2100067138672,84.61622619628906,181.48255920410156,90.83970642089844,13.222902297973633,176.85110473632812,441.3599853515625,166.140380859375,55.93352508544922,37.69091796875,87.44779205322266,119.22730255126953,47.04117965698242,53.9725227355957,166.02386474609375,154.4213409423828,128.1600799560547
2026-01-20,246.2425079345703,212.27890014648438,120.38475036621094,267.2038269042969,290.3699951171875,293.9419860839844,251.1044158935547,191.56639099121094,317.4389953613281,231.9199981689453,326.25848388671875,231.0,127.5199966430664,565.52001953125,211.2899932861328,107.16999816894531,1321.4368896484375,112.44000244140625,331.3793029785156,620.52001953125,350.1217041015625,249.0,160.9121856689453,51.539337158203125,24.238927841186523,45.0,200.11924743652344,1097.7186279296875,53.06760025024414,485.3900146484375,91.19999694824219,150.7449493408203,111.68677520751953,627.8047485351562,299.240234375,307.0,294.5470275878906,56.689998626708984,84.39550018310547,310.760009765625,27.46214485168457,271.9646911621094,227.72999572753906,94.08319854736328,961.5492553710938,153.22000122070312,218.95587158203125,110.68250274658203,72.68277740478516,162.21290588378906,505.88531494140625,233.34744262695312,109.5009536743164,117.52483367919922,148.5800018310547,57.01365661621094,96.4930419921875,113.66250610351562,363.332763671875,105.3917007446289,776.1104125976562,335.6131286621094,41.70347595214844,83.26758575439453,12.974174499511719,75.45999908447266,102.77999877929688,311.4974060058594,684.0965576171875,122.63301849365234,77.45829772949219,321.7395935058594,321.5814208984375,934.3135986328125,33.040000915527344,369.8447265625,223.2174072265625,105.77999877929688,50.7599983215332,287.5816955566406,169.76901245117188,69.80921936035156,48.560001373291016,524.994873046875,527.4400024414062,261.49188232421875,215.81494140625,299.8477478027344,22.951778411865234,148.23594665527344,70.80289459228516,66.18628692626953,17.183237075805664,430.339111328125,356.8299865722656,1037.7685546875,569.31298828125,265.9234924316406,221.98748779296875,529.9393920898438,299.12890625,820.2506103515625,384.82000732421875,96.92695617675781,628.0560913085938,2034.8199462890625,74.46172332763672,603.0443115234375,154.6229248046875,126.88999938964844,59.25607681274414,107.86957550048828,79.74040222167969,180.1336212158203,452.5048522949219,160.22999572753906,364.7906188964844,82.34132385253906,87.26000213623047,62.64984893798828,125.4000015258789,177.85308837890625,58.533302307128906,178.67221069335938,184.05999755859375,144.82872009277344,24.691972732543945,144.8727569580078,203.72406005859375,128.8310089111328,168.52999877929688,164.3383331298828,54.733314514160156,152.52377319335938,64.87999725341797,194.8981170654297,223.04269409179688,92.5176010131836,28.234407424926758,72.55000305175781,345.2991943359375,31.40999984741211,206.2100067138672,510.9700012207031,87.40408325195312,25.489999771118164,23.719999313354492,488.7735900878906,673.9981689453125,357.6846923828125,22.900480270385742,75.18263244628906,107.22608184814453,155.13185119628906,617.7793579101562,32.7599983215332,128.44784545898438,419.25,325.4784851074219,34.150001525878906,187.4082794189453,83.72000122070312,333.912109375,219.39764404296875,103.33281707763672,19.489999771118164,54.119998931884766,324.4768371582031,216.25999450683594,83.42804718017578,182.7388458251953,89.15277099609375,13.252351760864258,175.1018829345703,442.0799865722656,156.37738037109375,55.47407150268555,37.8555908203125,85.74594116210938,118.24121856689453,46.9524040222168,52.7431755065918,162.6715545654297,154.08421325683594,128.72250366210938
2026-01-21,247.1907501220703,214.3715362548828,119.97731018066406,275.0521545410156,294.2300109863281,303.1875915527344,252.9647979736328,191.67526245117188,324.4315185546875,249.8000030517578,338.67803955078125,231.30999755859375,127.29000091552734,532.5599975585938,217.80999755859375,113.91999816894531,1355.3380126953125,103.5,327.5932312011719,610.25,357.49810791015625,250.07000732421875,167.13504028320312,51.50966262817383,24.853681564331055,44.38999938964844,205.5575408935547,1115.3209228515625,53.341651916503906,483.8299865722656,91.70999908447266,152.76258850097656,112.7363052368164,644.1536865234375,298.166748046875,313.8399963378906,293.52001953125,56.439998626708984,84.20667266845703,309.760009765625,28.174055099487305,271.14849853515625,226.92999267578125,95.68868255615234,980.096923828125,139.16000366210938,220.45822143554688,111.47000122070312,73.01969146728516,163.61619567871094,526.6008911132812,241.03509521484375,112.32928466796875,117.34788513183594,146.80999755859375,57.958744049072266,97.48731231689453,117.04875183105469,366.1241149902344,107.217529296875,787.2740478515625,335.98095703125,41.977970123291016,84.32185363769531,13.452890396118164,75.75,101.29000091552734,317.6407775878906,667.1455078125,127.54269409179688,80.56419372558594,327.9514465332031,327.953125,943.861083984375,33.150001525878906,379.2409973144531,227.47271728515625,105.91999816894531,51.11000061035156,293.691650390625,170.71243286132812,70.81116485595703,54.25,520.9949340820312,523.6900024414062,266.6802978515625,215.6171417236328,299.15447998046875,21.638038635253906,151.6092529296875,71.05946350097656,69.27023315429688,16.978092193603516,436.4988708496094,362.44000244140625,1074.8726806640625,579.3638916015625,275.7861633300781,227.95611572265625,525.7835693359375,301.9440002441406,821.6577758789062,381.44000244140625,98.5882797241211,639.280517578125,2057.77001953125,75.47662353515625,611.8685913085938,154.38523864746094,127.12999725341797,59.18824768066406,109.505615234375,82.48834991455078,181.34043884277344,442.1409912109375,163.80999755859375,388.88677978515625,82.67656707763672,85.36000061035156,64.40242767333984,125.30000305175781,183.09669494628906,57.221412658691406,172.67410278320312,181.47000122070312,143.92636108398438,25.04996681213379,143.94635009765625,202.80494689941406,129.156005859375,165.3300018310547,165.9406280517578,55.538211822509766,154.80068969726562,64.3499984741211,196.02963256835938,221.25379943847656,95.2538070678711,28.677104949951172,71.31999969482422,354.6044616699219,32.2400016784668,206.5,521.9500122070312,87.72882843017578,25.639999389648438,23.68000030517578,500.1868591308594,681.77685546875,360.99688720703125,22.949308395385742,76.052490234375,103.9898910522461,154.90325927734375,635.0349731445312,33.150001525878906,131.5108642578125,431.44000244140625,324.44384765625,35.33000183105469,192.17282104492188,84.26000213623047,343.1076965332031,227.01800537109375,105.21441650390625,19.690000534057617,56.150001525878906,323.9390563964844,219.72999572753906,84.2627182006836,186.16156005859375,89.50585174560547,13.350517272949219,181.3890838623047,461.1400146484375,159.5785369873047,56.043392181396484,38.01057815551758,85.21163940429688,118.8886489868164,48.08675765991211,53.000938415527344,165.48670959472656,156.9199981689453,131.83055114746094
2026-01-22,247.8894500732422,216.31541442871094,107.93286895751953,279.3338928222656,299.7300109863281,306.7168273925781,255.7898406982422,193.27867126464844,317.9975891113281,253.72999572753906,342.0982971191406,234.33999633789062,138.41000366210938,521.9400024414062,222.47999572753906,119.19999694824219,1390.1260986328125,116.37000274658203,324.2953796386719,607.2899780273438,365.85870361328125,251.41000366210938,175.5675811767578,51.88557434082031,25.14642333984375,46.790000915527344,205.0515594482422,1127.0589599609375,53.772300720214844,484.489990234375,91.29000091552734,151.72438049316406,114.51854705810547,647.1778564453125,299.10107421875,317.0899963378906,286.520263671875,55.2400016784668,85.27999877929688,290.92999267578125,28.50562858581543,273.40264892578125,223.13999938964844,95.42273712158203,973.4257202148438,135.10000610351562,226.9352569580078,113.44249725341797,73.65386962890625,163.54750061035156,519.5100708007812,239.07334899902344,112.34912872314453,115.71599578857422,153.6999969482422,58.39646911621094,97.8712387084961,118.65746307373047,368.46014404296875,105.5008544921875,784.5821533203125,332.0839538574219,42.252464294433594,84.40142059326172,13.394271850585938,77.62000274658203,105.16999816894531,294.20416259765625,660.9324340820312,129.54803466796875,80.77324676513672,330.4082336425781,330.1103210449219,945.4853515625,37.400001525878906,375.6816711425781,230.9703826904297,106.25,50.66999816894531,290.8587646484375,173.14552307128906,71.38655090332031,54.31999969482422,543.5947265625,525.8099975585938,268.6719970703125,216.0918731689453,300.729248046875,21.947153091430664,149.6143798828125,70.92131042480469,69.1219711303711,17.339536666870117,442.74810791015625,354.489990234375,1083.70263671875,586.953857421875,273.6365051269531,220.2807159423828,531.0556640625,302.27984619140625,815.4697875976562,404.6400146484375,99.62045288085938,639.439697265625,2153.75,75.79192352294922,646.476806640625,159.08969116210938,127.68000030517578,59.139793395996094,107.60347747802734,83.0379409790039,181.07334899902344,449.1398620605469,160.97999572753906,397.3519287109375,83.8794937133789,83.54000091552734,64.45166015625,128.55999755859375,184.6148223876953,60.028465270996094,176.9442596435547,182.27000427246094,141.6312255859375,25.25315284729004,147.76034545898438,206.72119140625,124.7536392211914,165.89999389648438,167.15956115722656,56.790283203125,156.21633911132812,65.0999984741211,194.87826538085938,222.48243713378906,94.66112518310547,28.696781158447266,70.55000305175781,348.9516296386719,32.45000076293945,211.1300048828125,509.4700012207031,86.11497497558594,26.09000015258789,22.959999084472656,508.32305908203125,685.3379516601562,356.749755859375,23.02743148803711,75.42974853515625,104.44099426269531,152.48802185058594,638.1787719726562,34.209999084472656,128.8058624267578,449.3599853515625,325.6874084472656,36.81999969482422,192.74615478515625,82.55999755859375,349.7380065917969,228.9775390625,106.00973510742188,21.1299991607666,56.560001373291016,325.01458740234375,225.27999877929688,84.7635269165039,184.87557983398438,88.6231460571289,13.684279441833496,181.0392303466797,467.3500061035156,159.91758728027344,56.48286819458008,38.24305725097656,87.11138153076172,117.36469268798828,48.24458312988281,53.34793472290039,164.63121032714844,156.94973754882812,131.8601531982422
2026-01-23,247.58001708984375,217.45594787597656,106.75028228759766,275.39508056640625,301.07000732421875,303.8139343261719,253.83102416992188,191.6653594970703,321.57867431640625,259.67999267578125,339.8115234375,239.16000366210938,136.33999633789062,524.4099731445312,219.42999267578125,116.06999969482422,1384.18701171875,113.56999969482422,318.8753662109375,613.1400146484375,359.56591796875,252.14999389648438,171.65353393554688,51.163429260253906,24.697551727294922,48.45000076293945,202.96559143066406,1117.3580322265625,53.48846435546875,478.9700012207031,92.51000213623047,147.38548278808594,112.4689712524414,625.4293212890625,299.09112548828125,318.32000732421875,288.2253112792969,55.939998626708984,86.124755859375,303.0899963378906,28.573894500732422,274.7143249511719,216.9499969482422,96.8706283569336,980.48583984375,133.16000366210938,226.8954620361328,113.12249755859375,73.9114990234375,163.60638427734375,511.603759765625,234.02459716796875,110.13609313964844,115.44074249267578,155.97500610351562,58.764556884765625,98.41267395019531,116.87001037597656,367.2921447753906,107.49537658691406,783.1074829101562,329.2804260253906,42.62499237060547,84.10304260253906,13.247726440429688,81.63999938964844,107.0199966430664,293.07720947265625,657.0468139648438,134.27989196777344,79.3198471069336,328.0013732910156,327.5036926269531,910.0586547851562,36.380001068115234,378.3831787109375,229.8494873046875,106.98999786376953,50.70000076293945,288.6575927734375,171.73533630371094,71.82304382324219,45.06999969482422,559.7529296875,523.989990234375,263.712646484375,217.7237548828125,294.8757019042969,22.41082763671875,150.88909912109375,71.91797637939453,66.82878112792969,17.38838005065918,448.63958740234375,339.19000244140625,1060.6907958984375,583.9000854492188,275.4079895019531,217.52597045898438,522.963134765625,305.4603576660156,818.6436767578125,398.69000244140625,99.16826629638672,633.0115966796875,2137.2900390625,74.69820404052734,657.5870361328125,161.12002563476562,129.32000732421875,59.99253845214844,106.617919921875,80.17008209228516,177.0670928955078,463.8841857910156,163.11000061035156,399.4207458496094,83.62313079833984,86.12000274658203,64.03813171386719,133.11000061035156,187.44137573242188,60.057403564453125,175.9313507080078,180.17999267578125,141.80776977539062,25.233476638793945,149.02780151367188,205.83204650878906,125.22637939453125,169.60000610351562,170.07908630371094,56.26362228393555,154.2562255859375,65.66999816894531,194.4713134765625,227.1217803955078,96.4292984008789,28.667266845703125,71.44000244140625,346.8517150878906,31.700000762939453,209.69000244140625,501.3900146484375,86.14449310302734,25.850000381469727,23.09000015258789,502.4939880371094,685.5865478515625,353.1391906738281,23.03719711303711,75.83502197265625,106.01006317138672,152.30911254882812,624.7355346679688,33.79999923706055,129.32298278808594,449.05999755859375,333.14886474609375,36.54999923706055,191.08547973632812,82.30999755859375,351.50408935546875,227.27532958984375,104.7294692993164,22.110000610351562,57.0,324.8353271484375,222.0,85.36251831054688,185.0734100341797,88.79969024658203,13.91006088256836,182.40863037109375,468.4100036621094,159.67825317382812,56.70261001586914,38.281803131103516,86.04277801513672,117.26509094238281,48.52077102661133,52.614288330078125,163.35794067382812,156.1466064453125,133.17242431640625
2026-01-26,254.9363555908203,218.9535369873047,108.09186553955078,275.0423278808594,304.7200012207031,302.23321533203125,254.1263427734375,194.01107788085938,318.6659240722656,251.30999755859375,344.6807861328125,238.4199981689453,143.72000122070312,535.4400024414062,218.86000061035156,114.7300033569336,1408.4119873046875,104.77999877929688,323.6577453613281,605.0700073242188,361.1167297363281,248.42999267578125,169.8104705810547,51.460201263427734,24.931745529174805,49.349998474121094,203.3151092529297,1109.0810546875,53.43952560424805,483.4700012207031,93.55000305175781,146.9839324951172,113.68683624267578,634.7116088867188,301.655517578125,322.0199890136719,284.4462585449219,54.540000915527344,84.67376708984375,308.25,28.700674057006836,275.98712158203125,213.47999572753906,96.96912384033203,974.9215087890625,128.02000427246094,228.23863220214844,117.0824966430664,76.30948638916016,164.371826171875,513.7020874023438,235.71746826171875,110.46357727050781,116.76786804199219,151.55999755859375,58.864036560058594,98.9048843383789,115.57906341552734,373.1025085449219,106.77099609375,798.0319213867188,330.334228515625,42.97791290283203,84.17266082763672,13.130489349365234,83.06999969482422,107.4800033569336,294.2640075683594,665.2476196289062,136.10743713378906,79.07097625732422,333.1546325683594,332.8267822265625,922.9140625,38.16999816894531,381.1044616699219,229.53810119628906,107.0,49.650001525878906,292.4972839355469,173.89035034179688,72.02144622802734,42.4900016784668,557.5694580078125,528.8099975585938,262.8861083984375,219.05894470214844,298.16400146484375,22.77790069580078,153.90631103515625,71.6021957397461,67.14508056640625,17.232080459594727,452.0771484375,332.45001220703125,1059.1558837890625,574.8473510742188,276.5823669433594,222.44659423828125,525.57421875,309.1150207519531,825.0213012695312,411.25,98.96183013916016,632.6931762695312,2212.6201171875,76.03825378417969,671.1627197265625,157.99032592773438,130.05999755859375,61.02939987182617,105.84918212890625,81.70893096923828,179.91598510742188,468.1949768066406,160.5800018310547,388.8667907714844,84.27389526367188,85.69999694824219,63.988895416259766,136.33999633789062,186.2428436279297,61.716552734375,181.1747283935547,184.22000122070312,143.0730438232422,25.459741592407227,148.3727569580078,207.80014038085938,124.51727294921875,167.47000122070312,172.77249145507812,56.24374771118164,152.96925354003906,68.31999969482422,192.68472290039062,235.820556640625,95.155029296875,28.706619262695312,72.45999908447266,346.6626281738281,30.799999237060547,211.27000427246094,503.010009765625,86.75460815429688,25.799999237060547,22.959999084472656,504.0195007324219,689.0680541992188,355.0688171386719,22.900480270385742,76.15132904052734,101.95010375976562,149.16830444335938,625.3742065429688,33.5,125.48426818847656,435.20001220703125,330.9999694824219,33.810001373291016,194.32772827148438,81.9800033569336,346.9457702636719,228.50250244140625,103.74987030029297,21.8700008392334,54.93000030517578,327.13580322265625,224.17999267578125,85.93206787109375,181.3044891357422,88.68199920654297,13.96895980834961,181.14918518066406,476.8399963378906,158.3718719482422,56.86241912841797,38.37866973876953,87.12128448486328,117.17544555664062,48.55036544799805,52.95137023925781,163.51712036132812,156.76136779785156,133.0441436767578
2026-01-27,257.791015625,222.0875244140625,107.59498596191406,270.2314453125,297.4200134277344,302.05426025390625,250.5236358642578,192.77389526367188,331.88299560546875,252.02999877929688,346.2874450683594,244.67999267578125,146.69000244140625,543.5599975585938,216.05999755859375,114.87999725341797,1449.5078125,111.33999633789062,331.568603515625,610.219970703125,357.3390808105469,244.55999755859375,171.14817810058594,51.608585357666016,24.882957458496094,47.060001373291016,205.1514892578125,1094.3958740234375,54.379119873046875,474.6700134277344,93.61000061035156,145.35806274414062,113.6571273803711,637.6959228515625,299.6477355957031,318.3699951171875,287.9262390136719,55.5099983215332,85.23031616210938,333.1700134277344,27.9887638092041,276.4049377441406,210.8300018310547,98.36776733398438,967.5523071289062,129.57000732421875,227.37301635742188,119.16500091552734,77.96429443359375,165.89288330078125,516.3375854492188,234.76150512695312,109.76890563964844,118.2522964477539,146.0800018310547,60.02798843383789,100.49964141845703,115.62871551513672,319.6409606933594,107.75336456298828,801.1989135742188,339.1920471191406,43.42886734008789,85.3761215209961,13.60920524597168,81.70999908447266,109.29000091552734,296.66748046875,691.9278564453125,139.25872802734375,85.98955535888672,334.56280517578125,334.1150817871094,920.7946166992188,37.31999969482422,375.0210266113281,229.2786407470703,105.23999786376953,50.630001068115234,290.0592041015625,172.08291625976562,73.36068725585938,43.93000030517578,541.3218994140625,525.0399780273438,263.63299560546875,221.9765625,297.44097900390625,22.89381980895996,161.2174835205078,72.57913970947266,67.47126770019531,17.095317840576172,450.0901184082031,370.6600036621094,1035.9945068359375,587.9817504882812,272.6313171386719,238.00698852539062,518.6477661132812,310.28057861328125,832.566650390625,411.8900146484375,98.98149108886719,632.6334838867188,2295.0,75.56529998779297,671.7716674804688,156.534423828125,125.27999877929688,61.64957809448242,106.3616714477539,82.8680648803711,180.6875762939453,478.4493408203125,161.5800018310547,410.0046691894531,85.93038940429688,85.58000183105469,62.1181640625,131.8000030517578,188.29034423828125,60.66511535644531,173.68701171875,183.5,145.92724609375,26.06967544555664,147.23133850097656,207.88006591796875,126.7529296875,165.6999969482422,175.8394775390625,55.160606384277344,151.5041046142578,62.2599983215332,199.781494140625,229.9427490234375,94.55247497558594,28.893537521362305,70.88999938964844,344.4233703613281,31.200000762939453,212.75,502.70001220703125,87.42375946044922,25.459999084472656,22.600000381469727,495.9586486816406,691.8134765625,352.67169189453125,22.461023330688477,77.17933654785156,102.08739471435547,147.11087036132812,622.6695556640625,32.47999954223633,126.8367691040039,430.8999938964844,336.60101318359375,32.189998626708984,194.36727905273438,81.23999786376953,278.92608642578125,230.1453399658203,103.97294616699219,21.299999237060547,57.849998474121094,323.9191589355469,217.8699951171875,87.30682373046875,180.9384765625,88.65257263183594,14.234006881713867,189.12564086914062,474.1700134277344,163.80682373046875,57.57157516479492,38.088069915771484,87.7743148803711,116.47821044921875,48.994239807128906,52.544891357421875,164.1935272216797,154.1337890625,135.00765991210938
2026-01-28,255.96446228027344,216.8708038330078,105.38883209228516,264.9698791503906,299.5799865722656,315.77362060546875,246.76348876953125,195.30764770507812,335.9129333496094,252.74000549316406,337.3177795410156,243.00999450683594,150.14999389648438,542.3599853515625,218.0,109.95999908447266,1417.9486083984375,121.2300033569336,332.0169372558594,549.8599853515625,354.89349365234375,241.58999633789062,174.06143188476562,51.25246047973633,25.03908348083496,46.54999923706055,202.43692016601562,1109.2095947265625,53.45909881591797,473.489990234375,93.79000091552734,143.7713623046875,113.07294464111328,642.0576782226562,301.8145751953125,320.489990234375,287.1185607910156,53.90999984741211,84.47500610351562,345.2300109863281,27.705949783325195,277.93035888671875,209.42999267578125,99.86489868164062,958.0790405273438,129.66000366210938,226.80592346191406,117.29750061035156,78.24174499511719,166.7564239501953,522.1256103515625,223.59848022460938,108.72688293457031,118.20314025878906,142.8000030517578,60.43586730957031,99.43647003173828,113.82139587402344,338.3787536621094,110.16464233398438,807.7308959960938,345.2861633300781,43.144569396972656,84.74952697753906,13.501738548278809,82.08000183105469,112.16000366210938,291.69097900390625,710.7968139648438,138.02389526367188,84.51625061035156,335.84112548828125,335.5732116699219,927.8165283203125,37.224998474121094,370.0320739746094,224.8468780517578,103.4000015258789,50.5099983215332,290.3553466796875,171.24871826171875,73.85670471191406,48.779998779296875,534.6719970703125,522.0399780273438,262.2088928222656,225.22056579589844,297.89654541015625,22.401166915893555,162.3016815185547,72.09559631347656,66.99681091308594,16.939016342163086,448.5700378417969,385.0,1020.337646484375,590.2745361328125,268.1329345703125,239.12486267089844,519.6045532226562,308.96685791015625,825.0213012695312,411.0400085449219,99.07979583740234,631.1906127929688,2268.60009765625,75.1416015625,667.5391845703125,154.4446563720703,126.1500015258789,61.17475509643555,105.35640716552734,83.55755615234375,180.3710174560547,479.4946594238281,158.4499969482422,435.03033447265625,86.3445053100586,84.63999938964844,61.28125762939453,129.6199951171875,191.28668212890625,58.195682525634766,171.60159301757812,183.74000549316406,145.65260314941406,25.440067291259766,146.2388153076172,212.5355987548828,125.20668029785156,157.35000610351562,175.5543975830078,53.7396125793457,151.16751098632812,63.189998626708984,197.9750518798828,232.07566833496094,93.99930572509766,28.82467269897461,70.16000366210938,347.9265441894531,31.209999084472656,216.0,511.3500061035156,86.9218978881836,24.600000381469727,22.280000686645508,497.3241271972656,691.7438354492188,355.9142150878906,23.505949020385742,77.73287200927734,99.77302551269531,146.8922119140625,606.8112182617188,31.860000610351562,125.30525970458984,431.4599914550781,340.5406799316406,31.8700008392334,213.6824188232422,79.77999877929688,290.094970703125,225.3553924560547,100.57830047607422,20.510000228881836,61.810001373291016,325.6320495605469,217.99000549316406,86.26593017578125,182.03651428222656,87.74044799804688,14.302722930908203,193.67359924316406,477.9100036621094,165.1830291748047,57.791316986083984,38.17525100708008,87.10149383544922,116.10966491699219,49.36907196044922,52.534976959228516,163.27835083007812,153.00343322753906,135.74766540527344
2026-01-29,257.801025390625,218.61631774902344,105.42857360839844,255.94586181640625,291.6499938964844,316.8373718261719,242.11741638183594,196.35678100585938,340.49151611328125,252.17999267578125,338.0274658203125,241.72999572753906,148.14999389648438,569.239990234375,207.10000610351562,108.43000030517578,1450.075927734375,122.08999633789062,329.51617431640625,509.5799865722656,356.3946228027344,234.0399932861328,172.6642608642578,52.50879669189453,25.253761291503906,43.38999938964844,203.55555725097656,1115.251708984375,53.12632751464844,476.7900085449219,92.33000183105469,140.00054931640625,114.0630874633789,663.9758911132812,304.3193359375,302.6700134277344,286.6199951171875,53.369998931884766,84.7135238647461,300.0,28.515382766723633,281.6030578613281,199.17999267578125,101.25369262695312,950.211181640625,129.47000122070312,212.99618530273438,111.15499877929688,77.71656799316406,167.99290466308594,527.1578369140625,218.69912719726562,110.73152923583984,118.84213256835938,139.47000122070312,60.127471923828125,100.10588073730469,114.40728759765625,343.4566650390625,111.21648406982422,817.5287475585938,352.2948913574219,42.585777282714844,85.62477111816406,13.677593231201172,81.51000213623047,107.9800033569336,298.0537414550781,716.59033203125,137.85595703125,85.87010192871094,338.218017578125,337.8102722167969,931.0947875976562,35.5,366.591064453125,235.8484344482422,101.23999786376953,47.599998474121094,305.24029541015625,173.89035034179688,73.49957275390625,48.65999984741211,499.21905517578125,507.54998779296875,262.27862548828125,224.79527282714844,303.49261474609375,22.352867126464844,168.0378875732422,72.4607162475586,68.23236846923828,16.802255630493164,452.0473327636719,381.44000244140625,1020.676513671875,615.2189331054688,265.3662109375,247.6985321044922,541.8887939453125,311.6436767578125,820.7095947265625,374.0199890136719,99.2862319946289,630.0263671875,2218.139892578125,77.08271789550781,736.995361328125,154.8804473876953,115.56999969482422,57.909122467041016,106.77560424804688,81.27924346923828,180.4303741455078,431.57806396484375,143.19000244140625,435.5400390625,86.94596862792969,83.16000366210938,61.63570785522461,116.7300033569336,192.27548217773438,57.23106002807617,167.83787536621094,176.1999969482422,145.83895874023438,25.676170349121094,148.77967834472656,208.0598907470703,128.4370574951172,151.86000061035156,174.86630249023438,52.77571487426758,150.6923370361328,57.970001220703125,198.39190673828125,196.78907775878906,92.73490905761719,28.893537521362305,70.66000366210938,352.8826904296875,30.1200008392334,199.3699951171875,480.0,87.71897888183594,24.360000610351562,22.290000915527344,497.80438232421875,690.3711547851562,352.4031066894531,24.541109085083008,78.42479705810547,100.85175323486328,146.57415771484375,590.9827270507812,31.09000015258789,126.6279296875,416.55999755859375,337.8048095703125,31.25,216.4501953125,81.69999694824219,288.3880615234375,231.16470336914062,102.79936981201172,21.020000457763672,59.33000183105469,330.4321594238281,209.97999572753906,86.72745513916016,180.52301025390625,88.96641540527344,14.440155029296875,195.01300048828125,475.67999267578125,162.1314697265625,57.57157516479492,38.56271743774414,89.6839599609375,116.94635772705078,49.822811126708984,53.09016799926758,164.98931884765625,152.51759338378906,138.63864135742188
2026-01-30,258.9988098144531,221.1750946044922,108.61856842041016,258.3170166015625,293.25,309.0630798339844,242.9541015625,196.9506378173828,321.518798828125,236.72999572753906,336.982666015625,239.3000030517578,141.74000549316406,473.1099853515625,189.8800048828125,105.36000061035156,1418.0281982421875,111.20999908447266,330.08404541015625,483.5799865722656,350.101806640625,233.72000122070312,168.01693725585938,52.62750244140625,25.975854873657227,43.16999816894531,199.11764526367188,1106.5098876953125,53.87996292114258,480.5299987792969,93.52999877929688,139.49124145507812,114.56804656982422,656.1109008789062,307.6888427734375,296.3599853515625,279.8695068359375,52.47999954223633,89.73233032226562,280.989990234375,29.01274299621582,280.85491943359375,194.74000549316406,102.66218566894531,938.8876342773438,125.27999877929688,211.21524047851562,110.35124969482422,77.6075668334961,173.59625244140625,525.0991821289062,217.97218322753906,111.94225311279297,119.2943344116211,134.05999755859375,58.79439926147461,99.17066955566406,114.47679901123047,342.2292175292969,111.2660903930664,812.4615478515625,349.3621520996094,42.26226806640625,85.25677490234375,13.560357093811035,81.26000213623047,94.19999694824219,305.9623718261719,725.560302734375,140.22682189941406,83.62031555175781,338.08819580078125,337.56060791015625,926.4299926757812,34.97999954223633,369.33203125,236.13905334472656,99.4800033569336,47.4900016784668,302.733154296875,172.5794677734375,71.98176574707031,46.470001220703125,495.18939208984375,504.2200012207031,258.57403564453125,224.75570678710938,302.9676818847656,22.932456970214844,142.4269256591797,73.82249450683594,68.0149154663086,16.997631072998047,454.0045471191406,391.8399963378906,1033.6424560546875,626.791748046875,265.7841796875,233.01649475097656,536.9655151367188,311.1399230957031,829.6024169921875,371.3299865722656,101.21297454833984,624.473876953125,2147.7900390625,77.72317504882812,715.2241821289062,151.6913299560547,114.75,60.070064544677734,108.677734375,78.8610610961914,181.82289123535156,428.3822937011719,149.7100067138672,414.6419982910156,86.66989135742188,83.48999786376953,60.857879638671875,117.01000213623047,190.8971710205078,57.32752227783203,163.43858337402344,176.97000122070312,150.6842498779297,26.010648727416992,150.63571166992188,207.80014038085938,128.5847930908203,146.58999633789062,176.38995361328125,52.35835647583008,150.0686492919922,55.95000076293945,199.43409729003906,197.60488891601562,90.82845306396484,29.33623695373535,70.91000366210938,352.94244384765625,29.110000610351562,192.6999969482422,465.1199951171875,87.88626861572266,22.809999465942383,22.100000381469727,497.0133361816406,688.3120727539062,367.5814208984375,25.595802307128906,75.50882720947266,103.430908203125,148.8999481201172,577.4596557617188,31.110000610351562,126.21025085449219,430.4100036621094,328.86102294921875,30.329999923706055,214.46031188964844,80.05000305175781,283.099609375,232.66897583007812,103.02244567871094,20.030000686645508,54.9900016784668,320.5032653808594,203.9199981689453,85.9222412109375,179.47442626953125,89.05469512939453,14.381255149841309,186.0969696044922,469.8999938964844,157.91314697265625,56.4029655456543,43.12514877319336,89.5355453491211,118.66951751708984,50.355464935302734,52.981109619140625,164.571533203125,153.42982482910156,139.51678466796875
2026-02-02,269.5093078613281,223.78346252441406,108.7278823852539,261.40338134765625,293.3800048828125,315.00811767578125,243.68251037597656,198.70248413085938,327.5837097167969,246.27000427246094,339.7425231933594,242.9600067138672,138.3699951171875,483.0,195.05999755859375,106.93000030517578,1436.35400390625,104.55000305175781,329.8947448730469,459.989990234375,350.7579040527344,233.02000427246094,166.8575897216797,53.448570251464844,26.41496467590332,41.630001068115234,203.91102600097656,1107.221923828125,54.70210647583008,487.2900085449219,91.87000274658203,138.3746795654297,115.68277740478516,689.5971069335938,309.3686218261719,289.19000244140625,270.09783935546875,51.31999969482422,91.32244873046875,285.1099853515625,28.856706619262695,282.5163879394531,187.86000061035156,100.25888061523438,966.9569091796875,119.95999908447266,209.74273681640625,109.7125015258789,79.9064712524414,170.77984619140625,529.3258666992188,222.48318481445312,103.6557388305664,117.4658432006836,131.92999267578125,58.97346878051758,99.82039642333984,117.93254852294922,338.3589172363281,107.57476043701172,802.0203857421875,357.335205078125,42.62499237060547,85.42585754394531,13.491969108581543,81.29000091552734,94.19000244140625,307.877197265625,754.12841796875,141.15541076660156,83.88909149169922,344.44989013671875,343.24322509765625,937.2451782226562,35.349998474121094,372.8125,236.18055725097656,89.91000366210938,44.220001220703125,310.6593017578125,171.9835968017578,72.24961853027344,48.810001373291016,483.4776306152344,496.7300109863281,261.0935363769531,228.21731567382812,305.1961975097656,22.700620651245117,140.6824188232422,74.33563995361328,69.23070526123047,16.978092193603516,457.1738586425781,423.4200134277344,1040.598876953125,628.5509643554688,267.7746276855469,237.04879760742188,553.4893798828125,314.6266784667969,844.8728637695312,372.67999267578125,100.96721649169922,629.5686645507812,2147.219970703125,78.65924835205078,705.152099609375,151.95872497558594,112.81999969482422,60.30262756347656,111.73297882080078,78.60125732421875,184.110595703125,421.49298095703125,139.6300048828125,437.5488586425781,85.12186431884766,82.76000213623047,61.2221794128418,118.0,185.38388061523438,56.845211029052734,158.94993591308594,175.4199981689453,152.22413635253906,26.227075576782227,152.0450897216797,202.84490966796875,127.71810150146484,147.75999450683594,176.88145446777344,52.0006217956543,151.08831787109375,54.45000076293945,199.59291076660156,203.68911743164062,90.57162475585938,29.513317108154297,69.58999633789062,354.6541748046875,29.709999084472656,190.67999267578125,457.8900146484375,86.78413391113281,22.079999923706055,22.1200008392334,496.89093017578125,691.7339477539062,366.1690673828125,25.683691024780273,75.39021301269531,107.41241455078125,149.25775146484375,580.6134033203125,31.520000457763672,128.9550323486328,421.80999755859375,339.6054992675781,29.75,223.8724822998047,80.83999633789062,281.77752685546875,232.79762268066406,106.95052337646484,19.950000762939453,53.27000045776367,332.4637756347656,203.35000610351562,86.609619140625,178.2774658203125,88.13275909423828,14.636486053466797,189.92527770996094,472.010009765625,153.8344268798828,56.71259689331055,43.21232986450195,91.29676818847656,123.5700912475586,49.36907196044922,53.566043853759766,166.6505584716797,154.37176513671875,136.55674743652344
2026-02-03,268.98028564453125,223.8032989501953,108.3403091430664,236.33985900878906,271.92999267578125,309.470703125,231.39797973632812,199.70216369628906,317.8778991699219,242.11000061035156,333.7397766113281,238.6199951171875,139.38999938964844,461.7900085449219,184.00999450683594,104.55000305175781,1391.0030517578125,115.76000213623047,319.154296875,451.2900085449219,347.5767517089844,233.14999389648438,162.1607208251953,53.864051818847656,26.346660614013672,37.060001373291016,184.89791870117188,1058.192626953125,54.799983978271484,493.739990234375,91.62000274658203,131.12686157226562,117.15580749511719,701.5543823242188,311.4857482910156,268.5,267.67486572265625,50.36000061035156,92.57466888427734,297.45001220703125,29.02249526977539,284.7510986328125,179.66000366210938,103.33196258544922,976.5030517578125,111.30999755859375,195.38580322265625,105.43250274658203,82.35399627685547,174.7149658203125,542.0057983398438,215.69180297851562,103.427490234375,119.60891723632812,120.27999877929688,59.291812896728516,99.86961364746094,115.45989227294922,335.2112121582031,109.57919311523438,793.55859375,360.4071044921875,42.65439987182617,86.21158599853516,13.413810729980469,79.30000305175781,98.22000122070312,309.0938720703125,779.3801879882812,141.54067993164062,85.32258605957031,340.25537109375,339.26837158203125,929.9755859375,32.84000015258789,375.75067138671875,239.657470703125,87.06999969482422,43.29999923706055,290.5033874511719,161.94346618652344,72.56707000732422,49.25,430.8441467285156,478.8800048828125,261.6910400390625,230.54151916503906,311.8420715332031,23.05803680419922,135.20553588867188,75.87503814697266,70.41683197021484,17.183237075805664,460.56170654296875,435.1000061035156,1000.0664672851562,620.901611328125,273.5369873046875,229.66287231445312,548.8551635742188,315.5650329589844,849.473876953125,346.05999755859375,101.42923736572266,630.7528076171875,2099.89990234375,76.31521606445312,690.4683227539062,154.18714904785156,101.70999908447266,62.172855377197266,114.16730499267578,75.48358154296875,181.9322967529297,409.3868713378906,133.25999450683594,419.1993713378906,87.57701110839844,79.94000244140625,59.99143600463867,109.7699966430664,180.12030029296875,48.52051544189453,153.59732055664062,166.24000549316406,159.7274627685547,25.351530075073242,154.1591796875,200.8368377685547,129.88482666015625,157.8800048828125,173.99142456054688,41.437530517578125,145.70291137695312,52.150001525878906,201.98497009277344,193.91896057128906,91.90515899658203,30.005205154418945,68.11000061035156,357.9184875488281,29.670000076293945,173.24000549316406,419.1400146484375,88.69319915771484,21.760000228881836,21.93000030517578,440.9075927734375,685.885009765625,358.88824462890625,26.20127296447754,72.8795166015625,109.14820098876953,151.14622497558594,568.9566650390625,28.25,126.32958221435547,421.9599914550781,334.0243225097656,27.18000030517578,224.0714874267578,77.93000030517578,280.3863220214844,238.99290466308594,108.48296356201172,18.25,56.279998779296875,327.5740051269531,190.8000030517578,86.28557586669922,190.19760131835938,87.93660736083984,14.97024917602539,190.06520080566406,465.6099853515625,152.57791137695312,56.68263244628906,44.80094909667969,91.33634185791016,127.20568084716797,50.9670295715332,53.070335388183594,168.05316162109375,152.7952423095703,141.81576538085938
2026-02-04,275.97723388671875,215.32363891601562,107.52542114257812,236.77096557617188,279.7099914550781,318.56719970703125,230.99440002441406,204.997314453125,296.8602600097656,200.19000244140625,360.95428466796875,232.99000549316406,130.27999877929688,387.3399963378906,184.14999389648438,104.9000015258789,1334.4512939453125,103.5,306.9194030761719,430.6499938964844,351.593017578125,235.9499969482422,157.6917724609375,54.7840461730957,27.15657615661621,37.22999954223633,183.40469360351562,1064.2052001953125,56.39533996582031,503.8299865722656,75.5,131.77328491210938,116.87712860107422,690.5054321289062,327.4586181640625,271.4200134277344,249.73680114746094,49.29999923706055,93.7871322631836,275.8599853515625,29.744155883789062,286.25714111328125,168.6199951171875,105.97163391113281,976.9324340820312,96.94999694824219,198.4302978515625,103.83999633789062,80.42174530029297,177.84539794921875,564.1434936523438,218.6094970703125,106.23597717285156,120.1397705078125,116.9000015258789,58.49595260620117,100.19447326660156,118.7766342163086,337.1414489746094,113.7865219116211,793.8555297851562,362.8626403808594,42.399513244628906,87.01720428466797,13.501738548278809,81.12000274658203,98.69999694824219,307.5081787109375,745.3881225585938,144.45486450195312,85.89997100830078,332.90496826171875,332.6070556640625,904.5322265625,32.540000915527344,381.7650451660156,244.2656707763672,80.62000274658203,41.56999969482422,285.3114013671875,163.71116638183594,71.71392059326172,48.599998474121094,442.30780029296875,478.489990234375,259.4403991699219,231.89646911621094,314.2389221191406,23.64728546142578,130.38595581054688,76.32896423339844,71.51399993896484,17.593524932861328,470.25836181640625,465.5400085449219,1103.3758544921875,595.7002563476562,274.5321960449219,209.38145446777344,551.6456909179688,319.72344970703125,820.4102783203125,337.6000061035156,100.11197662353516,635.1708374023438,2052.780029296875,77.4167709350586,667.798828125,162.21937561035156,104.80000305175781,63.14188003540039,116.6213607788086,73.67493438720703,179.11741638183594,412.35369873046875,129.08999633789062,379.1823425292969,88.7109146118164,80.16000366210938,63.23075866699219,111.06999969482422,173.97781372070312,45.520538330078125,145.65280151367188,166.72000122070312,162.99359130859375,26.345129013061523,155.6975860595703,205.34249877929688,132.80003356933594,139.5399932861328,177.3238067626953,40.77174758911133,147.395751953125,51.869998931884766,195.27529907226562,196.26812744140625,95.78722381591797,30.506933212280273,69.4800033569336,367.1441345214844,33.7599983215332,165.2899932861328,418.9800109863281,88.85065460205078,20.75,21.90999984741211,438.36505126953125,682.5626831054688,358.7290954589844,26.58213233947754,69.86469268798828,111.92347717285156,153.00486755371094,564.0962524414062,28.31999969482422,129.20364379882812,406.010009765625,324.0657958984375,27.270000457763672,221.79306030273438,73.91999816894531,272.2366027832031,247.1773681640625,113.22576141357422,17.049999237060547,52.38999938964844,328.5898132324219,190.69000244140625,86.40340423583984,195.28219604492188,89.2018051147461,15.421810150146484,182.4785919189453,470.5199890136719,142.12681579589844,56.34303665161133,45.537132263183594,92.1575927734375,127.4945297241211,52.11125183105469,53.496646881103516,168.5008087158203,154.70889282226562,145.6243438720703
2026-02-05,275.3983459472656,217.21792602539062,108.39994049072266,228.86390686035156,269.3900146484375,320.23736572265625,230.32505798339844,212.984619140625,303.234375,192.5,362.5313415527344,222.69000244140625,128.6699981689453,375.2300109863281,177.36000061035156,110.87999725341797,1345.4427490234375,93.2699966430664,309.3703918457031,399.6499938964844,352.53741455078125,236.9499969482422,156.32432556152344,54.348777770996094,26.25883674621582,35.68000030517578,176.88758850097656,1043.08251953125,58.25495529174805,503.8900146484375,77.63999938964844,124.22183227539062,115.19508361816406,677.0210571289062,329.2775573730469,270.1400146484375,246.34661865234375,47.970001220703125,94.29397583007812,294.8900146484375,30.08548355102539,288.93878173828125,146.1199951171875,103.4009017944336,987.8565673828125,98.05999755859375,189.0082550048828,94.29000091552734,81.6108169555664,175.8827362060547,562.6218872070312,214.84535217285156,104.17179107666016,121.31944274902344,114.33999633789062,58.22734832763672,98.7670669555664,95.98652648925781,328.876220703125,111.62332153320312,799.2294921875,352.5931396484375,41.99757766723633,85.63471984863281,13.404041290283203,78.93000030517578,92.44000244140625,305.5434875488281,736.7078857421875,147.55674743652344,82.9234848022461,330.8975830078125,330.8193664550781,881.8619995117188,30.610000610351562,377.0028381347656,242.70884704589844,72.68000030517578,36.099998474121094,286.14056396484375,167.12738037109375,71.29727172851562,48.2400016784668,431.65802001953125,476.32000732421875,254.7698516845703,235.18002319335938,307.1968688964844,23.613475799560547,132.7608184814453,77.47366333007812,71.46458435058594,17.652137756347656,456.7068786621094,504.4200134277344,1017.3876953125,602.0450439453125,273.5767822265625,212.90475463867188,550.021240234375,319.5160217285156,955.9475708007812,326.5,101.20314025878906,631.8075561523438,2034.760009765625,74.74722290039062,669.0166625976562,163.49700927734375,94.58999633789062,63.364749908447266,118.0208511352539,74.15457916259766,174.90008544921875,391.9246520996094,106.98999786376953,382.6703796386719,87.96155548095703,80.87000274658203,61.73417282104492,102.62999725341797,171.67062377929688,41.80674362182617,135.53347778320312,154.77000427246094,164.31771850585938,26.059837341308594,157.42459106445312,207.36056518554688,134.0803680419922,130.00999450683594,178.9064483642578,39.648860931396484,134.93211364746094,48.34000015258789,194.5110321044922,194.03692626953125,94.89820098876953,30.467580795288086,66.33999633789062,359.3117980957031,30.850000381469727,156.7100067138672,410.44000244140625,89.62805938720703,19.459999084472656,21.239999771118164,425.3697509765625,674.0379638671875,360.47967529296875,26.67002296447754,69.05415344238281,108.70689392089844,154.4559783935547,541.28173828125,27.049999237060547,142.40048217773438,397.2099914550781,329.0301513671875,26.239999771118164,222.8477020263672,75.20999908447266,264.9649658203125,248.8498992919922,113.0414810180664,17.81999969482422,49.11000061035156,327.773193359375,183.85000610351562,85.20540618896484,193.2219696044922,89.07430267333984,14.351805686950684,177.67074584960938,458.80999755859375,142.67530822753906,55.97347640991211,45.62431335449219,91.03951263427734,126.43872833251953,51.49968719482422,52.832401275634766,167.4861602783203,153.52896118164062,144.13446044921875
2026-02-06,277.6042175292969,221.5916290283203,110.13903045654297,235.7617645263672,268.3800048828125,318.5771789550781,227.7362518310547,205.4229278564453,321.7083740234375,208.44000244140625,378.814697265625,210.32000732421875,137.49000549316406,406.7200012207031,179.72500610351562,123.69999694824219,1408.0731201171875,101.79000091552734,331.6981506347656,414.20001220703125,357.0408020019531,243.02999877929688,161.03109741210938,55.92166519165039,26.541820526123047,48.939998626708984,177.43495178222656,1044.6448974609375,60.672462463378906,508.0899963378906,76.2699966430664,127.02302551269531,122.11236572265625,724.820068359375,328.96942138671875,283.5199890136719,260.6651611328125,50.56999969482422,93.82688903808594,307.5299987792969,30.59259796142578,293.6899719238281,165.1199951171875,106.00119018554688,999.7093505859375,111.4000015258789,190.3812713623047,98.875,84.04844665527344,177.48231506347656,579.9064331054688,215.70175170898438,107.87342071533203,119.79570007324219,119.4000015258789,59.75938415527344,101.01154327392578,98.77694702148438,335.53790283203125,112.8239974975586,839.3710327148438,371.6309814453125,42.674007415771484,88.9168930053711,13.482198715209961,82.76000213623047,97.38999938964844,320.134033203125,778.481201171875,150.64874267578125,83.8592300415039,322.6783447265625,322.4402770996094,919.8339233398438,32.130001068115234,379.7438049316406,247.4104461669922,82.81999969482422,39.68000030517578,295.0636291503906,167.8324737548828,73.08292388916016,50.59000015258789,440.4517822265625,488.1499938964844,263.9217529296875,237.3558807373047,319.3199462890625,23.801841735839844,143.92404174804688,77.9867935180664,72.77922058105469,17.71074867248535,445.3311767578125,551.989990234375,1054.6014404296875,616.2763671875,277.05010986328125,230.57113647460938,546.8818359375,323.1509094238281,946.84521484375,344.3500061035156,101.15399169921875,652.0870361328125,1970.1500244140625,75.79916381835938,660.2822265625,170.99441528320312,98.0,63.374446868896484,120.16937255859375,80.22004699707031,178.99806213378906,399.3615417480469,134.92999267578125,394.4635925292969,88.2179183959961,82.19999694824219,62.93537521362305,100.73999786376953,185.18414306640625,45.954620361328125,141.8295135498047,159.32000732421875,167.22096252441406,26.777982711791992,157.9803924560547,202.09561157226562,134.87811279296875,135.89999389648438,179.70266723632812,40.165584564208984,135.961669921875,51.06999969482422,197.18099975585938,199.86558532714844,98.23696899414062,30.959468841552734,67.31999969482422,360.247314453125,34.380001068115234,168.42999267578125,426.8800048828125,88.64400482177734,20.860000610351562,22.260000228881836,413.6645812988281,686.96923828125,356.37176513671875,26.49424171447754,70.66535186767578,113.31603240966797,154.91319274902344,541.7507934570312,27.729999542236328,151.2613525390625,411.1099853515625,347.0570373535156,27.040000915527344,220.32054138183594,74.7699966430664,272.95684814453125,250.0078125,113.80769348144531,18.93000030517578,52.15999984741211,330.21307373046875,183.64999389648438,86.89439392089844,201.72158813476562,90.47682189941406,14.832817077636719,195.4927978515625,477.9200134277344,149.2371368408203,57.19202423095703,44.85906982421875,93.4358139038086,130.66197204589844,52.525535583496094,53.794071197509766,172.27090454101562,156.37466430664062,147.06491088867188
2026-02-09,274.3672180175781,221.42303466796875,110.37753295898438,231.9796905517578,266.8999938964844,321.0823974609375,223.07049560546875,197.89089965820312,329.7483215332031,216.0,370.4364929199219,208.72000122070312,141.74000549316406,460.3800048828125,183.7899932861328,124.61000061035156,1424.49560546875,102.12000274658203,342.67767333984375,433.7699890136719,357.5478210449219,244.7100067138672,161.51663208007812,55.80295944213867,27.010204315185547,50.7599983215332,168.67221069335938,1067.903564453125,59.47838592529297,498.0799865722656,74.12000274658203,130.2134552001953,123.18727111816406,740.7098388671875,324.1984558105469,291.0,271.3641662597656,47.79999923706055,93.57843017578125,319.2099914550781,30.826648712158203,298.5188903808594,167.25,107.06494140625,996.1445922851562,123.41000366210938,193.04769897460938,102.01000213623047,85.99061584472656,179.1898193359375,582.4523315429688,215.75155639648438,106.31536102294922,119.65807342529297,118.91000366210938,60.19710922241211,102.37004089355469,98.32015991210938,324.1744689941406,112.99269104003906,848.8917846679688,374.8520202636719,43.4484748840332,90.79667663574219,13.277034759521484,85.93000030517578,102.88999938964844,315.885498046875,800.646484375,149.8386993408203,80.31532287597656,323.97662353515625,323.8984069824219,934.5612182617188,32.459999084472656,375.6520690917969,248.92575073242188,86.55999755859375,40.11000061035156,292.50714111328125,168.3091583251953,73.64837646484375,50.2400016784668,434.2286682128906,492.8399963378906,265.7740783691406,236.02069091796875,319.0228271484375,23.74388313293457,143.64578247070312,76.9407958984375,72.57164764404297,17.759593963623047,453.3786315917969,577.1500244140625,1041.13720703125,630.8140869140625,275.5672302246094,228.84442138671875,533.5172729492188,321.6100158691406,960.4588623046875,357.7699890136719,99.92520141601562,652.435302734375,2035.5899658203125,75.6999282836914,676.0140991210938,168.6471405029297,77.62999725341797,62.405418395996094,115.951171875,82.28849792480469,181.3752899169922,411.76629638671875,138.44000244140625,383.280029296875,88.22777557373047,81.47000122070312,61.44863510131836,103.87000274658203,189.80848693847656,47.623416900634766,155.50401306152344,166.0,163.27804565429688,26.610742568969727,156.15415954589844,201.33636474609375,135.203125,142.91000366210938,178.73931884765625,40.890995025634766,137.53570556640625,54.060001373291016,194.72938537597656,206.81478881835938,97.77271270751953,30.841415405273438,65.8499984741211,358.8739013671875,33.529998779296875,175.9499969482422,438.8999938964844,87.95515441894531,21.350000381469727,22.329999923706055,418.2882385253906,690.2816772460938,354.173583984375,26.474712371826172,70.9717788696289,113.28660583496094,155.2908935546875,545.6730346679688,28.649999618530273,153.7972869873047,417.32000732421875,353.5832824707031,27.040000915527344,217.66404724121094,73.91000366210938,272.0195617675781,251.71002197265625,114.3702392578125,18.790000915527344,54.900001525878906,324.2378234863281,184.61000061035156,87.85672760009766,200.42774963378906,90.85932159423828,15.196028709411621,201.90992736816406,470.8699951171875,152.54798889160156,57.68144607543945,45.54682159423828,94.07217407226562,128.51051330566406,52.91022872924805,53.4768180847168,172.7881622314453,154.99644470214844,149.19615173339844
2026-02-10,273.4280700683594,220.6097869873047,111.57998657226562,235.99693298339844,264.6700134277344,323.2596130371094,221.99755859375,199.0885009765625,328.2520446777344,213.57000732421875,359.4264831542969,206.9600067138672,143.4499969482422,472.9200134277344,188.3000030517578,125.94999694824219,1410.5390625,96.2699966430664,339.1905212402344,446.9700012207031,361.0670471191406,242.58999633789062,164.99468994140625,54.7939338684082,27.478588104248047,50.61000061035156,170.42739868164062,1075.696044921875,59.56647491455078,500.29998779296875,74.25,132.5914306640625,121.57490539550781,740.9593505859375,324.2779541015625,299.0,270.3570861816406,46.349998474121094,93.349853515625,297.92999267578125,31.50930404663086,298.05255126953125,162.50999450683594,105.88299560546875,969.82275390625,134.72000122070312,192.4706268310547,103.34750366210938,85.50507354736328,178.8561553955078,590.1497802734375,218.82858276367188,109.12384033203125,121.54554748535156,120.69999694824219,60.286643981933594,102.61614990234375,100.6041259765625,322.3333435058594,111.83170318603516,847.902099609375,375.2596130371094,43.350440979003906,92.59689331054688,13.257494926452637,85.52999877929688,103.01000213623047,315.4765930175781,789.908447265625,145.44271850585938,79.90717315673828,318.21417236328125,318.16583251953125,939.879638671875,31.549999237060547,384.210205078125,252.558349609375,85.5999984741211,38.970001220703125,289.62835693359375,163.6714324951172,73.77734375,47.130001068115234,418.2391357421875,495.1499938964844,265.05706787109375,235.73390197753906,315.2392883300781,24.05299949645996,142.71615600585938,75.79609680175781,71.8006591796875,17.89635467529297,457.5216064453125,561.1300048828125,1021.5336303710938,622.1863403320312,283.31005859375,226.1794891357422,538.5601196289062,321.9754638671875,933.4013061523438,377.260009765625,99.6990966796875,652.1267700195312,2025.3199462890625,77.32745361328125,669.525634765625,171.76693725585938,74.11000061035156,62.405418395996094,115.4583969116211,81.9487533569336,176.9391326904297,411.437744140625,133.0,373.035888671875,89.55888366699219,82.20999908447266,62.068931579589844,106.4800033569336,188.31031799316406,47.38226318359375,158.7811279296875,165.50999450683594,163.76846313476562,27.161649703979492,157.8910675048828,202.40533447265625,138.35470581054688,139.50999450683594,179.58470153808594,41.22885513305664,138.68406677246094,55.83000183105469,193.73683166503906,208.58404541015625,96.34039306640625,30.792224884033203,65.55999755859375,362.9045104980469,33.33000183105469,182.5800018310547,437.45001220703125,89.27379608154297,21.18000030517578,22.829999923706055,377.6921081542969,688.4613037109375,359.126953125,26.767681121826172,69.86469268798828,111.04088592529297,152.3588104248047,538.726806640625,29.469999313354492,152.33538818359375,425.2099914550781,360.0498962402344,28.1299991607666,219.80316162109375,73.5,269.5726623535156,258.61785888671875,115.12675476074219,15.210000038146973,53.5,327.4910888671875,186.99000549316406,87.6112289428711,198.55662536621094,92.07548522949219,14.97024917602539,199.53099060058594,463.4800109863281,159.15969848632812,57.94113540649414,45.90523147583008,91.38752746582031,126.19966125488281,52.85104751586914,53.09016799926758,172.99708557128906,154.0148162841797,149.57107543945312
2026-02-11,275.24639892578125,219.07254028320312,112.8818130493164,225.77749633789062,257.1600036621094,335.0303955078125,214.16224670410156,202.63180541992188,339.0351867675781,213.5800018310547,361.3288269042969,204.0800018310547,140.66000366210938,456.80999755859375,178.74000549316406,125.27999877929688,1432.5010986328125,96.91999816894531,341.50201416015625,434.45001220703125,351.9310302734375,236.25999450683594,162.8246307373047,53.270503997802734,26.883350372314453,47.02000045776367,171.6734161376953,1070.8504638671875,58.6562385559082,500.0199890136719,73.47000122070312,132.24462890625,116.83731079101562,773.52734375,327.0809020996094,299.6499938964844,276.05059814453125,44.349998474121094,94.72132110595703,295.67999267578125,31.67508888244629,293.8940124511719,153.1999969482422,109.53718566894531,976.7227783203125,128.39999389648438,184.0634002685547,103.95249938964844,84.76189422607422,182.3496856689453,609.3239135742188,219.0576171875,107.29783630371094,123.07911682128906,109.30000305175781,61.24168014526367,103.30525207519531,104.65570068359375,326.89654541015625,117.30917358398438,858.5709838867188,393.77056884765625,43.183780670166016,93.46219635009766,13.531048774719238,87.81999969482422,105.97000122070312,312.8836364746094,822.7518310546875,153.90869140625,79.45921325683594,310.9236755371094,310.5557556152344,935.5219116210938,30.020000457763672,385.1961975097656,251.8940887451172,77.97000122070312,38.290000915527344,270.8168029785156,150.94000244140625,74.88842010498047,48.290000915527344,396.7013854980469,496.1199951171875,263.8520812988281,238.21633911132812,307.8505859375,24.139938354492188,147.56964111328125,77.56246948242188,70.9802474975586,18.31926155090332,464.4761657714844,574.1099853515625,1011.7767333984375,621.3364868164062,285.6687316894531,234.67332458496094,535.6400756835938,319.2492980957031,951.3464965820312,364.4599914550781,99.36487579345703,650.4849243164062,2018.1800537109375,78.29007720947266,667.4993286132812,171.1925048828125,73.08999633789062,63.87834167480469,117.58719635009766,81.27924346923828,175.73558044433594,402.5771789550781,126.06999969482422,410.1046142578125,90.08147430419922,79.62000274658203,61.38956069946289,100.58000183105469,189.81849670410156,47.015708923339844,156.07005310058594,165.3000030517578,165.9066619873047,27.279701232910156,158.80419921875,208.16978454589844,137.7637939453125,135.67999267578125,183.10386657714844,40.2053337097168,139.62452697753906,55.119998931884766,195.04701232910156,199.1873779296875,97.91100311279297,31.126710891723633,65.66999816894531,365.2134094238281,32.040000915527344,178.8300018310547,438.2099914550781,89.41156768798828,20.549999237060547,22.950000762939453,367.9739074707031,688.3021850585938,361.7528076171875,27.802841186523438,68.69830322265625,113.53730010986328,149.834228515625,526.1219482421875,28.020000457763672,153.81716918945312,428.2699890136719,372.1672668457031,27.229999542236328,225.41465759277344,71.01000213623047,275.1866760253906,260.0924377441406,116.38762664794922,14.5,53.709999084472656,328.558837890625,177.0399932861328,87.83708190917969,202.9557342529297,91.56548309326172,15.39236068725586,248.39918518066406,461.239990234375,159.70816040039062,58.4405403137207,47.435726165771484,88.44434356689453,128.26148986816406,54.231998443603516,52.28712463378906,173.92218017578125,154.92701721191406,153.4882049560547
2026-02-12,261.4891052246094,225.62815856933594,110.77503967285156,217.56671142578125,262.5,329.4233703613281,206.67144775390625,204.44305419921875,327.57373046875,205.94000244140625,360.95428466796875,199.60000610351562,135.1199951171875,366.9100036621094,175.92999267578125,122.19000244140625,1403.8038330078125,82.22000122070312,329.9545593261719,435.80999755859375,340.8663635253906,239.35000610351562,157.28549194335938,51.95481872558594,26.43448257446289,46.369998931884766,165.56912231445312,1043.9031982421875,58.587730407714844,500.010009765625,74.12000274658203,128.57861328125,110.62669372558594,756.8490600585938,330.5001220703125,288.3299865722656,275.32269287109375,44.38999938964844,95.57601165771484,274.7900085449219,31.031444549560547,293.077880859375,141.08999633789062,109.16291046142578,997.4127197265625,121.77999877929688,184.49122619628906,102.88500213623047,74.3177719116211,178.99354553222656,594.823974609375,214.03875732421875,101.60147857666016,123.97370147705078,112.05000305175781,60.5452995300293,102.52755737304688,105.67852783203125,332.62774658203125,116.94202423095703,947.9888916015625,388.0442810058594,43.095550537109375,92.86544036865234,13.677593231201172,84.26000213623047,98.27999877929688,312.0458984375,815.6497802734375,149.96713256835938,79.56871795654297,308.9662780761719,308.5982971191406,895.8662109375,29.579999923706055,384.74267578125,248.91539001464844,71.12000274658203,37.04999923706055,257.6238708496094,148.794921875,74.05511474609375,46.47999954223633,394.9842834472656,478.6000061035156,258.4644775390625,241.86582946777344,299.74871826171875,23.49272918701172,144.71202087402344,77.95719146728516,69.88307189941406,18.329139709472656,469.7914123535156,583.4600219726562,1034.7587890625,629.9641723632812,284.16595458984375,230.85060119628906,525.6739501953125,328.0106201171875,914.2283935546875,356.739990234375,99.16826629638672,641.3203735351562,2007.0,76.77171325683594,648.6529541015625,172.9356231689453,73.62999725341797,64.93458557128906,117.5182113647461,78.17157745361328,167.1616668701172,400.05841064453125,123.0,413.7325439453125,90.64349365234375,75.86000061035156,60.158817291259766,103.29000091552734,186.7122802734375,47.1989860534668,155.394775390625,162.80999755859375,163.99403381347656,27.023921966552734,160.00515747070312,205.25259399414062,134.31674194335938,129.1300048828125,185.73831176757812,38.834022521972656,137.08033752441406,53.189998626708984,199.6425323486328,200.25875854492188,95.57978820800781,30.83157730102539,67.62999725341797,370.81646728515625,30.43000030517578,172.91000366210938,423.3500061035156,91.08445739746094,19.299999237060547,22.8700008392334,374.03839111328125,677.668701171875,363.8913269042969,28.12510871887207,66.59288024902344,111.63526916503906,153.67665100097656,508.80645751953125,26.139999389648438,151.81825256347656,417.07000732421875,366.2080993652344,26.139999389648438,221.87265014648438,71.22000122070312,280.57379150390625,259.06317138671875,114.5157241821289,13.109999656677246,51.75,323.50933837890625,171.99000549316406,87.14970397949219,195.9788818359375,91.45760345458984,15.333460807800293,236.404541015625,465.0199890136719,162.65005493164062,57.69143295288086,47.91037368774414,85.79946899414062,133.1122589111328,53.24560546875,51.24613952636719,171.84315490722656,154.67913818359375,148.91920471191406
2026-02-13,255.5445556640625,229.59524536132812,111.97749328613281,219.7026824951172,263.9700012207031,335.12982177734375,208.78775024414062,205.38331604003906,354.0278015136719,207.32000732421875,366.4229736328125,198.7899932861328,141.58999633789062,390.54998779296875,178.41000366210938,125.27999877929688,1403.5443115234375,82.51000213623047,323.9765625,429.6700134277344,335.5179748535156,242.9600067138672,154.3127899169922,51.9844970703125,26.375934600830078,46.9900016784668,164.8326416015625,1059.6068115234375,59.44902801513672,497.54998779296875,74.7300033569336,128.6677703857422,110.33805847167969,772.7288818359375,322.9858093261719,299.4599914550781,287.59716796875,44.68000030517578,96.07292175292969,280.6600036621094,30.787639617919922,294.46728515625,164.32000732421875,109.7538833618164,1017.0042724609375,121.44000244140625,188.75950622558594,107.41000366210938,76.15093994140625,180.30853271484375,599.6075439453125,211.6886444091797,104.64813232421875,127.10166931152344,112.56999969482422,60.803955078125,102.61614990234375,107.48584747314453,343.2784729003906,119.79984283447266,946.3262329101562,386.97064208984375,43.1053581237793,93.34284210205078,13.944231986999512,85.55999755859375,103.94000244140625,314.5591125488281,801.23583984375,153.09864807128906,80.7135238647461,305.6206359863281,305.32257080078125,896.4506225585938,29.549999237060547,385.56097412109375,250.5240936279297,75.97000122070312,38.970001220703125,260.4630126953125,151.22799682617188,74.37256622314453,46.790000915527344,396.4135437011719,485.8399963378906,261.87030029296875,240.7779083251953,299.6595458984375,23.95639991760254,146.03660583496094,77.64141845703125,70.45636749267578,18.47735595703125,477.87860107421875,562.739990234375,1038.2127685546875,644.936767578125,286.01708984375,235.08253479003906,516.604736328125,323.56573486328125,932.942138671875,368.3999938964844,97.80184936523438,647.449951171875,1988.260009765625,76.72209167480469,638.6307983398438,170.93597412109375,72.37999725341797,65.16715240478516,119.65689086914062,78.5512924194336,170.2351531982422,399.5407409667969,133.8800048828125,411.42388916015625,92.4873275756836,76.87000274658203,62.15754699707031,107.08000183105469,182.58729553222656,47.816341400146484,159.02938842773438,166.9499969482422,162.75820922851562,27.132137298583984,158.87368774414062,204.33348083496094,136.86756896972656,131.41000366210938,184.32278442382812,40.036407470703125,139.28794860839844,54.54999923706055,198.57057189941406,201.03526306152344,93.24347686767578,31.097198486328125,68.95999908447266,367.12420654296875,30.540000915527344,182.2899932861328,437.0899963378906,93.43636322021484,19.610000610351562,23.190000534057617,385.65875244140625,678.1461181640625,364.0902099609375,28.01768684387207,67.49237823486328,114.6765365600586,153.95574951171875,503.8163757324219,27.329999923706055,152.9519805908203,417.44000244140625,364.4770202636719,25.809999465942383,225.0166778564453,69.98999786376953,289.2760314941406,257.9844665527344,115.65049743652344,13.229999542236328,51.90999984741211,313.4302062988281,174.11000061035156,87.1006088256836,199.2234649658203,92.77183532714844,15.284378051757812,234.42543029785156,491.4700012207031,171.01690673828125,57.68144607543945,47.47446823120117,86.48554992675781,133.36126708984375,53.61056900024414,51.206485748291016,173.25570678710938,156.3350067138672,147.44918823242188
2026-02-17,263.6371154785156,230.94406127929688,111.56011199951172,215.4503173828125,260.45001220703125,335.5374450683594,209.74256896972656,210.14402770996094,358.2373352050781,203.0800018310547,370.56170654296875,201.14999389648438,142.5800018310547,376.3800048828125,168.7899932861328,126.88999938964844,1416.6856689453125,83.02999877929688,331.31951904296875,431.94000244140625,342.5066833496094,244.0399932861328,154.01551818847656,52.172454833984375,26.82480239868164,45.119998931884766,164.81472778320312,1060.75390625,59.06731033325195,503.4100036621094,76.29000091552734,130.18373107910156,113.24430847167969,763.3068237304688,329.8838806152344,283.4599914550781,302.13507080078125,43.90999984741211,95.0592269897461,286.6600036621094,30.76813507080078,294.6227111816406,166.02000427246094,107.14374542236328,1010.5836181640625,124.80000305175781,183.35699462890625,103.57125091552734,76.15093994140625,178.91131591796875,597.5390625,205.49472045898438,104.63821411132812,125.62444305419922,112.08000183105469,60.55524826049805,102.59646606445312,111.35867309570312,341.27899169921875,118.82738494873047,942.1497192382812,389.197509765625,43.173980712890625,91.37354278564453,13.954108238220215,81.69000244140625,100.25,326.1976013183594,818.2368774414062,153.38511657714844,80.8528823852539,302.4248352050781,301.6273498535156,907.2459106445312,28.420000076293945,377.6634521484375,251.84219360351562,75.44000244140625,38.38999938964844,256.4227294921875,152.37998962402344,74.09479522705078,46.18000030517578,376.3348083496094,493.3500061035156,261.9499816894531,240.6592254638672,304.19580078125,22.971097946166992,146.8315887451172,78.50979614257812,70.70348358154297,18.190807342529297,479.0906982421875,600.4199829101562,1034.2696533203125,641.9718627929688,279.81683349609375,235.1324462890625,520.16259765625,323.6052551269531,944.6394653320312,354.3599853515625,94.77412414550781,648.5445556640625,1975.510009765625,77.98243713378906,638.1516723632812,166.757568359375,74.33999633789062,64.47913360595703,119.81456756591797,78.95099639892578,170.62306213378906,395.1004943847656,128.6699981689453,399.5506591796875,91.4125747680664,77.0,63.82151412963867,105.91000366210938,184.7446746826172,47.623416900634766,152.9021759033203,163.5,158.81529235839844,26.925548553466797,158.35755920410156,207.70022583007812,139.6251983642578,133.02000427246094,180.52838134765625,40.55313491821289,141.19857788085938,53.5,201.98497009277344,198.0275421142578,94.83415222167969,30.910280227661133,67.55999755859375,366.17877197265625,30.110000610351562,177.10000610351562,421.95001220703125,91.24451446533203,19.510000228881836,22.81999969482422,386.5157165527344,679.2402954101562,367.2034606933594,28.00792121887207,67.09699249267578,115.44923400878906,156.45755004882812,500.5928039550781,27.65999984741211,153.001708984375,410.6300048828125,362.328125,25.260000228881836,224.54905700683594,70.52999877929688,285.23077392578125,260.0825500488281,113.59515380859375,12.760000228881836,51.31999969482422,318.8390197753906,176.82000732421875,87.62104797363281,196.40684509277344,93.654541015625,15.372727394104004,243.42140197753906,477.32000732421875,173.20083618164062,57.721397399902344,47.39698028564453,86.90316009521484,128.34117126464844,53.018733978271484,51.75175857543945,174.16091918945312,156.03753662109375,145.20443725585938
2026-02-18,264.106689453125,226.83811950683594,112.58369445800781,219.09521484375,263.1700134277344,344.3456726074219,213.80787658691406,207.28363037109375,368.38201904296875,200.1199951171875,376.88397216796875,204.7899932861328,139.5399932861328,404.3900146484375,176.77999877929688,127.23999786376953,1465.5189208984375,84.43000030517578,332.28594970703125,430.1199951171875,344.2066345214844,238.92999267578125,154.35243225097656,52.78578186035156,27.234638214111328,44.90999984741211,169.98353576660156,1080.1263427734375,58.46049499511719,499.07000732421875,76.27999877929688,131.6798553466797,115.72258758544922,750.5410766601562,327.2995910644531,305.010009765625,293.200927734375,43.43000030517578,94.98966217041016,291.3999938964844,30.816898345947266,293.9620056152344,164.0500030517578,109.70470428466797,994.6367797851562,127.91000366210938,186.8392791748047,103.94000244140625,77.46884155273438,182.20118713378906,590.0106201171875,207.6855010986328,106.28559112548828,124.16703033447266,112.45999908447266,60.873592376708984,102.71459197998047,110.82243347167969,342.7241516113281,121.32796478271484,914.705810546875,378.152587890625,43.25240707397461,90.88618469238281,13.677594184875488,80.69000244140625,102.55999755859375,328.69085693359375,816.638671875,150.88584899902344,83.29180908203125,303.5433654785156,302.9356689453125,924.76611328125,28.979999542236328,378.1366882324219,250.27499389648438,75.20999908447266,37.540000915527344,258.8846130371094,154.11790466308594,74.4916000366211,45.459999084472656,386.65704345703125,500.760009765625,262.8960266113281,242.30101013183594,305.8300476074219,23.13531494140625,147.84130859375,78.44071960449219,70.55521392822266,18.655210494995117,482.1308288574219,594.260009765625,1018.8062133789062,642.19921875,280.7821960449219,239.63388061523438,526.192138671875,323.8719482421875,945.1384887695312,363.07000732421875,96.81881713867188,651.400390625,2009.050048828125,78.61756896972656,642.0746459960938,163.3253173828125,77.0,64.70201110839844,119.90327453613281,79.03092956542969,175.6460723876953,397.8283386230469,125.19999694824219,420.70855712890625,89.94342803955078,77.98999786376953,64.54027557373047,107.80999755859375,187.75099182128906,47.488372802734375,155.0869140625,152.35000610351562,161.23793029785156,26.925548553466797,155.6876678466797,203.08468627929688,137.517578125,135.3800048828125,179.56504821777344,41.18910598754883,141.80245971679688,54.38999938964844,203.28521728515625,201.6938018798828,95.2020034790039,31.04800796508789,67.66999816894531,364.00921630859375,29.709999084472656,176.0800018310547,442.30999755859375,90.29239654541016,19.540000915527344,22.5,394.92498779296875,682.662109375,375.2998962402344,27.226667404174805,67.54180145263672,114.57746887207031,156.71669006347656,512.5390014648438,27.670000076293945,154.14537048339844,411.32000732421875,360.3981018066406,25.5,222.1910400390625,72.7699966430664,284.3526916503906,262.2597961425781,114.19503784179688,13.729999542236328,52.9900016784668,319.6373596191406,181.25,87.91564178466797,198.51683044433594,92.55607604980469,15.372727394104004,243.10154724121094,470.30999755859375,170.0994415283203,57.88121032714844,46.544551849365234,88.05656433105469,126.11997985839844,54.03471755981445,52.13841247558594,174.1211395263672,156.3350067138672,149.66415405273438
2026-02-19,260.3401184082031,222.5040740966797,111.49054718017578,210.6100616455078,259.2099914550781,343.2818908691406,212.58729553222656,201.13729858398438,369.37078857421875,203.3699951171875,372.6856689453125,204.86000061035156,137.22999572753906,412.0,176.3800048828125,126.93000030517578,1455.7503662109375,86.4000015258789,332.76416015625,441.1199951171875,340.6377258300781,233.7100067138672,152.8660888671875,52.20213317871094,26.58085060119629,46.630001068115234,159.5321044921875,1069.268310546875,59.01837921142578,496.94000244140625,75.72000122070312,124.60542297363281,115.0059814453125,759.0848999023438,327.17034912109375,296.5899963378906,290.8178405761719,44.130001068115234,93.39954376220703,291.3299865722656,30.602346420288086,295.2834167480469,165.94000244140625,110.76681518554688,986.3887329101562,130.66000366210938,184.35194396972656,105.53500366210938,77.84539031982422,183.10292053222656,658.3629760742188,210.36422729492188,105.19395446777344,125.287353515625,111.11000061035156,60.724369049072266,102.42911529541016,110.96145629882812,344.6444396972656,122.9156494140625,908.5599365234375,375.1104736328125,43.017127990722656,90.70716094970703,13.608464241027832,81.66999816894531,104.23999786376953,333.8369445800781,833.6796264648438,149.28549194335938,81.10175323486328,303.1638488769531,302.456298828125,907.85009765625,28.739999771118164,373.2660217285156,249.89097595214844,75.6500015258789,38.06999969482422,254.40756225585938,153.0453643798828,74.33287811279297,44.619998931884766,378.6871032714844,499.5299987792969,263.5035400390625,244.19993591308594,305.1070251464844,23.173954010009766,146.80264282226562,77.8683853149414,70.16972351074219,18.43783187866211,486.9294738769531,635.6400146484375,1021.4616088867188,658.70361328125,276.8510437011719,236.93902587890625,518.498291015625,323.10150146484375,935.3275756835938,355.8900146484375,95.92426300048828,651.2710571289062,1996.550048828125,77.5060806274414,643.6318969726562,164.2008056640625,76.0,65.88422393798828,120.10037994384766,79.55054473876953,173.4379425048828,397.5988464355469,129.4499969482422,417.110595703125,90.35755157470703,77.0,64.5993423461914,107.37000274658203,187.6710968017578,46.735965728759766,155.454345703125,150.99000549316406,161.43408203125,26.423830032348633,157.3749542236328,201.57614135742188,136.93649291992188,134.88999938964844,180.3809356689453,41.467342376708984,139.85223388671875,54.15999984741211,203.88075256347656,196.8382110595703,95.24176788330078,31.057846069335938,67.8499984741211,355.898193359375,32.15999984741211,179.1999969482422,442.44000244140625,94.26947021484375,19.299999237060547,22.25,392.3730163574219,680.8616333007812,370.66485595703125,27.226667404174805,67.34410858154297,114.57746887207031,155.99903869628906,514.095947265625,27.639999389648438,151.4602508544922,411.7099914550781,358.5377197265625,25.239999771118164,216.9476776123047,72.94000244140625,286.0595703125,260.25079345703125,113.62464904785156,13.319999694824219,53.91999816894531,318.2701721191406,182.57000732421875,87.53267669677734,198.29786682128906,92.35990905761719,15.245112419128418,242.9516143798828,469.2699890136719,172.02410888671875,57.521636962890625,47.116065979003906,87.07218933105469,124.37689208984375,54.42927932739258,51.70219039916992,175.41432189941406,155.928466796875,149.95220947265625
2026-02-20,264.3364562988281,222.9602813720703,111.51042175292969,211.00198364257812,258.6099853515625,352.95501708984375,211.1107940673828,204.2550048828125,374.9139099121094,200.14999389648438,371.9412841796875,210.11000061035156,132.7899932861328,418.67999267578125,172.22999572753906,125.58000183105469,1466.3870849609375,80.19999694824219,331.4291076660156,433.9100036621094,344.14697265625,232.02999877929688,153.04444885253906,52.489009857177734,27.000446319580078,46.20000076293945,162.29244995117188,1081.490966796875,59.370723724365234,498.20001220703125,74.58000183105469,120.1566390991211,115.453857421875,758.2963256835938,329.615478515625,296.2799987792969,293.9886474609375,48.31999969482422,94.50267791748047,292.69000244140625,30.563339233398438,299.3447570800781,171.35000610351562,109.71463775634766,983.8424072265625,124.05999755859375,184.22259521484375,97.1500015258789,78.47956085205078,182.26063537597656,658.8502807617188,208.62156677246094,104.77715301513672,125.69384002685547,112.94000244140625,62.01764678955078,103.265869140625,113.43411254882812,339.44775390625,122.13172912597656,918.535888671875,371.1935729980469,43.4484748840332,90.97570037841797,13.835601806640625,80.0,106.26000213623047,342.2940979003906,829.4144287109375,149.56210327148438,81.1415786743164,314.4890441894531,314.5705261230469,913.3864135742188,26.389999389648438,376.884521484375,253.21221923828125,76.11000061035156,38.41999816894531,255.28114318847656,152.946044921875,75.83084869384766,44.11000061035156,377.7044677734375,504.04998779296875,263.5134582519531,239.8284454345703,307.82086181640625,23.570005416870117,149.40931701660156,78.78610229492188,71.06920623779297,18.497116088867188,493.2879638671875,667.77001953125,1007.7852172851562,650.5502319335938,279.0206298828125,244.45469665527344,524.62744140625,325.195556640625,945.6475219726562,344.55999755859375,95.21647644042969,655.3607788085938,1996.8699951171875,78.49848175048828,654.4925537109375,166.20045471191406,75.58000183105469,65.47724151611328,120.49461364746094,79.42064666748047,174.47238159179688,396.37152099609375,131.0500030517578,427.92437744140625,90.8899917602539,78.66999816894531,64.39258575439453,104.2699966430664,189.58877563476562,45.742401123046875,147.0530242919922,148.6999969482422,161.7773895263672,26.217239379882812,159.578369140625,203.8839111328125,139.36912536621094,135.24000549316406,180.2826385498047,41.38784408569336,141.44607543945312,50.20000076293945,204.0699462890625,199.12840270996094,96.92191314697266,31.097198486328125,67.4800033569336,358.90374755859375,32.41999816894531,172.5,439.94000244140625,93.525634765625,19.020000457763672,21.93000030517578,393.13580322265625,685.7855834960938,378.1943054199219,27.324323654174805,67.2650375366211,115.59783172607422,157.7134246826172,509.91424560546875,27.06999969482422,156.2238311767578,411.82000732421875,368.63555908203125,25.100000381469727,218.6191864013672,73.86000061035156,286.1286315917969,263.3484191894531,114.79492950439453,13.170000076293945,54.36000061035156,320.2860107421875,180.30999755859375,88.38699340820312,199.8106689453125,93.05626678466797,15.362910270690918,243.6413116455078,476.8999938964844,170.92713928222656,58.46051788330078,47.70695495605469,88.19576263427734,122.50431823730469,54.13336181640625,52.03927230834961,176.29965209960938,155.49220275878906,146.28707885742188
2026-02-23,265.9349670410156,227.59185791015625,114.57122039794922,197.11807250976562,246.67999267578125,353.0743408203125,202.5076904296875,204.0471649169922,373.086181640625,196.60000610351562,376.5763244628906,205.27000427246094,127.43000030517578,380.6199951171875,163.3300018310547,123.77999877929688,1482.7513427734375,83.9000015258789,329.1275939941406,423.44000244140625,319.35345458984375,230.44000244140625,151.3896484375,50.520423889160156,26.41496467590332,41.939998626708984,154.09341430664062,1059.1123046875,59.948184967041016,494.0899963378906,74.37000274658203,112.66604614257812,110.22857666015625,755.0325317382812,331.3747863769531,279.79998779296875,292.95166015625,49.220001220703125,96.5002670288086,296.67999267578125,30.846153259277344,305.0870056152344,160.24000549316406,109.06942749023438,984.5913696289062,124.05000305175781,177.25804138183594,87.5824966430664,77.03284454345703,183.23175048828125,643.2863159179688,210.0355987548828,103.61605072021484,126.6951904296875,106.13500213623047,61.331214904785156,102.84256744384766,112.23253631591797,332.4594421386719,121.36766052246094,935.8851318359375,359.92987060546875,43.03673553466797,90.89613342285156,13.470208168029785,75.5999984741211,110.29000091552734,338.0754699707031,830.7728881835938,148.01116943359375,79.29993438720703,311.2832336425781,311.0850524902344,883.7437133789062,24.030000686645508,371.6983642578125,252.2677459716797,71.77999877929688,36.54999923706055,221.71815490722656,153.03543090820312,75.03722381591797,43.630001068115234,356.86151123046875,492.1000061035156,259.4105224609375,243.1416778564453,294.82623291015625,23.705245971679688,148.5763702392578,79.49659729003906,67.94572448730469,18.72437858581543,494.95703125,674.72998046875,1056.740966796875,652.882568359375,273.0492858886719,241.8097381591797,494.350341796875,330.460205078125,947.4141235351562,305.3699951171875,96.93678283691406,643.927490234375,1864.4599609375,74.66783142089844,636.1153564453125,165.48416137695312,70.125,66.84357452392578,122.0320816040039,77.73190307617188,165.90841674804688,383.6390686035156,123.70999908447266,420.728515625,92.74368286132812,76.0199966430664,62.1181640625,100.80000305175781,191.316650390625,38.227996826171875,140.32997131347656,144.13999938964844,165.0925750732422,26.620580673217773,163.93556213378906,203.49429321289062,138.61077880859375,130.60000610351562,184.0377197265625,43.772735595703125,139.00086975097656,47.2599983215332,201.0823974609375,193.34889221191406,94.22770690917969,31.018497467041016,71.5,362.5263366699219,30.709999084472656,157.60000610351562,420.82000732421875,94.39839935302734,18.219999313354492,21.670000076293945,381.1763610839844,678.7827758789062,382.6702575683594,27.851669311523438,67.19583892822266,112.27918243408203,157.17520141601562,515.4132690429688,25.06999969482422,152.12655639648438,399.8299865722656,368.1380920410156,24.170000076293945,218.74851989746094,70.72000122070312,278.5708923339844,261.0326232910156,113.11326599121094,12.510000228881836,53.439998626708984,305.8858642578125,172.1699981689453,87.87635803222656,196.45660400390625,93.06607818603516,15.27456283569336,245.31056213378906,481.010009765625,167.33706665039062,57.9910774230957,48.12348175048828,84.66595458984375,125.31317901611328,54.399688720703125,50.29438018798828,173.91224670410156,157.1976318359375,149.74362182617188
2026-02-24,271.8895263671875,226.5604248046875,113.86564636230469,192.75791931152344,255.1699981689453,354.0088195800781,202.4584503173828,207.66964721679688,377.46075439453125,213.83999633789062,380.00042724609375,208.55999755859375,128.77000427246094,393.2200012207031,166.25999450683594,128.13999938964844,1494.53564453125,85.81999969482422,324.2953796386719,442.510009765625,318.5979309082031,233.38999938964844,151.71664428710938,49.867523193359375,26.463756561279297,42.4900016784668,161.96482849121094,1069.040771484375,60.29074478149414,494.510009765625,75.1500015258789,115.34126281738281,109.04417419433594,766.7702026367188,334.81390380859375,290.6300048828125,311.7372741699219,50.720001220703125,97.50403594970703,296.3500061035156,30.826648712158203,309.9742431640625,162.02999877929688,109.7741928100586,996.9833374023438,120.83000183105469,184.48129272460938,87.5625,77.42920684814453,183.6578369140625,640.9989013671875,208.3128662109375,105.24357604980469,127.35945129394531,109.43000030517578,62.296199798583984,103.02960968017578,114.48673248291016,323.818115234375,122.7469482421875,942.08056640625,372.36663818359375,43.085750579833984,90.73699951171875,14.023236274719238,75.2300033569336,110.69999694824219,344.7075500488281,878.7493286132812,145.84774780273438,80.92256927490234,310.5142517089844,310.495849609375,893.608154296875,24.93000030517578,379.083251953125,252.8385772705078,73.38999938964844,36.529998779296875,227.64454650878906,154.28672790527344,76.17806243896484,46.119998931884766,356.0278015136719,494.0199890136719,262.23876953125,244.87173461914062,294.459716796875,23.93708038330078,150.4729461669922,79.65448760986328,67.87653350830078,18.78366470336914,500.7293395996094,688.27001953125,1040.359130859375,656.64794921875,277.25909423828125,243.78598022460938,496.3136901855469,328.96868896484375,955.5084228515625,312.510009765625,95.10834503173828,649.997314453125,1922.56005859375,74.7670669555664,638.1616821289062,165.60354614257812,75.33999633789062,67.10520935058594,122.14049530029297,78.33145904541016,167.88775634765625,388.1593017578125,124.61000061035156,417.7702331542969,94.34101104736328,78.04000091552734,63.102752685546875,102.48999786376953,192.61508178710938,37.224788665771484,145.12648010253906,141.6699981689453,166.28916931152344,26.699281692504883,164.04473876953125,205.88198852539062,138.1774444580078,128.83999633789062,183.82144165039062,46.72404479980469,143.32701110839844,51.040000915527344,197.6367645263672,193.1031494140625,95.9476318359375,31.126710891723633,73.94999694824219,362.984130859375,31.1299991607666,161.05999755859375,440.7200012207031,95.02322387695312,18.65999984741211,21.600000381469727,393.8797302246094,683.7164916992188,379.28839111328125,27.685653686523438,66.19749450683594,114.43877410888672,157.14529418945312,514.574951171875,25.56999969482422,153.65805053710938,409.3800048828125,383.7673645019531,24.940000534057617,212.2714385986328,71.37999725341797,270.29290771484375,263.9026184082031,113.45747375488281,13.020000457763672,54.95000076293945,306.58441162109375,175.7899932861328,88.1120376586914,198.38743591308594,93.30146026611328,15.411993980407715,253.037109375,487.42999267578125,171.1465301513672,58.61034393310547,48.29784393310547,84.08924865722656,126.24947357177734,54.35036849975586,50.542236328125,176.0509490966797,156.53329467773438,148.25372314453125
2026-02-25,273.97760009765625,225.0529327392578,114.04452514648438,187.63351440429688,257.80999755859375,358.6913146972656,210.8942413330078,207.18466186523438,394.4596252441406,210.86000061035156,381.4494934082031,210.63999938964844,132.88999938964844,421.6300048828125,166.69000244140625,131.74000549316406,1523.18310546875,82.36000061035156,331.0903625488281,520.1799926757812,325.1690979003906,230.36000061035156,150.89419555664062,51.133750915527344,26.60036849975586,43.20000076293945,165.724365234375,1081.62939453125,59.99712371826172,493.989990234375,73.4800033569336,117.1346435546875,113.80167388916016,765.1532592773438,332.5178527832031,301.8399963378906,324.8991394042969,50.61000061035156,96.07292175292969,293.9800109863281,30.0269718170166,298.6354675292969,183.94000244140625,109.19847869873047,993.3186645507812,123.45999908447266,190.77923583984375,90.82749938964844,78.4002914428711,182.54800415039062,620.1838989257812,208.6414794921875,104.25118255615234,127.8254165649414,111.6500015258789,62.98263168334961,104.0140380859375,112.13323211669922,327.1539001464844,121.55619812011719,955.792724609375,371.3426513671875,43.477882385253906,91.94046020507812,14.250373840332031,77.3499984741211,111.16000366210938,341.9649658203125,875.0335083007812,145.3340606689453,82.05741119384766,312.6214599609375,312.49322509765625,912.53466796875,25.969999313354492,370.2983093261719,251.37515258789062,77.52999877929688,39.22999954223633,235.80447387695312,159.22238159179688,76.95184326171875,46.880001068115234,378.3794250488281,506.1700134277344,263.48358154296875,243.76808166503906,300.4023742675781,23.71973419189453,154.47084045410156,79.40779113769531,69.06266784667969,18.54652214050293,504.97161865234375,723.3900146484375,1027.06201171875,639.916259765625,261.76348876953125,249.00604248046875,507.6651306152344,328.92919921875,961.3770751953125,314.989990234375,95.01004791259766,652.4054565429688,1767.7099609375,74.73729705810547,652.5260009765625,164.68826293945312,74.30999755859375,67.54126739501953,120.69171905517578,80.85956573486328,172.80136108398438,399.7342224121094,135.64999389648438,428.75390625,93.77899169921875,82.69999694824219,62.42338943481445,104.2300033569336,195.32176208496094,36.80999755859375,146.8643341064453,144.83999633789062,165.92626953125,26.650094985961914,162.16885375976562,204.3434600830078,137.91151428222656,134.19000244140625,186.57386779785156,47.02215576171875,144.35658264160156,52.15999984741211,195.1670379638672,194.86256408691406,97.3593521118164,30.998821258544922,73.7300033569336,355.5399475097656,33.599998474121094,169.2100067138672,449.1700134277344,95.13232421875,19.290000915527344,21.40999984741211,399.8356018066406,689.4859008789062,381.9739685058594,27.216901779174805,66.09864807128906,115.35017395019531,155.31130981445312,512.6587524414062,26.809999465942383,156.0547637939453,417.3999938964844,385.7371826171875,25.15999984741211,212.8186492919922,72.83000183105469,280.40606689453125,261.5175476074219,111.9626693725586,12.979999542236328,55.189998626708984,312.34246826171875,176.4600067138672,88.85832977294922,198.6959686279297,93.04646301269531,15.569058418273926,262.0730895996094,483.04998779296875,174.87620544433594,58.93994903564453,47.68758010864258,86.26679992675781,125.25341796875,54.12349319458008,51.42459487915039,174.67820739746094,156.49365234375,148.05508422851562
2026-02-26,272.6987609863281,222.84127807617188,115.5351791381836,203.19290161132812,259.0400085449219,352.2790222167969,214.9398651123047,210.5795135498047,375.2535095214844,203.67999267578125,376.4869689941406,207.9199981689453,130.25,444.92999267578125,176.64999389648438,129.25999450683594,1460.6097412109375,85.76000213623047,320.519287109375,550.1900024414062,333.35076904296875,229.41000366210938,146.70269775390625,51.737186431884766,26.766254425048828,43.56999969482422,169.19810485839844,1078.1583251953125,59.80137252807617,502.6700134277344,75.75,116.86711883544922,115.6429672241211,751.499267578125,335.87744140625,297.6000061035156,322.625732421875,54.119998931884766,96.94749450683594,279.1600036621094,30.08548355102539,307.46746826171875,181.05999755859375,109.88337707519531,985.310302734375,114.4800033569336,198.46014404296875,95.2750015258789,77.38957214355469,182.48855590820312,616.0567626953125,208.48214721679688,104.74738311767578,128.1228485107422,117.44999694824219,62.38573455810547,103.92543029785156,111.12034606933594,319.7696228027344,120.1967544555664,943.354248046875,372.396484375,43.683753967285156,91.9802474975586,14.230622291564941,79.19999694824219,113.88999938964844,339.9205017089844,875.4830322265625,142.02471923828125,80.4248275756836,306.7491455078125,306.9804382324219,920.08154296875,27.889999389648438,369.82501220703125,250.00515747070312,79.44999694824219,38.2599983215332,240.2418212890625,161.7646942138672,76.20781707763672,45.459999084472656,391.4707946777344,506.8800048828125,264.88775634765625,242.0778045654297,303.20538330078125,23.734224319458008,152.2366943359375,79.43739318847656,69.57666015625,18.77378273010254,495.27496337890625,677.0,1020.2637329101562,634.114990234375,263.126953125,238.61582946777344,513.0269165039062,330.43060302734375,972.5653686523438,336.6099853515625,95.38359069824219,654.8931274414062,1740.8800048828125,75.36251068115234,655.8401489257812,165.31503295898438,75.5999984741211,67.31838989257812,117.57735443115234,79.23078918457031,176.54127502441406,400.851806640625,133.39999389648438,415.3216247558594,90.70264434814453,84.58999633789062,62.96491622924805,109.30000305175781,184.66476440429688,36.289100646972656,149.26756286621094,149.39999389648438,164.36676025390625,26.659931182861328,162.5261688232422,211.5265655517578,140.50173950195312,135.94000244140625,184.3129425048828,45.24342346191406,144.12887573242188,54.33000183105469,196.81019592285156,201.1826934814453,97.50848388671875,30.998821258544922,75.73999786376953,358.77435302734375,32.279998779296875,173.05999755859375,426.0,95.55879211425781,19.100000381469727,22.59000015258789,412.9366149902344,685.6561889648438,383.99310302734375,26.81650733947754,64.84329223632812,113.71561431884766,158.17193603515625,519.0859985351562,27.75,159.60508728027344,408.5799865722656,374.8733215332031,23.950000762939453,211.55508422851562,74.80000305175781,282.8332214355469,262.70513916015625,114.69657897949219,13.850000381469727,54.869998931884766,316.0448303222656,182.86000061035156,88.7994155883789,202.8263397216797,93.6839599609375,15.117496490478516,259.1144104003906,480.1300048828125,176.3321990966797,58.200828552246094,47.35823440551758,85.80941772460938,123.92866516113281,54.301048278808594,52.0491828918457,175.77243041992188,156.08712768554688,147.53857421875
2026-02-27,263.93682861328125,230.17047119140625,115.6246109008789,204.50584411621094,262.4100036621094,353.7106018066406,211.0025177001953,212.3214874267578,371.8377380371094,200.2100067138672,385.25079345703125,210.0,133.5,434.7699890136719,177.75999450683594,127.44999694824219,1447.398681640625,79.19000244140625,318.377197265625,542.4000244140625,307.0859069824219,227.52999877929688,142.7985382080078,49.29376983642578,25.89779281616211,44.5099983215332,168.76377868652344,1051.418701171875,61.04438018798828,504.95001220703125,76.8499984741211,112.32917022705078,109.67121887207031,741.4185180664062,338.79962158203125,301.3999938964844,328.927490234375,53.61000061035156,98.52767181396484,277.6300048828125,30.1927547454834,310.4308776855469,175.85000610351562,112.6230239868164,1009.325439453125,112.2699966430664,193.80384826660156,92.99500274658203,78.73719787597656,185.06495666503906,626.2504272460938,209.75677490234375,105.23365020751953,129.72897338867188,101.0,62.25640869140625,103.73838806152344,109.0483627319336,316.7506408691406,123.12403106689453,969.465087890625,373.7187194824219,43.46807861328125,91.87084197998047,13.914606094360352,79.02999877929688,115.83999633789062,341.336669921875,872.6261596679688,147.14183044433594,78.35423278808594,311.0235595703125,311.354736328125,851.3180541992188,26.299999237060547,375.3760070800781,254.072998046875,75.8499984741211,37.189998626708984,238.45498657226562,162.9961395263672,76.14830017089844,45.61000061035156,405.9715270996094,503.510009765625,260.3267517089844,247.00942993164062,297.4310607910156,23.772865295410156,152.2606658935547,80.4833984375,65.99848175048828,18.89235496520996,504.7828674316406,700.9099731445312,1050.18212890625,650.372314453125,263.30609130859375,233.44566345214844,515.4586791992188,336.88055419921875,985.4603881835938,328.4700012207031,96.0029067993164,649.5993041992188,1757.5799560546875,71.52194213867188,647.0258178710938,164.46942138671875,72.63999938964844,66.9017105102539,122.0320816040039,81.62899017333984,165.6199493408203,391.8912048339844,129.5,412.1334533691406,93.08817291259766,96.23999786376953,61.2221794128418,108.01000213623047,176.97415161132812,36.125118255615234,144.3916015625,148.9199981689453,166.4853515625,27.201000213623047,165.95037841796875,213.4547119140625,140.41310119628906,137.19000244140625,183.6543426513672,45.91914367675781,140.93128967285156,51.959999084472656,201.7794952392578,198.08651733398438,97.4488296508789,31.254602432250977,73.87000274658203,360.8543701171875,32.38999938964844,168.41000366210938,414.0,96.58032989501953,17.760000228881836,23.059999465942383,417.0802001953125,682.3637084960938,385.3855895996094,27.353620529174805,64.942138671875,112.7249755859375,161.13223266601562,520.073974609375,27.309999465942383,154.61276245117188,402.510009765625,372.6547546386719,23.81999969482422,211.03770446777344,75.41999816894531,289.3549499511719,263.6104431152344,114.03768920898438,13.420000076293945,54.34000015258789,319.4776916503906,182.00999450683594,88.54409790039062,203.6723175048828,93.8507080078125,15.078230857849121,254.77633666992188,496.8299865722656,173.4102783203125,58.031028747558594,48.569068908691406,80.98697662353516,127.4447250366211,55.15920639038086,50.988372802734375,176.21011352539062,158.8435821533203,151.47189331054688
2026-03-02,264.476318359375,232.33253479003906,113.40851593017578,201.7721710205078,260.8800048828125,350.3503723144531,211.6029510498047,211.64503479003906,371.7178955078125,198.6199951171875,382.8092346191406,208.38999938964844,129.3000030517578,432.9800109863281,180.60000610351562,124.37000274658203,1420.4375,86.91999816894531,317.6498718261719,572.02001953125,305.6245422363281,229.74000549316406,141.2626495361328,49.27398681640625,26.346660614013672,44.189998626708984,166.39236450195312,1056.4423828125,61.015018463134766,480.1700134277344,76.22000122070312,114.27117156982422,110.92527770996094,750.8904418945312,340.68817138671875,303.3599853515625,326.21533203125,49.25,96.69903564453125,266.9800109863281,30.05622673034668,317.1933288574219,185.24000549316406,117.36775970458984,1001.3170776367188,114.22000122070312,191.97315979003906,96.21499633789062,78.69756317138672,187.87918090820312,627.4139404296875,205.13624572753906,103.53665924072266,130.50228881835938,100.81999969482422,61.18199157714844,101.6907958984375,99.80410766601562,291.08392333984375,127.6588134765625,961.34521484375,375.19000244140625,42.066200256347656,89.71256256103516,13.223320007324219,79.18000030517578,115.33999633789062,344.8072814941406,880.1976928710938,148.208740234375,77.40852355957031,305.9601745605469,306.12152099609375,857.9190063476562,26.190000534057617,365.6051025390625,258.7145080566406,78.77999877929688,39.19499969482422,237.62110900878906,163.6416473388672,74.82889556884766,45.5,415.926513671875,496.25,262.7167663574219,247.13868713378906,294.7172546386719,23.676265716552734,153.29933166503906,79.16109466552734,66.97704315185547,18.66509246826172,506.0346984863281,783.25,1016.2206420898438,672.2987670898438,255.9414520263672,230.56114196777344,519.23583984375,330.717041015625,989.8555297851562,325.010009765625,96.43544006347656,655.1119995117188,1777.0,72.68304443359375,652.396240234375,160.6292724609375,70.9800033569336,66.56255340576172,119.65689086914062,80.79961395263672,166.10733032226562,397.6886291503906,137.64999389648438,412.4333190917969,92.03588104248047,97.08999633789062,60.46891784667969,109.41999816894531,182.25770568847656,36.42414855957031,148.21490478515625,150.14999389648438,164.072509765625,26.817333221435547,162.2879638671875,213.2049560546875,140.56082153320312,145.1699981689453,180.6955108642578,45.342796325683594,139.61463928222656,53.689998626708984,211.27992248535156,192.66082763671875,96.19617462158203,31.343143463134766,73.98999786376953,355.1790771484375,31.829999923706055,170.3300018310547,424.6600036621094,96.43157196044922,18.389999389648438,22.690000534057617,418.2128601074219,682.751708984375,384.9479675292969,27.353620529174805,64.79386901855469,112.11077117919922,159.4178466796875,507.56890869140625,27.56999969482422,155.5575408935547,403.32000732421875,367.2128601074219,24.31999969482422,208.75929260253906,75.94999694824219,290.9928283691406,265.59014892578125,112.5232162475586,13.119999885559082,56.45000076293945,319.846923828125,181.4499969482422,86.67835235595703,213.89376831054688,94.08609008789062,14.901533126831055,257.63507080078125,486.0299987792969,165.53207397460938,57.172054290771484,48.41408157348633,82.11056518554688,126.59809112548828,56.26397705078125,50.85948944091797,177.96087646484375,157.18771362304688,153.1802978515625
2026-03-03,263.5072326660156,231.93582153320312,112.90169525146484,205.6522216796875,270.989990234375,338.0639953613281,212.88259887695312,212.49058532714844,350.8837890625,190.9499969482422,374.1744384765625,208.72999572753906,124.5999984741211,438.8900146484375,188.39999389648438,121.72000122070312,1357.973876953125,92.68000030517578,312.68817138671875,579.0900268554688,306.0122985839844,224.1199951171875,134.3560791015625,49.4322624206543,25.8587589263916,43.7400016784668,165.3609161376953,1040.89697265625,59.918827056884766,481.3599853515625,73.8499984741211,109.90165710449219,110.23853302001953,720.8077392578125,336.2550964355469,300.6300048828125,323.9319152832031,47.11000061035156,94.92008972167969,256.95001220703125,30.241518020629883,315.9010925292969,182.36000061035156,117.64569091796875,1006.309814453125,97.30000305175781,195.05746459960938,97.8550033569336,78.24174499511719,187.0567169189453,615.8179931640625,203.15457153320312,102.51448822021484,130.3040008544922,101.61000061035156,58.117916107177734,98.53079986572266,98.32980346679688,281.1458740234375,127.02374267578125,967.2261352539062,353.4779052734375,40.7525520324707,86.36077880859375,12.541908264160156,81.0999984741211,105.23999786376953,333.2386169433594,841.0614013671875,146.0354461669922,76.92073822021484,303.1638488769531,303.1853332519531,858.795166015625,26.700000762939453,361.76971435546875,254.34417724609375,76.06999969482422,38.70000076293945,243.48793029785156,163.6416473388672,71.2079849243164,43.099998474121094,430.1097106933594,497.4200134277344,258.1657409667969,245.3390350341797,297.3914489746094,23.396127700805664,143.95126342773438,78.2927017211914,66.5223617553711,17.933902740478516,498.4244079589844,694.4299926757812,1005.9982299804688,663.4765625,256.4689025878906,216.85723876953125,522.5445556640625,329.932373046875,994.5902709960938,252.72999572753906,95.06902313232422,643.8179931640625,1714.010009765625,72.11737823486328,653.91357421875,157.6645965576172,73.55999755859375,66.75635528564453,118.09969329833984,77.45211029052734,165.0629425048828,403.0570068359375,132.67999267578125,379.4621887207031,91.91675567626953,97.69999694824219,58.86328887939453,113.19000244140625,179.83065795898438,35.36306381225586,147.97657775878906,156.08999633789062,161.74795532226562,26.14837646484375,158.5262908935547,213.14501953125,138.86685180664062,147.22000122070312,174.90560913085938,46.088077545166016,136.74375915527344,53.869998931884766,205.66331481933594,192.97537231445312,96.11663818359375,31.07752227783203,77.98999786376953,347.9278564453125,30.68000030517578,165.7899932861328,424.32000732421875,95.99517822265625,18.610000610351562,21.579999923706055,419.0718078613281,676.7337036132812,382.5309753417969,27.998153686523438,63.676902770996094,119.66936492919922,159.18861389160156,507.08984375,29.110000610351562,153.5685577392578,392.42999267578125,351.3150329589844,25.0,201.6454315185547,76.36000061035156,285.34918212890625,264.4659729003906,111.35295104980469,13.130000114440918,52.0,320.166259765625,185.91000366210938,84.06632232666016,216.68052673339844,93.58589172363281,14.607036590576172,244.3310089111328,474.2699890136719,161.25390625,55.16443634033203,49.27619934082031,82.06084442138672,127.40489196777344,55.75104522705078,50.770263671875,174.51905822753906,155.41287231445312,150.80641174316406
2026-03-04,262.2783508300781,234.2466583251953,112.3948745727539,205.75999450683594,273.1199951171875,340.5771484375,213.7586669921875,213.05760192871094,357.3157958984375,202.07000732421875,376.4273986816406,216.82000732421875,134.8300018310547,482.80999755859375,188.25999450683594,124.11000061035156,1396.3201904296875,104.88999938964844,316.3645935058594,569.8099975585938,309.38232421875,227.30999755859375,132.05718994140625,49.75870895385742,25.93682289123535,43.63999938964844,169.33026123046875,1037.57421875,61.00523376464844,487.4800109863281,72.20999908447266,113.09209442138672,110.79589080810547,730.5791015625,332.1202697753906,305.42999267578125,321.91778564453125,45.56999969482422,94.69151306152344,270.6400146484375,31.294754028320312,310.91668701171875,208.92999267578125,114.79686737060547,1005.2813110351562,102.54000091552734,192.1024932861328,101.91999816894531,80.1343765258789,184.34158325195312,610.6664428710938,203.87155151367188,102.2564697265625,130.75015258789062,96.16999816894531,58.744659423828125,99.80070495605469,98.82787322998047,288.49053955078125,126.83521270751953,964.270751953125,352.38433837890625,41.272125244140625,88.11125946044922,12.65053939819336,82.79000091552734,105.87999725341797,338.8932800292969,840.3322143554688,146.4207000732422,78.2447280883789,303.0539855957031,302.7359619140625,863.4446411132812,25.049999237060547,363.928955078125,256.555419921875,82.20999908447266,41.439998626708984,248.23300170898438,165.14120483398438,71.89248657226562,45.58000183105469,436.84893798828125,501.17999267578125,260.67529296875,243.8973388671875,296.52978515625,23.222253799438477,147.40286254882812,77.0690689086914,66.72004699707031,17.973426818847656,495.9505615234375,680.7999877929688,1001.8453979492188,660.1582641601562,257.3844909667969,222.83303833007812,521.1492919921875,329.5052490234375,977.6290893554688,248.00999450683594,93.97785186767578,643.7483520507812,1769.030029296875,72.76243591308594,666.541015625,160.06219482421875,76.02999877929688,66.01020050048828,118.54319763183594,78.03166961669922,166.68423461914062,404.32427978515625,146.44000244140625,400.5400695800781,91.92668151855469,98.66000366210938,58.119937896728516,113.86000061035156,182.8170166015625,37.137969970703125,151.31326293945312,158.55999755859375,160.77694702148438,26.187726974487305,157.11691284179688,211.19688415527344,137.3107452392578,153.19000244140625,175.9967498779297,46.596397399902344,138.10989379882812,54.869998931884766,207.9537811279297,192.23818969726562,96.58390045166016,31.02833366394043,76.44999694824219,346.7709045410156,32.650001525878906,168.25999450683594,430.9800109863281,96.82827758789062,18.700000762939453,21.989999771118164,420.4970397949219,681.5082397460938,379.8454284667969,28.30088996887207,64.37871551513672,118.95610046386719,161.20199584960938,511.6707458496094,29.469999313354492,156.04483032226562,405.94000244140625,355.6028747558594,25.170000076293945,201.36683654785156,76.6500015258789,288.06243896484375,265.3215637207031,108.66819763183594,13.430000305175781,52.77000045776367,319.8070068359375,188.47999572753906,85.02864837646484,224.53321838378906,93.70358276367188,14.754283905029297,251.16793823242188,477.8900146484375,162.90933227539062,55.51402282714844,49.59585952758789,83.45288848876953,127.30528259277344,55.425537109375,51.057769775390625,175.04624938964844,155.7202606201172,148.80996704101562
2026-03-05,260.0504150390625,230.43826293945312,110.34771728515625,209.6792449951172,281.739990234375,328.8193359375,219.21188354492188,210.51101684570312,346.0997314453125,199.4499969482422,364.8448791503906,218.94000244140625,139.39999389648438,508.55999755859375,189.89999389648438,120.62000274658203,1365.377685546875,93.86000061035156,331.54864501953125,570.489990234375,305.40582275390625,222.05999755859375,129.1637725830078,49.27398681640625,26.26859474182129,45.130001068115234,183.64952087402344,1023.5023803710938,59.44902801513672,500.3999938964844,72.98999786376953,114.4891586303711,108.43704986572266,704.7383422851562,330.4504089355469,299.8399963378906,331.11114501953125,43.689998626708984,92.0976333618164,265.8299865722656,30.816898345947266,307.8172607421875,205.7100067138672,115.95823669433594,981.1463623046875,114.73999786376953,200.37042236328125,106.54000091552734,79.28219604492188,188.17645263671875,587.4447631835938,201.15301513671875,101.63125610351562,130.4824676513672,101.54000091552734,57.33200454711914,97.61529541015625,95.50074768066406,283.5710144042969,130.02047729492188,948.3096923828125,352.7124328613281,40.37022018432617,85.42585754394531,12.186389923095703,84.41999816894531,101.81999969482422,326.10784912109375,814.1015014648438,143.3780975341797,75.8555679321289,300.5173034667969,300.4888610839844,831.7941284179688,25.3700008392334,356.603271484375,248.63877868652344,80.55999755859375,40.38999938964844,254.6755828857422,162.86703491210938,70.3250732421875,45.95000076293945,463.2996520996094,496.70001220703125,255.6959991455078,238.259765625,290.74554443359375,23.405790328979492,142.75379943847656,76.01319885253906,65.8304443359375,18.032712936401367,486.8797912597656,650.8200073242188,981.5703125,650.7399291992188,253.49319458007812,214.52886962890625,522.8833618164062,325.2441711425781,930.3213500976562,263.92999267578125,91.43180847167969,634.83251953125,1780.3599853515625,72.38533020019531,659.393798828125,155.40628051757812,78.4800033569336,64.905517578125,114.39398956298828,75.62347412109375,161.68112182617188,409.79241943359375,139.80999755859375,396.8222351074219,90.46736907958984,99.16999816894531,57.50543975830078,120.37999725341797,183.11663818359375,37.68780517578125,153.71649169921875,163.16000366210938,157.61868286132812,26.177888870239258,152.83912658691406,210.37765502929688,135.76451110839844,152.6699981689453,166.8155059814453,47.48347473144531,136.49586486816406,55.880001068115234,203.0143585205078,196.07154846191406,98.11492919921875,30.75287628173828,76.91000366210938,334.5824890136719,32.2400016784668,177.4499969482422,442.29998779296875,96.40180969238281,19.25,21.3700008392334,425.7922058105469,677.70849609375,368.5163879394531,28.29112434387207,63.370479583740234,119.23348236083984,160.4046173095703,517.8085327148438,30.510000228881836,148.77513122558594,405.54998779296875,352.041259765625,29.790000915527344,196.97914123535156,75.44000244140625,284.9150390625,258.85516357421875,102.34479522705078,13.3100004196167,50.060001373291016,319.13836669921875,196.05999755859375,83.32003021240234,226.95172119140625,92.76203918457031,14.351805686950684,249.6386260986328,460.82000732421875,166.93817138671875,54.78488540649414,49.57648849487305,81.64323425292969,122.82305145263672,55.71158981323242,50.79008865356445,171.1567840576172,152.60684204101562,149.74362182617188
2026-03-06,257.2229919433594,228.2166748046875,108.87694549560547,210.6590576171875,283.6199951171875,314.94732666015625,222.6964569091797,211.2073516845703,324.3367919921875,192.42999267578125,366.7604064941406,213.2100067138672,132.88999938964844,502.1400146484375,191.1699981689453,114.37999725341797,1289.982421875,89.4749984741211,329.26708984375,574.010009765625,299.2323303222656,231.11000061035156,129.59976196289062,48.38858413696289,25.60504913330078,45.060001373291016,181.56076049804688,950.0960693359375,59.00859069824219,498.9800109863281,71.3499984741211,109.38643646240234,106.0284423828125,679.606201171875,326.0173645019531,296.94000244140625,318.13873291015625,42.91999816894531,92.98213195800781,249.52000427246094,31.119213104248047,308.0990295410156,197.22000122070312,116.20639038085938,996.65380859375,109.83000183105469,201.0867919921875,107.24749755859375,77.9246597290039,188.21609497070312,586.52978515625,194.68026733398438,100.76787567138672,131.36483764648438,101.91999816894531,57.02360534667969,96.74899291992188,92.36287689208984,286.69891357421875,130.39755249023438,932.5874633789062,345.7136535644531,40.01729965209961,84.31190490722656,11.998754501342773,83.66999816894531,101.37999725341797,322.2383117675781,788.3502197265625,142.18276977539062,75.04732513427734,297.91070556640625,298.1319274902344,817.8157348632812,24.90999984741211,352.89605712890625,245.41580200195312,77.08999633789062,38.599998474121094,256.95880126953125,165.04190063476562,69.92826080322266,43.41999816894531,477.5721435546875,490.1600036621094,249.850341796875,239.0253448486328,286.7144470214844,24.103151321411133,134.2836151123047,76.02306365966797,64.15998077392578,18.171045303344727,481.5943298339844,558.4400024414062,988.628173828125,667.40087890625,250.68666076660156,199.18968200683594,520.5712890625,325.85003662109375,918.2446899414062,270.4700012207031,89.35760498046875,620.006103515625,1787.8599853515625,71.28376770019531,643.7117309570312,152.6206817626953,78.69999694824219,64.45006561279297,114.11803436279297,89.50310516357422,159.41331481933594,408.0761413574219,133.52999877929688,370.08758544921875,90.35816955566406,99.0199966430664,56.50439453125,124.33999633789062,177.6033935546875,37.21514129638672,151.89918518066406,165.0500030517578,157.77008056640625,26.610742568969727,152.4818115234375,210.3976593017578,132.50457763671875,157.16000366210938,167.0907440185547,46.815677642822266,135.190673828125,57.16999816894531,208.88987731933594,198.79421997070312,98.41317749023438,30.624984741210938,80.25,329.0268859863281,31.309999465942383,180.47999572753906,437.4100036621094,96.67951965332031,18.899999618530273,21.479999542236328,426.9720458984375,668.82568359375,362.6081848144531,27.968856811523438,64.68514251708984,119.65945434570312,158.80984497070312,500.9720458984375,30.290000915527344,143.73951721191406,396.7300109863281,337.1482238769531,29.280000686645508,192.25314331054688,75.12999725341797,282.6556396484375,252.79661560058594,100.66313934326172,13.25,48.779998779296875,316.70343017578125,195.49000549316406,82.73084259033203,223.56781005859375,91.7518310546875,14.243824005126953,241.6721954345703,456.69000244140625,158.21231079101562,54.40534210205078,49.51836395263672,79.96283721923828,123.31111907958984,55.80036544799805,50.13575744628906,169.04791259765625,151.40708923339844,150.1905975341797
2026-03-09,259.6407775878906,225.5785675048828,111.94768524169922,205.1329345703125,282.44000244140625,318.836669921875,219.5465545654297,206.6016082763672,338.5191650390625,202.67999267578125,374.1446533203125,213.49000549316406,137.1699981689453,517.22998046875,189.7100067138672,117.62999725341797,1354.461669921875,89.76000213623047,344.4810485839844,559.0599975585938,303.58660888671875,225.0,131.43292236328125,47.652408599853516,25.15618133544922,44.470001220703125,177.1821746826172,952.3035888671875,59.341365814208984,497.20001220703125,71.9000015258789,109.63414001464844,106.0881576538086,703.480712890625,322.43914794921875,298.04998779296875,322.48895263671875,43.310001373291016,92.42559051513672,267.95001220703125,30.270774841308594,310.03253173828125,199.7899932861328,116.16668701171875,1003.8433837890625,115.9800033569336,197.78358459472656,108.53250122070312,75.51676177978516,187.7206268310547,596.1864624023438,197.9664306640625,100.886962890625,129.95700073242188,100.41999816894531,58.147762298583984,97.44793701171875,92.2732162475586,277.8892517089844,130.65554809570312,940.2594604492188,351.79779052734375,40.28199005126953,85.17720794677734,12.038256645202637,83.80999755859375,102.44000244140625,321.5292053222656,829.1746826171875,144.8500213623047,74.52845001220703,305.8259582519531,306.1770935058594,828.3792114257812,24.579999923706055,348.59722900390625,247.8147735595703,79.3499984741211,39.130001068115234,251.47911071777344,164.65460205078125,71.25758361816406,45.58000183105469,470.1282043457031,493.55999755859375,252.5690155029297,241.20281982421875,287.1502685546875,24.00493049621582,142.7278289794922,76.77304077148438,64.00182342529297,17.943784713745117,480.4815673828125,640.6900024414062,1006.6571655273438,659.8304443359375,249.02464294433594,211.00135803222656,515.9669189453125,328.5715637207031,941.119384765625,271.739990234375,89.7901382446289,626.1356811523438,1769.52001953125,70.23182678222656,646.2372436523438,150.849853515625,81.05999755859375,64.96365356445312,115.4189682006836,92.580810546875,159.59234619140625,408.5251770019531,138.9499969482422,389.0966796875,91.34097290039062,98.31999969482422,56.02865219116211,121.93000030517578,182.427490234375,38.37268829345703,150.50889587402344,165.10000610351562,159.8482208251953,26.3746395111084,154.05992126464844,206.60130310058594,133.1053466796875,156.42999267578125,170.30516052246094,46.008338928222656,137.60177612304688,57.16999816894531,207.36622619628906,196.6809539794922,99.18862915039062,30.51677131652832,77.79000091552734,332.53778076171875,31.979999542236328,182.83999633789062,437.2200012207031,96.45140075683594,18.790000915527344,21.6200008392334,420.2893981933594,674.6845703125,363.9609375,26.884868621826172,66.22714233398438,119.01554107666016,157.62371826171875,508.9561462402344,29.489999771118164,145.08567810058594,398.67999267578125,346.9078063964844,28.559999465942383,195.2081298828125,73.83999633789062,283.550537109375,252.29920959472656,98.28326416015625,13.329999923706055,51.06999969482422,315.3163146972656,195.57000732421875,83.11380767822266,214.9288330078125,91.95780181884766,14.214373588562012,264.23211669921875,460.8699951171875,163.16859436035156,55.06455612182617,48.86935806274414,78.38188171386719,123.84898376464844,55.553768157958984,49.89781951904297,170.04266357421875,152.95387268066406,149.42578125
2026-03-10,260.58990478515625,225.14218139648438,109.86077880859375,197.5590057373047,275.1300048828125,317.9391174316406,213.96536254882812,206.41261291503906,345.4505615234375,203.22999572753906,372.6161804199219,214.3300018310547,139.6199951171875,477.3900146484375,185.16000366210938,120.55000305175781,1380.385009765625,87.52999877929688,341.3226623535156,529.969970703125,301.3696594238281,217.75999450683594,135.6046142578125,48.308998107910156,24.609729766845703,42.27000045776367,174.4322967529297,961.9392700195312,58.85198974609375,494.1400146484375,69.95999908447266,108.95046997070312,108.45695495605469,715.3181762695312,323.2740478515625,293.2900085449219,316.5981140136719,45.029998779296875,91.91873931884766,269.20001220703125,30.300029754638672,304.7598571777344,196.52000427246094,113.30793762207031,995.9148559570312,112.33000183105469,193.92324829101562,109.0824966430664,76.99320983886719,184.59921264648438,589.4635620117188,194.4014434814453,100.54954528808594,128.57891845703125,95.18000030517578,58.37657165527344,97.67435455322266,93.90689849853516,281.534423828125,126.90467071533203,951.3646240234375,360.0649719238281,40.29179000854492,85.9927749633789,12.087635040283203,84.19999694824219,103.37000274658203,326.1134948730469,838.2645263671875,146.75657653808594,74.76792907714844,306.7453918457031,306.8567199707031,830.1513671875,23.190000534057617,352.1368103027344,250.96475219726562,78.52999877929688,39.709999084472656,248.37197875976562,159.06349182128906,71.53535461425781,46.779998779296875,450.5556640625,485.8500061035156,252.31008911132812,242.31643676757812,285.97161865234375,23.238815307617188,145.10879516601562,76.85197448730469,63.972171783447266,17.746164321899414,474.8384704589844,672.0,999.6292114257812,646.9844970703125,249.91038513183594,215.0784912109375,512.97705078125,325.7308349609375,927.664306640625,270.55999755859375,88.36473846435547,623.3494873046875,1742.0899658203125,70.06311798095703,652.9053955078125,154.4512176513672,77.5999984741211,65.06055450439453,115.39926147460938,93.2303237915039,159.8907470703125,404.8830871582031,138.4600067138672,402.8787536621094,90.8743896484375,96.94000244140625,55.582645416259766,116.61000061035156,184.54490661621094,37.350189208984375,148.36386108398438,165.5800018310547,159.1060333251953,26.718957901000977,154.84400939941406,206.7611541748047,134.10008239746094,151.13999938964844,169.93162536621094,44.8720817565918,134.70248413085938,55.95000076293945,206.14132690429688,192.48391723632812,100.18280029296875,30.398714065551758,76.27999877929688,329.4757080078125,31.790000915527344,175.32000732421875,432.6499938964844,95.47944641113281,18.290000915527344,21.68000030517578,411.00164794921875,673.6002807617188,356.7298583984375,27.060649871826172,73.10685729980469,119.60991668701172,159.00918579101562,499.0857849121094,28.899999618530273,147.84779357910156,399.239990234375,345.3060607910156,27.65999984741211,196.46177673339844,72.36000061035156,280.736572265625,248.91677856445312,99.24700927734375,12.380000114440918,52.310001373291016,313.77947998046875,189.69000244140625,83.14327239990234,215.99378967285156,91.82048797607422,14.194741249084473,269.9395751953125,499.1700134277344,163.9464569091797,55.4441032409668,49.121212005615234,77.85489654541016,124.62590789794922,54.843563079833984,49.63013458251953,169.1274871826172,151.85325622558594,147.13136291503906
2026-03-11,260.5699157714844,225.80667114257812,109.5626449584961,197.41201782226562,273.7099914550781,318.3480224609375,209.663818359375,204.5126190185547,350.6341247558594,204.8300018310547,374.8096618652344,212.64999389648438,138.22999572753906,461.45001220703125,178.99000549316406,120.0999984741211,1383.6578369140625,88.20999908447266,340.3163757324219,517.5700073242188,304.1929931640625,214.10000610351562,135.04969787597656,48.269203186035156,24.365779876708984,41.209999084472656,172.46324157714844,945.8399658203125,58.705177307128906,493.57000732421875,69.62999725341797,106.2653579711914,108.6759262084961,706.2454833984375,320.80908203125,294.1600036621094,300.2235412597656,45.720001220703125,89.05653381347656,265.79998779296875,29.812421798706055,301.765380859375,198.6300048828125,116.16668701171875,990.7922973632812,115.91000366210938,193.14718627929688,110.50749969482422,77.38957214355469,190.04930114746094,590.7763671875,194.24209594726562,100.12281036376953,128.91600036621094,98.80999755859375,58.52579879760742,97.4676284790039,91.18742370605469,288.6156311035156,131.48907470703125,968.63916015625,354.8094787597656,39.9976921081543,85.2667236328125,11.95925235748291,83.4800033569336,101.36000061035156,324.7452087402344,846.7051391601562,144.2276611328125,74.62823486328125,308.2344970703125,308.5157470703125,820.1454467773438,23.15999984741211,345.9154357910156,249.74440002441406,78.69000244140625,40.06999969482422,247.05169677734375,155.93524169921875,71.69407653808594,47.97999954223633,437.1566162109375,492.8699951171875,251.80221557617188,241.6005401611328,284.7731628417969,22.728071212768555,146.31326293945312,76.60527038574219,63.24072265625,17.439855575561523,480.0320129394531,672.0,998.121826171875,645.245849609375,245.70059204101562,218.71592712402344,502.2933654785156,323.01922607421875,933.258056640625,270.57000732421875,87.46035766601562,621.448974609375,1766.0999755859375,69.42798614501953,653.6939697265625,154.3716278076172,76.02999877929688,64.28532409667969,114.53196716308594,90.3724594116211,160.02999877929688,404.0049743652344,138.3300018310547,418.4498291015625,90.99352264404297,94.88999938964844,55.20601272583008,115.62999725341797,185.8134307861328,37.456298828125,161.98870849609375,164.92999267578125,158.4825897216797,26.8566837310791,152.17413330078125,201.02667236328125,132.36668395996094,151.60000610351562,164.00411987304688,45.4202766418457,133.62644958496094,57.52000045776367,206.40023803710938,187.9526824951172,100.84890747070312,30.497095108032227,75.3499984741211,321.90533447265625,31.790000915527344,179.42999267578125,432.9800109863281,95.46953582763672,18.530000686645508,21.489999771118164,404.8853454589844,672.7548217773438,343.92877197265625,26.52353858947754,70.33916473388672,117.66826629638672,157.3645782470703,494.7344665527344,28.700000762939453,145.0059051513672,407.82000732421875,352.7376403808594,27.280000686645508,197.6656494140625,74.97000122070312,283.63006591796875,249.81211853027344,99.1290054321289,12.40999984741211,51.36000061035156,308.32080078125,187.08999633789062,83.00579833984375,229.9574432373047,90.86913299560547,14.135841369628906,268.140380859375,492.3800048828125,158.72091674804688,55.49404525756836,49.0921516418457,76.44296264648438,123.0023422241211,56.20479202270508,49.213741302490234,168.60028076171875,151.5558319091797,150.55809020996094
2026-03-12,255.52456665039062,223.5156707763672,107.4657974243164,192.09165954589844,269.7799987792969,306.4306335449219,204.20074462890625,203.95555114746094,336.8512268066406,197.74000549316406,365.0334777832031,209.52999877929688,134.02999877929688,449.3299865722656,176.1199951171875,115.12000274658203,1348.63427734375,87.08999633789062,334.7369384765625,499.3999938964844,300.1170959472656,204.75999450683594,132.97872924804688,46.886390686035156,23.1948184967041,39.650001525878906,168.28533935546875,917.7284545898438,57.69707107543945,491.8900146484375,68.55000305175781,101.18245697021484,105.0032958984375,699.3585815429688,327.56793212890625,290.32000732421875,301.08221435546875,43.68000030517578,87.40678405761719,264.8900146484375,29.412580490112305,309.5848388671875,193.22999572753906,119.37286376953125,1001.8662719726562,111.56999969482422,198.27110290527344,110.38500213623047,77.03284454345703,195.1822967529297,582.6114501953125,185.47900390625,98.67391967773438,130.690673828125,94.91999816894531,56.655517578125,95.9417724609375,83.96534729003906,286.72332763671875,132.01498413085938,966.6887817382812,347.67919921875,39.54673767089844,83.73504638671875,11.890124320983887,84.4000015258789,99.30000305175781,306.31817626953125,831.1824340820312,143.44725036621094,73.29113006591797,303.0276184082031,303.3687744140625,784.0645141601562,22.81999969482422,336.40673828125,243.4444580078125,76.12000274658203,39.95000076293945,245.87039184570312,157.51426696777344,69.41240692138672,45.25,431.8763732910156,479.2699890136719,246.384765625,240.6559600830078,280.18743896484375,21.932491302490234,140.77732849121094,76.58554077148438,62.72673034667969,17.182950973510742,488.8641052246094,616.0900268554688,975.5706176757812,648.5840454101562,238.30609130859375,209.34254455566406,495.62603759765625,321.7279968261719,943.3169555664062,260.67999267578125,85.89733123779297,608.7518920898438,1680.0,68.26688385009766,637.043701171875,148.33287048339844,73.58000183105469,65.62259674072266,114.2363052368164,87.60452270507812,153.5448455810547,400.9914855957031,137.33999633789062,405.1174621582031,91.0630111694336,94.30999755859375,53.649940490722656,112.97000122070312,182.9268035888672,36.67495346069336,158.05618286132812,168.1199951171875,157.20602416992188,26.423830032348633,149.3751983642578,204.98284912109375,129.90451049804688,153.5,169.076416015625,44.21425247192383,130.66737365722656,54.02000045776367,202.19773864746094,187.24497985839844,99.59624481201172,30.32001304626465,78.83999633789062,316.8783874511719,30.899999618530273,177.25,418.7200012207031,97.03655242919922,17.700000762939453,21.459999084472656,396.14501953125,662.5390625,335.40460205078125,26.74814796447754,68.37210845947266,114.6666259765625,155.28138732910156,474.94390869140625,27.600000381469727,142.26373291015625,395.010009765625,334.9794006347656,26.524999618530273,189.0892333984375,72.97000122070312,275.47662353515625,242.83836364746094,96.26724243164062,11.859999656677246,50.77000045776367,305.86590576171875,180.7899932861328,81.79798126220703,234.69493103027344,90.24143981933594,14.047492980957031,265.26165771484375,478.1300048828125,159.13975524902344,54.24552917480469,49.04371643066406,74.82222747802734,124.8350830078125,56.727577209472656,48.41069793701172,164.37258911132812,148.8885955810547,152.4949493408203
2026-03-13,249.8897705078125,217.87249755859375,107.35648345947266,192.67953491210938,249.32000732421875,305.23394775390625,206.94989013671875,205.08956909179688,341.10595703125,193.38999938964844,363.4653015136719,207.6699981689453,133.57000732421875,458.6700134277344,172.5,115.75,1342.757080078125,86.33999633789062,320.9776306152344,496.17999267578125,298.19842529296875,209.88999938964844,133.9795379638672,46.47850799560547,23.546106338500977,39.790000915527344,169.22499084472656,918.931640625,57.824310302734375,490.0299987792969,69.12999725341797,105.79966735839844,105.1924057006836,692.6712646484375,327.94677734375,287.0299987792969,301.3018493652344,44.56999969482422,88.2912826538086,263.4599914550781,29.412580490112305,309.79376220703125,195.52999877929688,120.99083709716797,1006.9688720703125,117.69000244140625,191.853759765625,110.44499969482422,77.61747741699219,195.03366088867188,574.3272094726562,186.53456115722656,98.53498077392578,132.00926208496094,98.38999938964844,56.50629425048828,94.79984283447266,87.54151153564453,290.44818115234375,132.5706787109375,965.1265258789062,354.4205627441406,39.05657196044922,82.90953063964844,11.524730682373047,83.44000244140625,93.26000213623047,299.31689453125,804.1226196289062,144.0433349609375,72.2334213256836,301.2786865234375,302.09954833984375,778.7777709960938,22.690000534057617,336.5059814453125,244.591796875,73.38999938964844,40.369998931884766,244.48062133789062,158.1001739501953,69.17432403564453,45.77000045776367,436.6702575683594,472.1600036621094,245.56814575195312,240.13894653320312,280.7321472167969,22.178041458129883,141.68316650390625,76.8438720703125,62.380775451660156,17.281761169433594,492.3630676269531,622.5,983.38720703125,641.7984619140625,236.45497131347656,212.05062866210938,496.3036804199219,324.26080322265625,939.8707885742188,260.5,85.66140747070312,607.99560546875,1670.0,67.45311737060547,612.6171875,150.1833038330078,74.86000061035156,65.78732299804688,113.94062805175781,87.79438781738281,154.04217529296875,394.69512939453125,139.6699981689453,425.88555908203125,92.10537719726562,95.30999755859375,53.50126647949219,113.62000274658203,180.0401611328125,36.61707305908203,154.03427124023438,167.02000427246094,158.2154083251953,26.14837646484375,149.52407836914062,204.97286987304688,129.7567901611328,150.9499969482422,171.6912078857422,44.752479553222656,129.34228515625,53.43000030517578,203.67161560058594,186.69456481933594,98.57225036621094,30.300336837768555,82.05999755859375,318.9530029296875,30.75,178.66000366210938,412.6300048828125,97.20516204833984,17.760000228881836,21.489999771118164,398.7784423828125,658.7890014648438,334.96697998046875,27.070415496826172,69.13323211669922,116.24173736572266,154.9225616455078,463.90496826171875,27.600000381469727,141.6953582763672,391.20001220703125,336.5711669921875,27.34000015258789,189.81553649902344,73.33000183105469,280.4880065917969,241.1869354248047,95.5985107421875,12.210000038146973,49.290000915527344,306.5046081542969,178.8800048828125,80.67853546142578,229.49961853027344,90.38855743408203,14.145657539367676,258.7645568847656,469.3399963378906,158.511474609375,53.955875396728516,49.77022171020508,73.67876434326172,126.02037048339844,56.91499328613281,48.470184326171875,163.78567504882812,148.52171325683594,155.06747436523438
2026-03-16,252.58729553222656,219.6279296875,109.26451110839844,195.2858428955078,251.86000061035156,310.0707092285156,207.5354461669922,206.72097778320312,345.7501525878906,196.5800018310547,363.5050048828125,211.74000549316406,135.35000610351562,453.29998779296875,170.39999389648438,121.69999694824219,1372.5621337890625,89.11000061035156,323.7275085449219,489.6400146484375,296.4487609863281,213.47000122070312,135.4658966064453,46.81675338745117,23.799814224243164,39.59000015258789,171.29017639160156,937.974365234375,58.440914154052734,492.2099914550781,69.79000091552734,106.13655090332031,106.8445816040039,698.4503173828125,329.09320068359375,292.7200012207031,305.10595703125,43.61000061035156,89.74227142333984,270.5299987792969,29.588123321533203,312.2112121582031,203.32000732421875,120.42504119873047,1000.2885131835938,116.87999725341797,197.33587646484375,105.95999908447266,78.18229675292969,195.053466796875,569.3347778320312,190.58749389648438,97.90977478027344,132.31661987304688,101.94999694824219,58.078125,96.5718002319336,88.41812896728516,290.8863830566406,133.47366333007812,979.6148681640625,360.0450134277344,39.72319793701172,84.61029052734375,11.56423282623291,84.48999786376953,94.37999725341797,303.62152099609375,826.4476928710938,144.26190185546875,72.7922134399414,304.2369079589844,305.3775939941406,791.2826538085938,22.56999969482422,340.029541015625,244.60223388671875,75.30999755859375,41.939998626708984,247.42892456054688,160.37437438964844,71.03933715820312,45.7599983215332,448.92791748046875,483.4599914550781,247.8885040283203,241.7993927001953,283.4261474609375,22.305727005004883,143.6406707763672,77.32079315185547,62.72673034667969,17.499141693115234,495.842041015625,624.8400268554688,987.4202270507812,641.003662109375,240.95338439941406,219.24554443359375,506.77813720703125,324.44952392578125,942.2081909179688,266.95001220703125,86.74274444580078,612.3639526367188,1732.3299560546875,68.63407135009766,626.8690185546875,149.17848205566406,74.4000015258789,65.4384765625,114.60584259033203,91.51160430908203,154.86773681640625,399.08563232421875,147.52000427246094,441.54656982421875,92.14508056640625,95.19999694824219,54.30408477783203,114.87999725341797,183.0067138671875,37.21514129638672,154.88832092285156,167.4499969482422,156.07789611816406,26.177888870239258,150.98309326171875,204.5133056640625,132.0417022705078,152.72000122070312,171.8091583251953,45.27076721191406,128.9138641357422,51.66999816894531,205.20521545410156,188.35568237304688,97.24999237060547,30.369203567504883,81.7300033569336,321.87542724609375,31.860000610351562,174.39999389648438,425.8800048828125,98.29612731933594,17.6299991607666,21.649999618530273,402.6483459472656,665.493408203125,347.6885070800781,27.080183029174805,71.04096984863281,115.95446014404297,155.51065063476562,469.5293273925781,28.100000381469727,141.3762664794922,395.55999755859375,338.4813232421875,27.079999923706055,193.1486053466797,74.66000366210938,283.8686828613281,240.9581298828125,95.78536987304688,11.949999809265137,49.95000076293945,309.4684143066406,185.27999877929688,82.0238265991211,231.4702606201172,91.14374542236328,14.332173347473145,264.6219177246094,466.1000061035156,161.54310607910156,54.95468521118164,49.37306594848633,75.31938934326172,125.49246978759766,57.112274169921875,48.87665939331055,165.1882781982422,149.73138427734375,156.1699981689453
2026-03-17,253.99598693847656,217.9518280029297,110.019775390625,194.64895629882812,254.1999969482422,312.8031921386719,208.15077209472656,206.18382263183594,352.0223693847656,196.30999755859375,358.4233703613281,215.1999969482422,133.07000732421875,459.0899963378906,168.47999572753906,127.30999755859375,1386.1324462890625,95.69999694824219,320.1307373046875,506.57000732421875,298.506591796875,210.82000732421875,135.32716369628906,47.035614013671875,24.024250030517578,41.16999816894531,177.24761962890625,965.56884765625,58.440914154052734,492.5799865722656,71.19999694824219,110.97174835205078,107.20288848876953,700.6660766601562,329.8408508300781,293.75,307.2126770019531,43.959999084472656,89.3844985961914,281.95001220703125,29.334566116333008,311.71380615234375,210.22999572753906,121.96360778808594,994.7166137695312,104.05999755859375,194.3212127685547,108.30000305175781,78.5489273071289,196.1732177734375,571.1050415039062,194.39149475097656,99.53730010986328,131.81097412109375,104.36000061035156,58.44620895385742,96.83760070800781,88.56755065917969,294.55145263671875,134.67434692382812,972.0722045898438,362.947021484375,39.938873291015625,84.62023162841797,11.79136848449707,83.16000366210938,93.95999908447266,301.7138977050781,843.6189575195312,143.45716857910156,73.8798599243164,309.2239074707031,310.7344055175781,803.498779296875,22.8799991607666,338.88812255859375,241.37925720214844,77.3499984741211,42.27000045776367,254.23878479003906,160.2249298095703,71.48574829101562,44.060001373291016,455.8457946777344,482.760009765625,249.45677185058594,236.74844360351562,284.1492004394531,22.48252296447754,147.9461669921875,77.08233642578125,62.71685028076172,17.558427810668945,492.49261474609375,649.5599975585938,928.751220703125,632.1913452148438,238.56484985351562,226.31057739257812,504.8645935058594,324.10186767578125,940.8497314453125,272.2699890136719,86.9393539428711,617.9363403320312,1728.1400146484375,68.77301025390625,622.0834350585938,148.29306030273438,75.27999877929688,64.89582824707031,115.04270935058594,90.72219848632812,156.98635864257812,398.5467834472656,150.27999877929688,461.4251708984375,91.85719299316406,94.36000061035156,54.63115692138672,116.72000122070312,181.71820068359375,37.0704460144043,153.6171875,169.19000244140625,154.87059020996094,27.004249572753906,150.34786987304688,203.5941925048828,132.25018310546875,155.0800018310547,169.89230346679688,45.97843551635742,131.1057586669922,52.060001373291016,202.48655700683594,186.87147521972656,97.00144958496094,30.447904586791992,81.06999969482422,319.8706359863281,31.510000228881836,174.60000610351562,429.2900085449219,97.46302032470703,17.3700008392334,20.920000076293945,408.6419677734375,667.2440185546875,347.24090576171875,27.197370529174805,68.40176391601562,115.66717529296875,154.87274169921875,472.2366027832031,28.389999389648438,142.75233459472656,399.2699890136719,345.1716613769531,25.06999969482422,193.46697998046875,77.79000091552734,285.9368896484375,241.06756591796875,96.14923095703125,12.350000381469727,50.52000045776367,307.82183837890625,186.6999969482422,82.38716125488281,234.84422302246094,91.54586791992188,14.47942066192627,268.3541564941406,462.489990234375,163.87664794921875,55.194400787353516,48.937164306640625,75.79666137695312,124.58606719970703,57.71397399902344,49.13443374633789,165.6259765625,148.37298583984375,157.73934936523438
2026-03-18,249.70994567871094,206.62579345703125,107.81361389160156,191.20982360839844,246.0,307.7470397949219,206.71170043945312,203.3089599609375,349.0361022949219,199.4600067138672,348.845703125,209.8699951171875,136.07000732421875,442.57000732421875,167.6699981689453,128.36000061035156,1352.216552734375,90.73999786376953,314.7704772949219,508.4100036621094,292.6611633300781,205.99000549316406,133.20663452148438,46.58794021606445,23.097238540649414,39.97999954223633,174.81613159179688,962.8839721679688,58.1081428527832,484.4700012207031,71.27999877929688,112.4876937866211,108.15837097167969,692.302001953125,326.9598693847656,289.6400146484375,316.7279052734375,41.5,86.97943878173828,273.5799865722656,27.861984252929688,307.306640625,202.2899932861328,122.73785400390625,978.5001220703125,101.72000122070312,193.3561248779297,108.95249938964844,76.89411926269531,196.80740356445312,567.8828735351562,190.69703674316406,98.66399383544922,129.62982177734375,100.05000305175781,57.262367248535156,95.18376922607422,85.68867492675781,293.7547302246094,136.46047973632812,968.7684936523438,359.5464172363281,38.97814178466797,83.69525909423828,11.64323616027832,83.38999938964844,88.11000061035156,300.5852966308594,858.0315551757812,140.3674774169922,73.37095642089844,306.1157531738281,307.5063171386719,801.9456787109375,22.6299991607666,328.4662780761719,239.81471252441406,74.9000015258789,40.2599983215332,249.7617645263672,156.57847595214844,70.04730987548828,45.029998779296875,443.44921875,477.7300109863281,245.43634033203125,235.92318725585938,284.99102783203125,21.68694305419922,148.0470428466797,75.48265838623047,61.89643478393555,17.301523208618164,487.0299072265625,700.8099975585938,916.4723510742188,638.1026611328125,229.98602294921875,224.55181884765625,486.8159484863281,313.6031188964844,919.33349609375,268.5199890136719,85.73021697998047,612.1947631835938,1690.260009765625,68.07832336425781,615.1099243164062,144.3335418701172,73.97000122070312,63.1128044128418,113.68248748779297,87.55455780029297,158.08045959472656,390.9432678222656,140.55999755859375,461.46514892578125,90.2986068725586,94.69999694824219,52.995792388916016,113.70999908447266,180.1899871826172,36.125118255615234,151.83958435058594,168.91000366210938,151.94140625,26.876358032226562,145.613525390625,200.97669982910156,130.25465393066406,152.77000427246094,163.31600952148438,44.44349670410156,129.98988342285156,52.09000015258789,203.71144104003906,180.60049438476562,92.12006378173828,30.083908081054688,84.33000183105469,311.31280517578125,30.350000381469727,173.25,428.6700134277344,95.74723815917969,17.18000030517578,20.3799991607666,402.695556640625,657.9335327148438,343.9585876464844,26.767681121826172,65.23867797851562,113.97318267822266,152.3709259033203,464.2246398925781,27.850000381469727,139.8905029296875,392.7799987792969,338.7766418457031,23.549999237060547,189.81553649902344,76.66000366210938,282.71527099609375,235.34727478027344,95.2346420288086,12.09000015258789,49.06999969482422,298.4013671875,184.02999877929688,80.7767333984375,237.33241271972656,90.19239044189453,14.106391906738281,264.6549377441406,451.5899963378906,169.65066528320312,54.14564895629883,48.03630065917969,75.75688934326172,121.49830627441406,57.63506317138672,48.54949951171875,164.31289672851562,145.8941650390625,156.52757263183594
2026-03-19,248.73085021972656,204.5331573486328,106.52172088623047,199.44024658203125,245.99000549316406,309.5920104980469,209.0737762451172,203.00059509277344,356.7664794921875,205.27000427246094,347.29742431640625,208.75999450683594,136.25999450683594,439.9200134277344,166.8000030517578,129.82000732421875,1363.4119873046875,94.08999633789062,318.6661376953125,502.17999267578125,293.1979675292969,201.17999267578125,123.76336669921875,46.767005920410156,23.29239845275879,40.869998931884766,171.3408660888672,964.1666870117188,56.87492370605469,481.4800109863281,69.88999938964844,112.42825317382812,109.33280944824219,687.3414306640625,322.63336181640625,287.3999938964844,315.97906494140625,42.959999084472656,84.97191619873047,284.29998779296875,28.261823654174805,309.1072998046875,202.91000366210938,125.09036254882812,973.3676147460938,107.08999633789062,194.00283813476562,107.04499816894531,77.79584503173828,199.61172485351562,564.4617309570312,189.3128662109375,98.44566345214844,128.6284942626953,99.6050033569336,57.322052001953125,95.01641082763672,85.27029418945312,289.9700927734375,137.75047302246094,969.962646484375,359.2372741699219,38.90951919555664,83.62564086914062,11.49510383605957,83.12000274658203,82.9000015258789,291.2469482421875,876.9419555664062,140.18865966796875,73.63040161132812,305.5461120605469,306.9466552734375,805.9480590820312,22.889999389648438,325.76654052734375,238.8863983154297,74.16000366210938,39.81999969482422,248.54074096679688,157.91351318359375,70.17626953125,46.18000030517578,451.83599853515625,479.92999267578125,247.04251098632812,236.24136352539062,285.2188720703125,21.372638702392578,150.95932006835938,75.06536102294922,62.4598503112793,17.222476959228516,488.2560119628906,772.1300048828125,915.92333984375,633.3637084960938,228.6126251220703,233.82528686523438,489.4769287109375,307.4945068359375,897.9571533203125,270.1600036621094,85.39598846435547,613.71728515625,1666.9300537109375,68.0882568359375,606.1382446289062,141.97573852539062,74.7300033569336,63.054664611816406,113.38462829589844,89.463134765625,157.7025146484375,388.1792297363281,138.24000549316406,444.01513671875,91.73806762695312,91.73999786376953,52.96605682373047,113.2699966430664,178.3521270751953,35.76820755004883,154.44143676757812,169.74000549316406,151.14974975585938,26.96489715576172,143.7574920654297,202.48524475097656,130.14544677734375,155.67999267578125,162.02670288085938,44.04480743408203,130.79690551757812,50.91999816894531,199.89732360839844,181.84878540039062,95.27159118652344,30.093746185302734,84.5199966430664,309.57733154296875,30.790000915527344,175.39999389648438,428.25,95.43978118896484,17.079999923706055,20.6200008392334,402.2236022949219,656.3121948242188,337.94097900390625,27.089948654174805,64.0821762084961,113.39860534667969,154.17501831054688,469.7391052246094,27.399999618530273,142.39337158203125,380.29998779296875,337.99847412109375,23.510000228881836,187.33811950683594,75.33999633789062,278.8473815917969,232.96961975097656,94.95928955078125,11.350000381469727,48.27000045776367,299.0899353027344,185.58999633789062,80.55087280273438,240.9253387451172,89.82950592041016,14.155474662780762,269.114013671875,458.04998779296875,166.90826416015625,53.945884704589844,47.929744720458984,75.95574951171875,120.61181640625,58.55241012573242,48.56932830810547,163.1987762451172,145.36863708496094,157.09373474121094
2026-03-20,247.76173400878906,203.38272094726562,104.80250549316406,195.95211791992188,248.14999389648438,308.5847473144531,207.1186065673828,204.54244995117188,356.6166687011719,201.3300018310547,345.1932678222656,205.3699951171875,131.22000122070312,442.3900146484375,166.10000610351562,132.35000610351562,1314.379150390625,89.93000030517578,309.3703918457031,496.2699890136719,293.7646179199219,195.1199951171875,121.29602813720703,46.91623306274414,22.892318725585938,39.849998474121094,172.5278778076172,952.542236328125,56.2583122253418,480.94000244140625,69.4800033569336,109.4161605834961,109.00436401367188,679.586181640625,321.5766296386719,283.8999938964844,281.55255126953125,41.5099983215332,84.59426879882812,269.1000061035156,28.300832748413086,305.73480224609375,197.5,125.98372650146484,970.9212036132812,103.4000015258789,194.39085388183594,102.25,76.94366455078125,199.89907836914062,556.6548461914062,188.55606079101562,98.75331115722656,125.72357940673828,98.05000305175781,55.352291107177734,92.1320571899414,85.58906555175781,290.2987976074219,137.66114807128906,954.4393310546875,355.8166809082031,37.448822021484375,80.76119995117188,11.376598358154297,81.4000015258789,80.12000274658203,286.4329528808594,850.6353759765625,136.3141326904297,72.65251159667969,298.61029052734375,300.8203125,809.9603881835938,22.25,318.3620910644531,231.0323486328125,70.88999938964844,39.77000045776367,240.0035858154297,157.84376525878906,67.82515716552734,43.869998931884766,452.15362548828125,477.9700012207031,241.64535522460938,234.02410888671875,283.82232666015625,21.186019897460938,149.67596435546875,74.2704849243164,62.31158447265625,17.192832946777344,486.6112365722656,706.3499755859375,905.1419067382812,623.3492431640625,223.556884765625,228.19924926757812,494.6393737792969,306.7694396972656,884.8616333007812,261.1600036621094,84.69804382324219,599.9774169921875,1635.760009765625,68.03862762451172,593.1102905273438,140.4735107421875,73.8499984741211,62.47325134277344,113.3647689819336,87.84434509277344,160.60690307617188,381.0447082519531,135.66000366210938,422.65740966796875,88.84922790527344,91.81999969482422,51.90554428100586,110.37999725341797,172.4989471435547,35.23766326904297,148.6419219970703,162.9499969482422,148.47784423828125,26.532041549682617,143.20169067382812,205.8020782470703,127.08763885498047,150.67999267578125,161.7688446044922,43.86539840698242,129.42198181152344,49.279998779296875,197.33799743652344,172.79615783691406,92.01070404052734,29.896987915039062,81.80000305175781,302.7450256347656,20.530000686645508,168.02000427246094,420.32000732421875,92.62310028076172,16.899999618530273,20.219999313354492,400.6095886230469,646.9034423828125,333.8728942871094,27.646589279174805,62.76751708984375,112.19993591308594,154.4740447998047,473.9149475097656,27.459999084472656,140.4788360595703,367.9599914550781,328.47076416015625,24.110000610351562,186.24368286132812,73.88999938964844,274.0249328613281,233.70579528808594,94.2708969116211,11.279999732971191,46.439998626708984,300.9960021972656,184.07000732421875,78.11604309082031,238.7257843017578,87.04409790039062,14.06712532043457,255.8267822265625,454.0,145.8157958984375,52.49760818481445,48.41408157348633,77.15886688232422,118.79328918457031,58.50309371948242,48.65855407714844,160.82131958007812,144.0994873046875,158.5935516357422
2026-03-23,251.25851440429688,203.2438507080078,104.1963119506836,195.98150634765625,247.63999938964844,311.33721923828125,208.1309356689453,206.67123413085938,361.3407897949219,202.67999267578125,347.14849853515625,210.13999938964844,135.8800048828125,458.95001220703125,166.97000122070312,136.88999938964844,1366.635009765625,88.41999816894531,322.0003967285156,507.2799987792969,300.136962890625,198.41000366210938,124.91280364990234,47.27437210083008,23.321672439575195,40.4900016784668,175.43057250976562,969.1188354492188,55.788516998291016,479.9800109863281,69.54000091552734,108.34607696533203,111.11438751220703,700.3666381835938,325.3548583984375,292.5199890136719,289.3105163574219,39.650001525878906,84.62407684326172,286.9800109863281,28.29108238220215,304.9787292480469,200.6199951171875,126.25173950195312,964.3306884765625,105.0999984741211,194.19186401367188,103.32749938964844,78.10302734375,203.34750366210938,565.90380859375,189.2033233642578,97.20516967773438,126.24903869628906,99.75,57.01365661621094,94.34700012207031,78.98460388183594,288.0678405761719,138.6038360595703,962.2009887695312,358.74859619140625,38.54679489135742,83.09850311279297,11.61361026763916,82.7699966430664,83.37999725341797,291.17706298828125,882.1892700195312,136.44326782226562,75.55622100830078,298.84014892578125,301.87969970703125,827.6224975585938,22.270000457763672,328.4365234375,232.60731506347656,72.48999786376953,40.04999923706055,246.62484741210938,156.5884246826172,69.89849853515625,44.0099983215332,453.6026916503906,478.0400085449219,246.86293029785156,234.07382202148438,287.14031982421875,20.832427978515625,150.95034790039062,74.62818145751953,63.438995361328125,17.390451431274414,476.5430603027344,728.9500122070312,908.9852294921875,612.241943359375,233.1309356689453,233.14576721191406,498.68560791015625,306.3919982910156,876.0413818359375,273.25,85.6908950805664,611.149658203125,1666.0799560546875,68.65391540527344,603.5006713867188,145.80592346191406,75.47000122070312,62.39572525024414,114.85405731201172,90.09266662597656,163.44166564941406,382.1722717285156,138.1999969482422,404.1180419921875,89.57392120361328,93.37999725341797,52.242530822753906,110.94999694824219,175.43553161621094,35.51740264892578,153.2696075439453,164.0500030517578,149.30911254882812,26.335290908813477,142.9138641357422,204.90293884277344,129.37106323242188,160.83999633789062,161.8977813720703,45.34054183959961,127.87769317626953,51.18000030517578,194.01185607910156,175.1158447265625,93.28324890136719,30.0445556640625,78.9000015258789,313.1380920410156,21.579999923706055,174.1999969482422,432.4800109863281,92.98014831542969,17.149999618530273,20.68000030517578,404.8003845214844,653.6959228515625,330.8093566894531,28.08604621887207,63.81528854370117,113.85430145263672,155.98907470703125,477.6412048339844,27.559999465942383,144.0087432861328,380.8500061035156,337.6592712402344,23.950000762939453,187.67640686035156,75.12000274658203,268.00927734375,237.13796997070312,96.05088806152344,11.420000076293945,48.150001525878906,303.8101806640625,185.22999572753906,79.9510498046875,236.2674560546875,87.72083282470703,14.214373588562012,255.94674682617188,451.239990234375,151.07843017578125,53.73613357543945,48.99528503417969,77.83499908447266,120.49005889892578,59.203041076660156,49.0980110168457,162.6498260498047,144.13433837890625,160.04371643066406
2026-03-24,251.4083709716797,203.5116424560547,103.4112319946289,189.63233947753906,238.8699951171875,320.95086669921875,203.3472137451172,206.22360229492188,373.525634765625,205.3699951171875,345.81854248046875,207.24000549316406,130.8000030517578,435.9100036621094,161.0500030517578,134.9600067138672,1396.3701171875,86.9800033569336,317.78704833984375,456.6000061035156,300.2264404296875,196.4199981689453,124.33808898925781,47.89116668701172,23.097238540649414,38.5,171.1956329345703,970.5905151367188,56.17022705078125,479.3299865722656,68.1500015258789,106.98865509033203,113.20449829101562,715.2682495117188,324.5971984863281,284.32000732421875,294.3926086425781,37.04999923706055,84.00790405273438,301.5199890136719,28.49587631225586,301.1187438964844,181.0399932861328,128.39581298828125,972.4089965820312,100.30000305175781,182.09344482421875,98.24749755859375,80.12446594238281,204.9131622314453,579.81689453125,189.3029022216797,95.65703582763672,126.2886962890625,97.68000030517578,56.22774124145508,93.78588104248047,71.2046890258789,289.1534118652344,141.43186950683594,959.782958984375,373.06903076171875,38.1840705871582,82.8299560546875,11.692614555358887,79.33999633789062,83.5,290.2681884765625,908.945556640625,137.208251953125,76.40438079833984,289.02606201171875,290.2666320800781,832.052978515625,20.65999984741211,328.4464416503906,231.1053466796875,69.08000183105469,39.279998779296875,238.8321990966797,155.24343872070312,68.79734802246094,44.060001373291016,429.2164306640625,471.9100036621094,248.18978881835938,233.9246826171875,289.6065368652344,20.940471649169922,156.4193572998047,74.19100189208984,63.96590805053711,17.341047286987305,478.3274230957031,801.989990234375,901.4682006835938,606.2014770507812,233.31005859375,238.671875,497.24053955078125,305.7662353515625,880.9659423828125,253.75999450683594,85.11090850830078,616.2568969726562,1612.02001953125,69.3585205078125,592.3709716796875,145.9153594970703,72.37000274658203,62.32789611816406,115.53913879394531,92.29102325439453,164.98336791992188,371.9344177246094,136.25,395.3031005859375,90.95381164550781,90.91999816894531,53.0156135559082,104.6500015258789,174.99603271484375,35.58492660522461,146.06988525390625,157.2100067138672,149.02212524414062,26.52220344543457,142.09005737304688,206.01187133789062,129.41078186035156,154.77999877929688,162.5225830078125,44.06474304199219,128.19650268554688,48.06999969482422,193.19525146484375,168.0781707763672,91.44403076171875,30.142934799194336,75.6500015258789,312.88873291015625,22.229999542236328,161.33999633789062,415.6199951171875,93.20825958251953,16.700000762939453,20.56999969482422,388.1220703125,651.5015869140625,326.751220703125,28.193470001220703,64.33917236328125,114.83503723144531,157.86294555664062,489.79901123046875,26.610000610351562,143.60989379882812,383.0299987792969,342.4480285644531,22.34000015258789,193.6460723876953,72.33999633789062,270.73370361328125,238.43124389648438,96.8081283569336,11.149999618530273,48.189998626708984,303.131591796875,179.11000061035156,79.49723052978516,240.60684204101562,87.14193725585938,14.391071319580078,270.83367919921875,448.6199951171875,152.5064239501953,53.24671936035156,49.314945220947266,79.15744018554688,121.8175277709961,60.40437698364258,49.107975006103516,163.59750366210938,144.15423583984375,164.2650604248047
2026-03-25,252.38746643066406,205.475341796875,104.17643737792969,188.40756225585938,237.25,321.15032958984375,200.58815002441406,203.63723754882812,368.88140869140625,220.27000427246094,351.27734375,211.7100067138672,135.00999450683594,436.69000244140625,158.57000732421875,157.07000732421875,1390.85205078125,96.05999755859375,318.30621337890625,460.1499938964844,298.4767761230469,199.61000061035156,128.68812561035156,48.498016357421875,23.311914443969727,38.16999816894531,169.08493041992188,975.8508911132812,57.68728256225586,476.19000244140625,69.77999877929688,107.38497924804688,113.9410171508789,717.6736450195312,322.2046813964844,281.3900146484375,302.8494873046875,35.93000030517578,84.96197509765625,302.2200012207031,28.018020629882812,292.41387939453125,181.10000610351562,127.97889709472656,973.447509765625,103.91000366210938,181.03880310058594,96.46499633789062,81.08563995361328,203.2880401611328,574.8145141601562,186.3652801513672,95.22037506103516,127.06201934814453,99.12000274658203,57.123085021972656,95.15423583984375,72.82840728759766,294.89007568359375,142.1066436767578,961.1959838867188,373.966552734375,38.69384765625,84.2920150756836,11.524730682373047,78.88999938964844,86.31999969482422,296.1907958984375,923.21826171875,137.35726928710938,76.44429779052734,289.4158020019531,290.7563171386719,838.1461791992188,20.670000076293945,330.0345458984375,235.5069580078125,72.54000091552734,40.16999816894531,239.62635803222656,156.24969482421875,69.94810485839844,47.18000030517578,423.668212890625,469.9800109863281,251.2225799560547,238.5580291748047,292.59771728515625,21.12708854675293,154.18521118164062,74.76728057861328,64.19457244873047,17.449737548828125,490.78802490234375,777.1699829101562,914.7353515625,620.1402587890625,235.05169677734375,233.28565979003906,501.0575866699219,309.6002502441406,878.7783203125,246.5399932861328,86.39867401123047,621.4540405273438,1639.469970703125,69.8547134399414,594.3391723632812,147.28826904296875,69.27999877929688,62.840232849121094,118.51771545410156,98.37646484375,164.76454162597656,370.2381286621094,139.1300048828125,381.8708190917969,90.49716186523438,92.27999877929688,52.510135650634766,103.05999755859375,178.47198486328125,35.044742584228516,145.00730895996094,153.22000122070312,150.15025329589844,26.83700942993164,142.84437561035156,202.6450958251953,129.42071533203125,154.9600067138672,164.13919067382812,44.702640533447266,129.87033081054688,47.18000030517578,194.19110107421875,166.06320190429688,92.15982818603516,30.298694610595703,75.26000213623047,321.1174011230469,24.049999237060547,160.61000061035156,410.1300048828125,93.83308410644531,16.559999465942383,20.540000915527344,385.5547180175781,655.1322021484375,325.8957824707031,28.134872436523438,63.61759567260742,115.28082275390625,159.218505859375,490.2785339355469,26.809999465942383,145.76373291015625,385.95001220703125,346.9375305175781,21.969999313354492,195.77525329589844,73.08000183105469,269.0135192871094,240.08267211914062,96.73928833007812,11.319999694824219,48.95000076293945,304.2792053222656,178.11000061035156,80.661376953125,233.43092346191406,87.07254028320312,14.449971199035645,276.1025695800781,454.9700012207031,151.29811096191406,54.27549362182617,48.79186248779297,79.80374908447266,122.82559204101562,60.13631057739258,49.16776657104492,164.69480895996094,145.59788513183594,162.1593475341797
2026-03-26,252.6572265625,209.38291931152344,103.91805267333984,192.4541778564453,240.8800048828125,312.5638732910156,202.97007751464844,206.0743865966797,338.129638671875,203.77000427246094,350.51312255859375,207.5399932861328,122.55000305175781,391.2099914550781,158.6300048828125,154.8000030517578,1326.6024169921875,87.86000061035156,308.9310607910156,450.4599914550781,297.6318054199219,194.36000061035156,124.26872253417969,47.99065399169922,23.019174575805664,38.150001525878906,168.1277313232422,963.0331420898438,58.166866302490234,475.2699890136719,70.16999816894531,108.62350463867188,111.88076782226562,701.8538208007812,323.30126953125,280.6199951171875,294.7320861816406,35.59000015258789,83.62031555175781,273.3800048828125,28.00826644897461,296.0450439453125,173.3800048828125,132.26702880859375,978.2305908203125,96.44000244140625,184.70018005371094,98.15499877929688,81.41264343261719,205.90408325195312,577.9969482421875,187.26150512695312,94.02950286865234,128.27157592773438,98.11000061035156,55.18317413330078,93.18539428710938,69.4813461303711,293.05755615234375,146.35366821289062,958.6485595703125,356.1158752441406,37.909576416015625,82.2630386352539,11.455601692199707,81.02999877929688,82.38999938964844,284.8848876953125,872.674072265625,135.9862823486328,75.43647766113281,280.5711364746094,280.7523193359375,819.0303955078125,21.25,325.9848937988281,234.8602752685547,70.3499984741211,38.81999969482422,239.904296875,155.38291931152344,67.61683654785156,44.099998474121094,429.315673828125,468.54998779296875,246.85296630859375,237.8719940185547,288.87359619140625,21.176198959350586,144.9280242919922,74.21087646484375,64.09515380859375,17.360809326171875,493.9280700683594,688.7999877929688,895.4585571289062,623.2498779296875,234.9024200439453,211.4710235595703,499.05438232421875,306.8489074707031,862.606201171875,241.27999877929688,86.18241119384766,612.2469482421875,1630.989990234375,69.20965576171875,547.032958984375,143.24916076660156,69.37999725341797,63.6678581237793,118.08085632324219,97.60704803466797,162.35748291015625,365.1790771484375,132.92999267578125,355.256103515625,90.49716186523438,93.31999969482422,51.60820770263672,103.63999938964844,171.04066467285156,35.112266540527344,141.819580078125,156.36000061035156,149.25962829589844,27.122299194335938,141.3555908203125,202.70504760742188,128.80517578125,147.55999755859375,161.15394592285156,45.051490783691406,130.0596160888672,47.59000015258789,192.05003356933594,164.22515869140625,90.6884536743164,30.378063201904297,77.2699966430664,318.7236022949219,22.209999084472656,162.3300018310547,401.95001220703125,94.63642883300781,15.869999885559082,20.030000686645508,389.3019104003906,643.432373046875,330.8988952636719,28.24229621887207,62.01628494262695,115.9049301147461,157.0555877685547,488.3604736328125,26.389999389648438,141.00732421875,372.1099853515625,325.3480529785156,21.739999771118164,192.4322509765625,70.55000305175781,266.5277404785156,237.9537353515625,95.88370513916016,11.1899995803833,46.70000076293945,304.8979187011719,178.27999877929688,79.08287811279297,246.9666290283203,86.95359802246094,14.36162281036377,252.3474884033203,453.739990234375,152.08702087402344,52.787261962890625,49.150272369384766,78.57079315185547,121.94727325439453,61.07950973510742,48.87877655029297,160.87420654296875,145.10008239746094,164.31471252441406
2026-03-27,248.57098388671875,207.6770782470703,103.34166717529297,188.71131896972656,234.83999633789062,306.6001892089844,199.73463439941406,201.64772033691406,336.7513732910156,201.99000549316406,346.156005859375,199.33999633789062,120.7699966430664,381.20001220703125,155.67999267578125,144.1300048828125,1299.63134765625,78.66999816894531,300.2048645019531,429.94000244140625,290.5535888671875,190.52000427246094,121.57347869873047,46.72721862792969,22.199499130249023,37.0,162.07814025878906,928.6170654296875,57.2957878112793,468.489990234375,69.16999816894531,107.07782745361328,106.87444305419922,694.07861328125,318.0975036621094,271.7699890136719,301.0223083496094,33.939998626708984,83.76939392089844,280.2200012207031,27.627933502197266,292.2646484375,161.13999938964844,132.81297302246094,982.4344482421875,95.23999786376953,178.40220642089844,92.3949966430664,79.19300842285156,209.23358154296875,563.5269165039062,181.14419555664062,91.71721649169922,128.8763427734375,95.3499984741211,54.91456985473633,92.33879089355469,66.97105407714844,285.2294006347656,148.40771484375,958.260498046875,356.3751525878906,37.331180572509766,80.98995971679688,11.22846508026123,78.19999694824219,85.79000091552734,282.4579162597656,852.7242431640625,133.3734588623047,72.82215118408203,273.5953369140625,274.1762390136719,799.3670654296875,20.350000381469727,319.25537109375,232.72206115722656,66.0199966430664,37.400001525878906,234.61325073242188,152.10508728027344,67.31922149658203,43.130001068115234,413.3261413574219,452.6600036621094,242.5232696533203,239.07505798339844,280.13787841796875,21.647655487060547,144.1370391845703,75.22432708740234,63.001548767089844,17.311405181884766,489.5718688964844,702.72998046875,876.7307739257812,611.8346557617188,229.20974731445312,211.2611846923828,482.6002502441406,303.8393249511719,859.2099609375,235.50999450683594,86.36080169677734,602.3016357421875,1599.52001953125,67.18517303466797,525.233154296875,142.3040313720703,66.47000122070312,65.50045013427734,118.7758560180664,94.80913543701172,157.54336547851562,355.9989318847656,126.02999877929688,357.01507568359375,90.73541259765625,93.43000030517578,50.91441345214844,99.41000366210938,167.32498168945312,34.76499938964844,138.69142150878906,147.02000427246094,151.4466094970703,26.600906372070312,141.6434326171875,198.64894104003906,127.97122192382812,143.05999755859375,162.19529724121094,43.446781158447266,126.64225006103516,45.72999954223633,188.9230499267578,161.2174530029297,86.30415344238281,30.19948387145996,77.4000015258789,314.5544128417969,21.969999313354492,152.8000030517578,380.4700012207031,94.76536560058594,15.229999542236328,19.90999984741211,383.4404296875,632.4606323242188,325.68695068359375,28.41807746887207,61.46274185180664,118.71834564208984,154.61358642578125,472.8859558105469,25.639999389648438,138.44464111328125,361.8299865722656,325.9765930175781,21.280000686645508,189.36781311035156,69.18000030517578,257.54901123046875,237.5557861328125,93.22846984863281,10.869999885559082,46.630001068115234,294.9085998535156,172.58999633789062,78.38240814208984,253.11741638183594,86.23988342285156,14.224190711975098,251.0177764892578,433.07000732421875,155.2625732421875,52.42769241333008,48.733741760253906,76.75120544433594,122.65592193603516,62.112064361572266,47.64310836791992,158.8092803955078,142.63095092773438,169.8372344970703
2026-03-30,246.40298461914062,211.36647033691406,101.24482727050781,193.56137084960938,241.1300048828125,302.2720642089844,203.9228515625,206.18382263183594,322.71881103515625,196.0399932861328,346.38427734375,200.9499969482422,116.12999725341797,372.0799865722656,155.82000732421875,136.9600067138672,1251.22705078125,73.81999969482422,292.94635009765625,415.07000732421875,295.742919921875,189.2100067138672,120.86994171142578,46.985870361328125,22.355628967285156,37.2400016784668,164.28738403320312,928.8258666992188,58.46049499511719,474.6600036621094,62.93000030517578,110.5754165649414,106.76496124267578,666.1617431640625,324.3380432128906,270.8800048828125,298.1467590332031,33.810001373291016,85.20050048828125,257.2699890136719,28.183807373046875,296.0450439453125,160.7899932861328,131.90968322753906,995.1360473632812,87.80999755859375,184.09324645996094,95.01499938964844,76.3392105102539,208.79759216308594,552.4481201171875,183.50929260253906,93.60277557373047,130.58160400390625,94.12000274658203,54.466896057128906,92.60457611083984,67.71817016601562,283.6358947753906,148.73516845703125,959.3052978515625,342.5832824707031,37.615474700927734,81.0794677734375,11.070456504821777,79.05000305175781,85.79000091552734,272.9098205566406,816.9325561523438,135.44979858398438,72.60263061523438,272.9757385253906,273.33673095703125,804.0563354492188,20.799999237060547,321.09161376953125,233.09754943847656,65.16000366210938,37.68000030517578,235.5166015625,156.35928344726562,66.78352355957031,41.189998626708984,425.8219909667969,452.7799987792969,239.04153442382812,241.10340881347656,281.0589904785156,21.94231414794922,138.08175659179688,75.78073120117188,63.24015426635742,17.034738540649414,497.68621826171875,654.7899780273438,885.1063842773438,594.6769409179688,231.46890258789062,199.7892608642578,492.32720947265625,306.45159912109375,859.2399291992188,235.2100067138672,84.97332000732422,597.5435180664062,1619.199951171875,67.7508316040039,535.8833618164062,141.78671264648438,67.87999725341797,66.0324935913086,117.25678253173828,87.74441528320312,157.52346801757812,358.1842041015625,121.44000244140625,321.75048828125,91.38068389892578,92.97000122070312,50.78556823730469,104.97000122070312,164.97772216796875,35.290000915527344,137.83738708496094,154.35000610351562,155.18727111816406,27.31905174255371,143.63839721679688,201.19650268554688,127.85208892822266,137.5500030517578,163.47470092773438,44.523231506347656,126.60240173339844,45.58000183105469,186.3736572265625,165.4144744873047,86.21467590332031,30.239168167114258,77.26000213623047,315.0830383300781,21.059999465942383,153.6699981689453,383.1400146484375,96.134033203125,15.149999618530273,19.920000076293945,394.1534423828125,630.3460693359375,324.3541259765625,28.10557746887207,60.32600784301758,117.66826629638672,155.28138732910156,479.5692443847656,26.059999465942383,136.5301055908203,355.2799987792969,315.7605285644531,22.010000228881836,185.47756958007812,69.91000366210938,260.3033142089844,237.99351501464844,93.3759765625,10.569999694824219,45.290000915527344,298.9203186035156,175.9600067138672,78.7967758178711,249.08656311035156,86.56700134277344,14.430337905883789,234.17127990722656,443.1600036621094,147.3336639404297,52.35777282714844,48.724056243896484,76.36341857910156,123.26475524902344,61.516357421875,48.19118881225586,156.2256317138672,143.18850708007812,170.31399536132812
2026-03-31,253.55638122558594,215.7005157470703,102.02989959716797,194.2864227294922,243.0800018310547,317.2709655761719,201.65008544921875,206.25344848632812,341.3656311035156,203.42999267578125,349.21295166015625,208.27000427246094,122.77999877929688,398.0,157.82000732421875,151.27999877929688,1317.9512939453125,82.87000274658203,309.02093505859375,424.69000244140625,300.70361328125,199.02999877929688,124.31826782226562,48.498016357421875,23.38529396057129,38.29999923706055,167.990478515625,956.3209838867188,59.36094284057617,479.20001220703125,62.75,113.93429565429688,112.87606048583984,707.1138305664062,324.9162292480469,277.8699951171875,278.8168029785156,35.47999954223633,84.7035903930664,281.67999267578125,27.998516082763672,293.8265686035156,174.61000061035156,131.02626037597656,994.9862060546875,93.87000274658203,185.72496032714844,97.60250091552734,76.88420867919922,205.02215576171875,561.84375,189.2074737548828,95.64710998535156,129.81820678710938,98.56999969482422,56.49634552001953,95.61690521240234,71.49356079101562,291.5636291503906,143.45616149902344,975.4156494140625,356.684326171875,38.88991165161133,83.98369598388672,11.39634895324707,81.72000122070312,91.7699966430664,283.4167175292969,872.4542236328125,138.46002197265625,74.33885955810547,286.68743896484375,287.3883361816406,842.2778930664062,21.639999389648438,326.4414978027344,235.75729370117188,69.30000305175781,38.41999816894531,240.61904907226562,156.69802856445312,69.19416046142578,44.130001068115234,429.14697265625,460.989990234375,247.41163635253906,243.04225158691406,291.3497314453125,22.089643478393555,147.05331420898438,75.56214904785156,64.77120208740234,17.034738540649414,494.1972351074219,702.760009765625,918.189453125,600.4591064453125,235.15122985839844,213.5095977783203,497.96807861328125,308.6963806152344,864.4042358398438,244.77000427246094,85.87518310546875,615.2294921875,1729.02001953125,70.18220520019531,571.6002197265625,144.48277282714844,69.11000061035156,65.01766967773438,119.43114471435547,98.97602844238281,163.69033813476562,369.3699951171875,124.80000305175781,337.7880554199219,92.20464324951172,96.1500015258789,52.35155487060547,104.55000305175781,174.1969757080078,36.75,146.08975219726562,160.32000732421875,153.67318725585938,27.6240177154541,143.36048889160156,198.04953002929688,131.2275848388672,146.27999877929688,163.98049926757812,45.08139419555664,128.3061065673828,48.970001220703125,192.0998077392578,168.2845916748047,89.06794738769531,30.43758773803711,77.12999725341797,319.72100830078125,22.770000457763672,150.82000732421875,396.4800109863281,95.7273941040039,15.880000114440918,20.700000762939453,401.4684753417969,648.6688842773438,327.7151184082031,28.31065559387207,62.49074935913086,120.06561279296875,159.1786346435547,491.03778076171875,26.510000228881836,140.7081756591797,371.75,337.1604309082031,22.690000534057617,193.15855407714844,71.93000030517578,269.0533142089844,241.36599731445312,96.74911499023438,10.960000038146973,48.43000030517578,301.6147155761719,175.66000366210938,81.32237243652344,245.91163635253906,87.9250259399414,14.744468688964844,250.5278778076172,446.5400085449219,150.11976623535156,53.985836029052734,48.62718963623047,79.15744018554688,124.04327392578125,60.82136917114258,49.197662353515625,161.33306884765625,145.96624755859375,168.51620483398438
2026-04-01,255.3946990966797,213.21116638183594,101.74170684814453,193.08126831054688,241.3699951171875,319.70428466796875,199.764404296875,203.03042602539062,353.3606872558594,210.2100067138672,350.6322021484375,210.57000732421875,124.8499984741211,387.8399963378906,154.13999938964844,155.07000732421875,1356.7965087890625,83.98999786376953,312.99462890625,423.57000732421875,299.6796875,207.32000732421875,122.60401153564453,49.01532745361328,23.355592727661133,38.439998626708984,166.96266174316406,952.03515625,60.41798400878906,478.5,62.0,113.28035736083984,114.75715637207031,728.9322509765625,326.14239501953125,280.19000244140625,279.0264587402344,34.33000183105469,84.88247680664062,288.7300109863281,27.67295265197754,295.4083557128906,172.99000549316406,127.43296813964844,995.1160278320312,95.91999816894531,185.29713439941406,98.32749938964844,77.22112274169922,195.61830139160156,569.224609375,190.39500427246094,95.82573699951172,129.77853393554688,96.19000244140625,56.9340705871582,97.07386016845703,70.4376449584961,297.2903137207031,139.338134765625,991.078125,364.55255126953125,39.40949249267578,86.0126724243164,11.534605979919434,81.1500015258789,96.01000213623047,292.31561279296875,894.3230590820312,139.3839569091797,74.87769317626953,294.7226257324219,297.2124938964844,856.435546875,21.979999542236328,327.1064758300781,238.02069091796875,70.11000061035156,38.63999938964844,241.3635711669922,157.4950714111328,69.71993255615234,48.029998779296875,422.68560791015625,464.45001220703125,248.96792602539062,242.7240753173828,292.5580749511719,21.873559951782227,151.79025268554688,75.59195709228516,65.46713256835938,17.173070907592773,492.2733154296875,764.6500244140625,952.8796997070312,613.6229248046875,234.8526611328125,221.8537139892578,489.98516845703125,305.219970703125,871.3565673828125,249.36000061035156,85.29045867919922,620.2470092773438,1718.969970703125,70.6287841796875,578.6936645507812,144.50267028808594,68.0999984741211,64.51519012451172,119.97721862792969,106.63030242919922,165.28176879882812,368.57171630859375,122.77999877929688,367.7934265136719,92.17486572265625,95.55000305175781,44.23419189453125,104.04000091552734,175.54541015625,36.47999954223633,144.22279357910156,160.6699981689453,153.0398406982422,28.086383819580078,143.0131072998047,193.17420959472656,132.3693084716797,146.49000549316406,156.036376953125,44.48336410522461,126.8116226196289,48.59000015258789,193.91226196289062,168.43202209472656,89.90306091308594,30.268930435180664,75.86000061035156,324.8576965332031,22.510000228881836,153.1199951171875,396.739990234375,96.14395141601562,15.630000114440918,21.1200008392334,401.30804443359375,653.5562744140625,328.5229797363281,27.646589279174805,62.76751708984375,119.3226318359375,161.5010223388672,494.0447692871094,26.06999969482422,143.93894958496094,381.260009765625,340.692138671875,21.979999542236328,195.30763244628906,71.70999908447266,272.424072265625,241.86341857910156,96.28691101074219,11.180000305175781,49.2599983215332,297.8924560546875,172.74000549316406,82.49638366699219,240.31822204589844,88.24223327636719,14.852450370788574,259.3160400390625,447.260009765625,153.7447052001953,54.14564895629883,47.842567443847656,80.11198425292969,124.50239562988281,58.547767639160156,49.267417907714844,164.02642822265625,147.08132934570312,159.69607543945312
2026-04-02,255.68443298339844,207.12168884277344,102.2286605834961,197.2650604248047,242.9199981689453,317.47039794921875,202.47384643554688,205.945068359375,348.0373229980469,217.5,345.3322448730469,209.77000427246094,126.68000030517578,386.3699951171875,157.11000061035156,149.11000061035156,1314.359130859375,92.62000274658203,314.0529479980469,412.80999755859375,299.36053466796875,208.22000122070312,120.93930053710938,49.124759674072266,23.16748046875,38.630001068115234,167.3516845703125,961.143798828125,58.93472671508789,477.3500061035156,62.81999969482422,112.0121078491211,114.70738983154297,715.8571166992188,327.3087463378906,278.7200012207031,272.39678955078125,34.08000183105469,84.61414337158203,294.8399963378906,27.5545654296875,303.53619384765625,171.4600067138672,129.5571746826172,1013.4894409179688,101.44999694824219,186.2323760986328,99.77999877929688,78.7254867553711,197.1641387939453,574.2216796875,190.7243194580078,95.87535858154297,131.0872344970703,96.54000091552734,56.29737854003906,96.47335815429688,68.85377502441406,299.521240234375,141.54103088378906,995.446533203125,360.1048583984375,39.11539077758789,84.8291015625,11.455601692199707,82.52999877929688,94.58999633789062,280.8099670410156,898.111083984375,138.7978057861328,72.38310241699219,294.2828674316406,295.59344482421875,859.2531127929688,22.56999969482422,319.23553466796875,239.32447814941406,68.9000015258789,37.970001220703125,246.34689331054688,162.37692260742188,69.00566864013672,50.380001068115234,419.32098388671875,452.07000732421875,250.69381713867188,241.65025329589844,291.7855224609375,22.38430404663086,151.4906463623047,76.22785186767578,65.61625671386719,16.935928344726562,501.01568603515625,826.8800048828125,933.9722290039062,618.7393798828125,229.9263153076172,218.28623962402344,491.7691345214844,305.07098388671875,883.3033447265625,253.1199951171875,85.85536193847656,620.8555297851562,1715.52001953125,70.18220520019531,573.9281005859375,143.7266845703125,68.33999633789062,64.79106140136719,120.00701141357422,107.0300064086914,164.92369079589844,372.6528625488281,119.83000183105469,366.18365478515625,92.47268676757812,98.66000366210938,43.798091888427734,102.0,177.18348693847656,36.97999954223633,145.36480712890625,163.2100067138672,155.37527465820312,27.86012077331543,142.05035400390625,195.163330078125,132.80613708496094,148.4600067138672,156.800048828125,45.19103240966797,126.3333969116211,51.439998626708984,195.39608764648438,168.83502197265625,89.8434066772461,30.31853485107422,77.54000091552734,317.1776123046875,23.219999313354492,151.85000610351562,395.95001220703125,96.6497573852539,15.850000381469727,21.139999389648438,406.96185302734375,654.144775390625,330.65728759765625,27.666120529174805,61.55170440673828,119.3226318359375,160.76344299316406,490.96783447265625,26.469999313354492,140.79791259765625,360.5899963378906,338.2478942871094,22.049999237060547,193.88485717773438,71.83999633789062,275.6854553222656,243.44520568847656,96.55243682861328,10.9399995803833,48.900001525878906,300.17767333984375,173.97999572753906,82.10175323486328,242.93577575683594,89.44166564941406,14.93098258972168,261.23565673828125,438.7099914550781,150.9685821533203,53.75611114501953,47.852256774902344,80.14181518554688,125.55039978027344,58.82576370239258,49.35710144042969,163.36807250976562,146.16537475585938,159.60667419433594
2026-04-06,258.6217041015625,204.9893798828125,101.6622085571289,194.93310546875,244.36000061035156,326.46575927734375,202.80136108398438,207.26809692382812,352.1821594238281,220.17999267578125,340.00250244140625,212.7899932861328,126.25,412.67999267578125,159.49000549316406,148.77000427246094,1301.16796875,94.80999755859375,313.9331359863281,413.07000732421875,304.8953857421875,212.3000030517578,121.19692993164062,49.801246643066406,23.16748046875,38.4900016784668,175.74818420410156,954.0338134765625,58.66774368286133,476.3800048828125,62.59000015258789,111.20954132080078,116.80745697021484,719.8695068359375,325.8832092285156,279.3900146484375,274.733154296875,36.130001068115234,84.00790405273438,292.29998779296875,27.28819465637207,306.9783630371094,174.7899932861328,130.66891479492188,1017.0741577148438,102.45999908447266,184.09324645996094,99.65249633789062,80.14019775390625,197.0551300048828,573.603271484375,191.7222442626953,95.54786682128906,130.2841796875,99.37999725341797,56.814693450927734,96.95572662353516,70.63688659667969,301.3836669921875,141.9478759765625,1011.0792846679688,362.8871765136719,39.41929244995117,85.10758209228516,11.465476989746094,82.29000091552734,93.81999969482422,288.3305969238281,896.9017333984375,139.21507263183594,73.27117919921875,297.48095703125,299.8109130859375,862.2498779296875,22.760000228881836,324.2181396484375,238.03111267089844,69.77999877929688,39.52000045776367,244.93727111816406,165.77430725097656,69.5810546875,50.779998779296875,414.2392272949219,452.5799865722656,251.76129150390625,239.5920867919922,294.125,23.15041732788086,153.80967712402344,76.72463989257812,66.2525405883789,17.094022750854492,497.8955383300781,772.280029296875,925.4668579101562,633.7511596679688,234.07638549804688,220.4946746826172,499.80181884765625,307.67333984375,855.82373046875,255.00999450683594,85.50849151611328,623.6485595703125,1710.3699951171875,70.49977111816406,572.4894409179688,143.75653076171875,67.69999694824219,65.56941986083984,119.98714447021484,109.42821502685547,165.6597442626953,372.0741271972656,127.69000244140625,377.701904296875,92.05574035644531,98.93000030517578,43.63951110839844,102.41999816894531,177.43319702148438,36.66999816894531,144.53062438964844,161.9499969482422,155.0981903076172,27.378076553344727,141.70297241210938,196.29283142089844,131.39637756347656,147.92999267578125,159.02162170410156,45.330570220947266,125.267333984375,50.900001525878906,197.5869598388672,168.1961212158203,94.22770690917969,30.397903442382812,77.43000030517578,315.57177734375,22.049999237060547,149.3800048828125,397.07000732421875,96.14395141601562,16.270000457763672,20.780000686645508,409.7463073730469,657.23681640625,331.4152526855469,27.656356811523438,61.680206298828125,121.066162109375,161.29171752929688,487.70111083984375,27.020000457763672,143.29080200195312,352.82000732421875,340.9615173339844,22.209999084472656,198.41184997558594,72.16999816894531,279.76214599609375,244.27090454101562,95.54934692382812,11.329999923706055,48.61000061035156,302.70245361328125,174.63999938964844,82.65422821044922,244.41873168945312,89.57052612304688,14.862266540527344,258.6761779785156,434.29998779296875,151.3780059814453,53.945884704589844,47.61008834838867,81.38470458984375,126.54849243164062,59.252685546875,49.70588302612305,164.2060089111328,145.6376953125,162.2686004638672
2026-04-07,253.26666259765625,204.67201232910156,101.19513702392578,193.31642150878906,240.13999938964844,326.5156555175781,202.0768585205078,209.42672729492188,353.8700866699219,221.52999877929688,337.4517517089844,213.77000427246094,133.63999938964844,410.44000244140625,156.63999938964844,143.86000061035156,1303.6026611328125,92.56999969482422,333.4422607421875,372.8699951171875,306.19183349609375,210.0,118.63050079345703,50.02010726928711,23.543704986572266,38.279998779296875,172.97515869140625,953.0891723632812,57.026268005371094,478.0799865722656,61.86000061035156,111.6950454711914,116.57853698730469,723.0634155273438,326.38165283203125,279.4800109863281,272.1571350097656,34.47999954223633,82.6165542602539,297.3399963378906,27.41644859313965,308.97796630859375,175.17999267578125,130.79795837402344,1011.741943359375,106.79000091552734,182.03375244140625,105.80750274658203,80.37930297851562,199.71080017089844,574.5109252929688,190.6145477294922,95.05167388916016,130.690673828125,96.29000091552734,57.01365661621094,96.81790161132812,68.90357971191406,310.5662841796875,143.1187744140625,1002.3324584960938,367.83349609375,39.32126235961914,85.04791259765625,11.376598358154297,83.72000122070312,94.97000122070312,288.24072265625,910.284912109375,137.8937530517578,72.60263061523438,303.7471923828125,305.27764892578125,860.3582763671875,23.149999618530273,316.3968200683594,233.47305297851562,69.6500015258789,39.099998474121094,243.27947998046875,165.6846466064453,69.76953887939453,52.90999984741211,407.1724853515625,452.95001220703125,252.3099822998047,237.04673767089844,296.0662536621094,22.76736068725586,154.68756103515625,75.42304992675781,66.36190032958984,16.53080940246582,493.0309143066406,815.75,929.489990234375,623.6174926757812,230.5035400390625,224.19207763671875,496.59271240234375,302.79638671875,855.6738891601562,254.0800018310547,85.6472396850586,624.3368530273438,1742.300048828125,70.65855407714844,574.5175170898438,143.6072998046875,66.70999908447266,65.27384185791016,118.42835235595703,109.29830932617188,167.52969360351562,371.48541259765625,123.72000122070312,377.52191162109375,92.98889923095703,98.81999969482422,42.31139373779297,100.55000305175781,177.89266967773438,36.90999984741211,142.1770782470703,169.8699951171875,151.61485290527344,26.659931182861328,140.24395751953125,196.76263427734375,132.26010131835938,150.07000732421875,156.19505310058594,44.72257614135742,123.61344146728516,52.779998779296875,197.09898376464844,166.58413696289062,94.65520477294922,30.31853485107422,77.12000274658203,313.1480407714844,22.670000076293945,149.24000549316406,397.8999938964844,96.02493286132812,16.110000610351562,20.8799991607666,405.923583984375,657.5260009765625,331.1858825683594,27.382917404174805,61.779052734375,118.40133666992188,157.0655517578125,489.0097961425781,25.969999313354492,139.80076599121094,346.6499938964844,344.5132141113281,20.700000762939453,198.73023986816406,71.7300033569336,305.982421875,244.8379669189453,95.95254516601562,10.970000267028809,47.95000076293945,301.924072265625,172.52000427246094,82.40758514404297,250.30079650878906,89.69938659667969,15.02914810180664,262.24542236328125,431.8599853515625,153.46507263183594,54.02579116821289,47.0966911315918,81.2852783203125,122.25668334960938,59.729248046875,49.70588302612305,163.87681579589844,145.9264373779297,162.8049774169922
2026-04-08,258.66168212890625,209.84906005859375,102.91435241699219,189.92626953125,239.30999755859375,345.2642822265625,199.26817321777344,210.9586639404297,385.2410888671875,231.82000732421875,347.188232421875,221.25,145.07000732421875,391.20001220703125,154.66000366210938,148.91000366210938,1417.9530029296875,96.45999908447266,350.0759582519531,391.5299987792969,315.4764099121094,217.8000030517578,124.1795425415039,51.611839294433594,24.63277244567871,38.08000183105469,180.54611206054688,995.927734375,58.53919219970703,479.75,62.560001373291016,116.58969116210938,122.9085922241211,770.1138916015625,331.6053771972656,289.5,283.8290100097656,36.02000045776367,85.02161407470703,320.70001220703125,27.58416175842285,301.2480773925781,175.08999633789062,124.29627227783203,1028.7772216796875,110.20999908447266,175.47708129882812,106.62750244140625,83.38804626464844,191.13931274414062,607.7447509765625,195.78382873535156,98.42581939697266,130.47254943847656,91.05999755859375,60.127471923828125,100.59809112548828,71.16484069824219,316.94036865234375,137.97869873046875,1012.6514282226562,384.5173645019531,40.91920852661133,88.92683410644531,12.028382301330566,83.51000213623047,98.18000030517578,307.6764831542969,935.5919799804688,140.6158447265625,76.57401275634766,314.5506896972656,317.1305847167969,901.7756958007812,21.34000015258789,333.6573486328125,242.4744415283203,71.83000183105469,40.41999816894531,239.9738006591797,167.16912841796875,73.54917907714844,58.95000076293945,386.5975341796875,462.2799987792969,259.85205078125,239.9202117919922,306.5888366699219,22.54145622253418,167.02081298828125,76.79419708251953,68.29061889648438,17.133546829223633,498.9023742675781,896.02001953125,951.6618041992188,624.4122924804688,242.4959716796875,246.31649780273438,505.4028015136719,304.9418640136719,870.2177734375,250.32000732421875,87.8572998046875,642.0827026367188,1775.739990234375,73.77467346191406,611.8529052734375,148.40249633789062,65.63999938964844,65.81573486328125,122.3005142211914,114.36451721191406,175.07913208007812,373.52099609375,128.3000030517578,406.6674499511719,93.48526763916016,99.38999938964844,42.747493743896484,97.47000122070312,181.8680419921875,37.61000061035156,142.66368103027344,173.77999877929688,153.18829345703125,27.023921966552734,143.81704711914062,198.0020751953125,136.41990661621094,140.75999450683594,159.61668395996094,45.69935607910156,127.04077911376953,51.630001068115234,202.63592529296875,166.2892608642578,96.64354705810547,30.616167068481445,75.75,334.80194091796875,23.3700008392334,149.99000549316406,410.1600036621094,96.37205505371094,16.489999771118164,21.3799991607666,412.43634033203125,674.27294921875,339.104736328125,26.709087371826172,64.01298522949219,121.9676513671875,161.1123046875,502.955810546875,26.209999084472656,150.1412353515625,343.25,365.04510498046875,20.25,207.84393310546875,72.37999725341797,304.2423400878906,247.8224639892578,98.78479766845703,11.0600004196167,51.400001525878906,308.32080078125,166.57000732421875,85.57445526123047,238.50682067871094,91.31515502929688,15.48071002960205,280.9715270996094,443.9200134277344,155.6719970703125,56.43292999267578,46.53486251831055,84.17874145507812,127.0176010131836,57.63435363769531,51.02127456665039,170.02169799804688,149.0128173828125,155.16680908203125
2026-04-09,260.2502136230469,210.6523895263672,102.07958984375,183.81971740722656,229.94000244140625,350.40020751953125,194.54400634765625,213.3958282470703,397.3160705566406,236.63999938964844,352.9348449707031,233.64999389648438,146.0500030517578,379.1400146484375,148.61000061035156,149.7949981689453,1445.4827880859375,91.61000061035156,354.34918212890625,351.3299865722656,316.9024963378906,220.05999755859375,126.51806640625,52.43754577636719,24.79118537902832,36.18000030517578,176.15716552734375,996.00732421875,58.80617904663086,485.20001220703125,61.279998779296875,115.8267593383789,124.33186340332031,785.5744018554688,331.9044189453125,281.010009765625,279.81524658203125,36.380001068115234,85.50858306884766,328.3299865722656,27.92945671081543,297.3880615234375,169.02000427246094,122.5591812133789,1030.53466796875,107.93000030517578,170.41018676757812,98.66999816894531,82.86002349853516,188.6322784423828,616.40234375,192.5904541015625,99.03118133544922,131.8605499267578,90.52999877929688,59.968299865722656,100.36182403564453,73.0077133178711,315.58587646484375,135.52772521972656,1026.492919921875,399.33642578125,40.80156707763672,87.7432632446289,12.087635040283203,80.66000366210938,98.3499984741211,312.6302795410156,967.525634765625,141.16226196289062,76.56404113769531,316.1797180175781,318.29986572265625,899.7545776367188,19.670000076293945,337.0518798828125,246.21893310546875,70.12000274658203,40.90999984741211,235.4470977783203,161.37066650390625,73.35077667236328,61.720001220703125,360.09490966796875,454.94000244140625,261.3385009765625,239.93014526367188,308.938232421875,22.855758666992188,172.50582885742188,77.67848205566406,69.4438705444336,17.222476959228516,501.7134704589844,894.1300048828125,953.5485229492188,619.8123779296875,246.6261444091797,258.5778503417969,502.7272644042969,307.4647216796875,872.46533203125,229.49000549316406,87.1239242553711,643.5590209960938,1793.2099609375,74.08232116699219,627.8081665039062,149.7256622314453,62.38999938964844,66.46601104736328,121.80408477783203,119.8404312133789,177.2076873779297,372.26373291015625,128.86000061035156,421.4451904296875,93.79301452636719,102.05000305175781,43.609779357910156,89.80999755859375,183.69590759277344,37.439998626708984,137.38204956054688,166.99000549316406,155.8502960205078,26.777982711791992,145.56390380859375,199.79129028320312,137.0255126953125,130.49000549316406,159.92413330078125,45.82892990112305,127.27989959716797,46.18000030517578,202.34713745117188,161.68923950195312,96.35523986816406,30.695533752441406,76.0199966430664,334.8617858886719,23.219999313354492,132.24000549316406,404.9200134277344,96.78860473632812,16.270000457763672,21.420000076293945,400.5057373046875,678.162841796875,338.237060546875,26.21103858947754,64.12171936035156,122.86912536621094,164.46133422851562,499.9588317871094,25.959999084472656,152.18539428710938,345.6199951171875,364.6360778808594,20.610000610351562,213.8931884765625,71.80999755859375,305.16705322265625,249.85191345214844,99.955078125,10.4399995803833,50.93000030517578,307.6522216796875,157.0800018310547,85.59419250488281,233.98829650878906,91.9693832397461,15.559242248535156,287.5801696777344,446.7799987792969,152.53639221191406,56.37300109863281,46.28300857543945,85.53099822998047,128.884033203125,56.91950988769531,51.150821685791016,171.76739501953125,148.67431640625,153.99476623535156
2026-04-10,260.240234375,206.22909545898438,99.6746826171875,177.39694213867188,225.35000610351562,349.1835632324219,187.36843872070312,209.8843231201172,398.9939880371094,245.0399932861328,348.3891296386719,238.3800048828125,147.35000610351562,391.3800048828125,143.33999633789062,148.92999267578125,1475.0582275390625,94.9000015258789,370.9628601074219,345.94000244140625,312.6441650390625,217.6300048828125,126.17124938964844,52.26842498779297,24.6624755859375,34.709999084472656,173.02503967285156,993.7102661132812,57.965667724609375,479.8999938964844,61.790000915527344,113.77576446533203,123.80435943603516,789.1575927734375,326.89007568359375,265.6600036621094,286.0555725097656,34.86000061035156,83.81907653808594,351.30999755859375,27.5545654296875,293.77679443359375,167.85000610351562,121.6459732055664,997.0232543945312,119.58999633789062,164.53533935546875,94.75499725341797,81.91356658935547,186.83871459960938,603.4359130859375,189.2174530029297,98.4158935546875,130.66091918945312,90.02999877929688,60.24685287475586,100.58824157714844,72.39009857177734,310.26751708984375,135.14073181152344,1025.1695556640625,401.8893737792969,40.781959533691406,87.65374755859375,11.97900390625,76.69999694824219,99.38999938964844,307.96612548828125,990.813720703125,138.08250427246094,76.25470733642578,315.53009033203125,317.0506286621094,903.8167114257812,19.420000076293945,334.8285827636719,245.15504455566406,69.19000244140625,41.560001373291016,229.07400512695312,160.0057373046875,73.6583023071289,62.380001068115234,349.3923034667969,450.6199951171875,260.6800537109375,237.09645080566406,308.4803161621094,22.64949607849121,173.5065460205078,76.97303771972656,68.53916931152344,17.143428802490234,501.5639343261719,897.2999877929688,937.8555297851562,609.7283935546875,243.0532989501953,263.4743957519531,497.82550048828125,303.62078857421875,864.6439208984375,225.9499969482422,86.43017578125,641.5040893554688,1773.9599609375,73.31817626953125,629.2767333984375,149.5465850830078,58.810001373291016,66.3871841430664,120.5530776977539,128.45831298828125,176.69046020507812,370.0684814453125,128.63999938964844,420.52532958984375,93.39592742919922,103.01000213623047,42.24201583862305,83.0,188.41041564941406,37.52000045776367,137.6112518310547,155.72999572753906,155.4247589111328,26.48285484313965,144.0751190185547,194.04383850097656,136.2014923095703,128.05999755859375,159.13070678710938,45.09136199951172,127.58875274658203,43.810001373291016,200.72389221191406,160.31317138671875,96.03710174560547,30.31853485107422,77.16999816894531,335.2407531738281,25.260000228881836,121.11000061035156,392.239990234375,96.35222625732422,16.219999313354492,21.049999237060547,392.105224609375,677.7140502929688,338.24700927734375,26.11038589477539,63.24197769165039,120.74916076660156,161.0724334716797,495.6131591796875,25.399999618530273,149.87200927734375,348.95001220703125,369.734130859375,20.09000015258789,213.6444549560547,70.4800033569336,302.6016845703125,249.21522521972656,100.01407623291016,10.65999984741211,50.959999084472656,303.7303161621094,151.42999267578125,85.89015197753906,237.69070434570312,92.16764068603516,15.402176856994629,295.048583984375,436.2699890136719,154.51361083984375,56.68263244628906,45.268306732177734,84.9145278930664,126.52852630615234,56.53230285644531,50.5927734375,171.0990447998047,146.66317749023438,151.4818115234375
2026-04-13,258.96142578125,204.7711944580078,100.06224822998047,189.66937255859375,240.11000061035156,349.0539245605469,193.90882873535156,213.96282958984375,395.2386779785156,246.8300018310547,347.1981506347656,239.88999938964844,152.02000427246094,417.45001220703125,148.52000427246094,157.5800018310547,1496.9302978515625,98.97000122070312,379.1499328613281,359.6300048828125,322.9360046386719,222.13999938964844,126.84505462646484,53.07423782348633,25.41492462158203,36.7599983215332,176.80552673339844,1017.9138793945312,57.41191864013672,480.19000244140625,63.18000030517578,120.70159149169922,125.68545532226562,790.2255249023438,328.9536437988281,288.20001220703125,291.2674560546875,33.65999984741211,83.46131134033203,365.4599914550781,27.67295265197754,299.0395202636719,174.52999877929688,122.70807647705078,979.4287719726562,134.36000061035156,172.37510681152344,100.55999755859375,82.04307556152344,190.03939819335938,601.48095703125,195.4644775390625,100.41060638427734,129.28282165527344,93.52999877929688,60.754215240478516,101.20842742919922,74.26286315917969,314.78912353515625,135.90480041503906,1051.6385498046875,402.2483825683594,41.115272521972656,87.87255859375,12.008630752563477,78.73999786376953,98.77999877929688,311.5116882324219,990.6138305664062,138.1222381591797,76.66382598876953,319.01800537109375,321.1181945800781,886.88134765625,20.030000686645508,338.6201477050781,243.69479370117188,71.66999816894531,41.59000015258789,236.0824432373047,163.70201110839844,74.34280395507812,65.18000030517578,367.81072998046875,458.9599914550781,264.4411315917969,236.59930419921875,312.2732238769531,22.020889282226562,176.6525421142578,75.91984558105469,68.9865493774414,17.054500579833984,507.2658996582031,871.1799926757812,927.9525756835938,615.6595458984375,245.89964294433594,267.1318359375,507.7288818359375,302.45867919921875,863.6151123046875,236.13999938964844,87.2131118774414,648.476806640625,1831.9300537109375,74.78692626953125,633.9425048828125,152.00387573242188,63.54999923706055,65.8255844116211,119.29214477539062,131.2676239013672,180.1717529296875,383.539306640625,132.36000061035156,426.4944152832031,91.62886810302734,103.16000366210938,42.52944564819336,89.05999755859375,189.08961486816406,37.97999954223633,155.08047485351562,162.50999450683594,154.25704956054688,26.896034240722656,142.5069122314453,199.48143005371094,136.16177368164062,132.3699951171875,161.41180419921875,47.35390090942383,130.75706481933594,48.61000061035156,200.57452392578125,166.67262268066406,96.91197967529297,30.497114181518555,76.05000305175781,333.5152587890625,25.969999313354492,134.24000549316406,417.7699890136719,95.14224243164062,17.049999237060547,21.049999237060547,405.9424743652344,684.3369750976562,346.3154602050781,25.271617889404297,62.87624740600586,116.77668762207031,158.80984497070312,513.7150268554688,27.149999618530273,149.54293823242188,352.4200134277344,368.70654296875,21.219999313354492,215.6144561767578,72.33999633789062,311.22247314453125,250.04092407226562,100.32877349853516,11.010000228881836,52.18000030517578,308.74993896484375,158.4499969482422,86.46236419677734,240.93528747558594,92.51457977294922,15.362910270690918,299.8975830078125,440.04998779296875,157.978759765625,57.11212158203125,44.658695220947266,86.14747619628906,124.33271789550781,56.70108413696289,51.47966766357422,172.30606079101562,147.32028198242188,151.61094665527344
2026-04-14,258.59173583984375,208.52999877929688,100.42000579833984,188.10813903808594,235.72000122070312,347.64776611328125,193.611083984375,213.75393676757812,395.1487731933594,255.07000732421875,348.3197021484375,249.02000427246094,154.3699951171875,433.510009765625,148.83999633789062,161.22000122070312,1514.990966796875,88.56999969482422,380.17828369140625,380.8599853515625,326.0674133300781,223.77000427246094,130.15467834472656,53.07423782348633,26.16737174987793,37.0,180.6658172607422,1048.6507568359375,57.431697845458984,477.5400085449219,63.81999969482422,125.1701889038086,128.9699249267578,792.7407836914062,324.726806640625,292.3699951171875,296.1498718261719,34.5099983215332,83.64019775390625,384.3500061035156,27.761741638183594,295.4978942871094,184.41000366210938,117.91370391845703,973.3875732421875,159.52000427246094,170.86898803710938,99.62249755859375,82.30210876464844,185.32260131835938,594.4990844726562,198.19882202148438,101.80988311767578,128.6681365966797,91.45999908447266,61.91816711425781,102.02549743652344,76.12565612792969,312.08013916015625,132.5607452392578,1052.166015625,400.79241943359375,41.36035919189453,88.92683410644531,12.55178451538086,78.69999694824219,100.75,317.6040954589844,986.9956665039062,139.53297424316406,79.28813171386719,330.38116455078125,332.7112731933594,905.638671875,20.079999923706055,340.1585693359375,243.27757263183594,79.08999633789062,42.130001068115234,238.51454162597656,161.44039916992188,75.69196319580078,63.810001373291016,365.1823425292969,467.2200012207031,268.0824890136719,238.72706604003906,309.7247009277344,21.71640968322754,179.36207580566406,75.4131088256836,68.88713073730469,17.173070907592773,498.0749816894531,852.7899780273438,920.9147338867188,607.6023559570312,247.25314331054688,272.2182312011719,512.3012084960938,301.1773681640625,861.8370361328125,233.60000610351562,87.33204650878906,651.7686157226562,1840.6600341796875,75.46175384521484,661.8765258789062,151.76510620117188,61.689998626708984,64.65312194824219,119.10350036621094,133.7969970703125,182.3599853515625,392.2604064941406,137.41000366210938,465.5884094238281,90.64606475830078,106.27999877929688,43.808006286621094,87.79000091552734,196.28123474121094,39.31999969482422,162.4348907470703,161.58999633789062,154.0987091064453,26.669769287109375,143.3009490966797,196.5027313232422,137.36306762695312,135.6999969482422,158.1587677001953,47.81239318847656,132.35116577148438,48.029998779296875,201.9687042236328,164.94268798828125,97.89620971679688,30.467350006103516,75.19000244140625,332.7372741699219,27.200000762939453,135.47000122070312,418.79998779296875,95.1719970703125,17.90999984741211,20.950000762939453,401.37408447265625,692.675537109375,344.9591064453125,25.28148651123047,62.9948616027832,118.41124725341797,159.75674438476562,526.6920166015625,27.100000381469727,150.44036865234375,364.20001220703125,379.00244140625,21.020000457763672,217.76351928710938,72.91000366210938,312.40570068359375,250.7373046875,101.5088882446289,11.0600004196167,52.84000015258789,310.725830078125,159.08999633789062,87.18255615234375,234.4660186767578,93.39680480957031,15.333460807800293,310.4454040527344,444.2799987792969,163.74069213867188,57.911170959472656,44.71769332885742,81.23555755615234,124.81181335449219,55.54939270019531,51.599246978759766,172.924560546875,148.17649841308594,148.23387145996094
2026-04-15,266.18475341796875,208.4199981689453,101.55999755859375,191.6950225830078,244.66000366210938,346.98956298828125,195.43722534179688,217.0863800048828,393.7704772949219,258.1199951171875,345.6101379394531,248.5,154.3300018310547,464.6300048828125,154.86000061035156,159.33999633789062,1478.54052734375,86.91000366210938,396.0931091308594,402.17999267578125,328.1617126464844,223.92999267578125,132.0670928955078,54.039222717285156,26.36538314819336,39.310001373291016,185.224365234375,1042.7239990234375,57.24381637573242,474.0899963378906,64.61000061035156,128.9947509765625,131.0699920654297,768.7064819335938,326.2520446777344,304.1000061035156,294.2727966308594,35.279998779296875,82.97432708740234,381.94000244140625,27.919591903686523,295.3685607910156,195.89999389648438,118.04273986816406,983.3231811523438,168.35000610351562,177.14280700683594,102.79000091552734,82.05303955078125,183.23175048828125,575.1492919921875,197.7297821044922,102.2564697265625,126.88356018066406,98.77999877929688,61.87837219238281,101.70063781738281,76.30496215820312,309.9189147949219,131.3699951171875,1047.797607421875,393.97125244140625,41.527015686035156,88.58866882324219,12.55178451538086,79.63999938964844,97.7699966430664,313.5391540527344,985.41650390625,138.857421875,77.61176300048828,334.2688293457031,336.91876220703125,895.5431518554688,21.760000228881836,336.38690185546875,242.18238830566406,87.31999969482422,42.560001373291016,243.01144409179688,164.45921325683594,75.68204498291016,64.94000244140625,388.00128173828125,468.3599853515625,268.75091552734375,237.30523681640625,304.5579833984375,21.618188858032227,174.58816528320312,74.82688903808594,68.76782989501953,17.094022750854492,496.370361328125,824.010009765625,903.4747924804688,607.1254272460938,242.82440185546875,264.9733581542969,519.08984375,304.1968994140625,862.4663696289062,244.05999755859375,86.32115936279297,649.7835693359375,1872.1199951171875,76.93049621582031,670.9581909179688,150.46185302734375,65.43000030517578,63.470802307128906,117.05821228027344,134.56680297851562,190.59573364257812,410.3312683105469,143.5399932861328,456.15985107421875,90.57656860351562,107.70999908447266,45.03700637817383,94.19000244140625,198.63848876953125,40.810001373291016,169.22128295898438,164.11000061035156,153.23777770996094,26.748470306396484,142.30841064453125,201.1406707763672,138.76290893554688,142.14999389648438,155.89752197265625,49.407135009765625,132.56039428710938,51.36000061035156,197.56704711914062,169.94570922851562,97.76696014404297,30.40782356262207,74.93000030517578,327.98956298828125,27.290000915527344,144.47999572753906,438.45001220703125,93.86283874511719,18.790000915527344,21.239999771118164,406.4143981933594,698.1414184570312,340.3314514160156,25.123598098754883,63.50886535644531,121.71998596191406,159.70689392089844,531.1375732421875,28.15999984741211,150.93894958496094,391.95001220703125,374.2236328125,22.3799991607666,215.19656372070312,77.27999877929688,312.2664794921875,246.748046875,101.85308074951172,11.300000190734863,54.84000015258789,315.2564392089844,167.3000030517578,86.84712219238281,233.88876342773438,93.46619415283203,15.304012298583984,301.09735107421875,441.70001220703125,162.71214294433594,58.02104187011719,44.27523422241211,79.83358001708984,124.5223617553711,55.360748291015625,51.987884521484375,170.75987243652344,147.12115478515625,148.0054168701172
2026-04-16,263.15753173828125,208.99000549316406,95.47000122070312,191.6950225830078,248.16000366210938,352.8335266113281,198.881103515625,212.7492218017578,389.4158935546875,278.260009765625,346.7713928222656,249.6999969482422,161.00999450683594,466.0899963378906,155.2100067138672,162.3300018310547,1407.755126953125,90.94000244140625,397.8403625488281,393.0799865722656,324.8707275390625,218.8800048828125,137.3287811279297,53.2334098815918,26.286178588867188,38.209999084472656,184.09718322753906,1019.20654296875,58.30187225341797,475.1199951171875,63.41999816894531,126.95366668701172,128.73104858398438,771.1917724609375,327.39849853515625,306.9599914550781,298.67596435546875,34.849998474121094,83.10353088378906,382.32000732421875,28.95547866821289,294.6920471191406,199.8300018310547,120.6731948852539,985.7796020507812,158.92999267578125,180.75347900390625,104.55000305175781,84.18506622314453,186.4423370361328,582.6797485351562,193.37881469726562,103.10992431640625,127.52799987792969,103.44999694824219,62.127079010009766,101.40531158447266,75.04981231689453,314.5401306152344,134.07000732421875,1065.6295166015625,391.647705078125,41.527015686035156,88.92683410644531,12.285144805908203,82.4000015258789,97.66000366210938,297.91864013671875,977.8203735351562,137.6453857421875,77.88118743896484,332.56982421875,335.81939697265625,896.0509033203125,21.829999923706055,334.6399841308594,239.25144958496094,86.8499984741211,42.72999954223633,249.1661376953125,163.1440887451172,76.02925109863281,68.5,385.40277099609375,458.0799865722656,269.3095703125,233.1988525390625,308.5599670410156,22.187864303588867,173.26385498046875,74.6977310180664,68.4298095703125,17.252117156982422,497.6463317871094,891.219970703125,902.4365234375,603.5389404296875,241.26190185546875,260.77630615234375,517.6721801757812,304.8921813964844,866.382080078125,251.13999938964844,84.8841323852539,651.09033203125,1822.1300048828125,76.5037612915039,676.2432250976562,149.77540588378906,66.37000274658203,63.9831428527832,114.63562774658203,133.33709716796875,186.3187255859375,419.35174560546875,148.94000244140625,457.1596984863281,91.16228485107422,107.79000091552734,45.294700622558594,96.44000244140625,198.1190948486328,40.93000030517578,177.72171020507812,166.97000122070312,156.73101806640625,26.777982711791992,142.04043579101562,203.3796844482422,141.14561462402344,142.75999450683594,154.95533752441406,49.64634704589844,133.9751739501953,51.939998626708984,195.03758239746094,174.378662109375,97.78684997558594,30.566560745239258,73.19000244140625,332.4779357910156,28.399999618530273,143.5500030517578,441.1499938964844,94.1207046508789,19.030000686645508,21.459999084472656,412.27587890625,699.8569946289062,337.47906494140625,26.051177978515625,65.13983154296875,122.75025939941406,156.96588134765625,515.4832763671875,28.5,150.26089477539062,388.8999938964844,362.5010681152344,22.760000228881836,221.97215270996094,76.4800033569336,314.6031494140625,249.7723388671875,103.3183822631836,11.0600004196167,55.27000045776367,314.4481201171875,167.69000244140625,86.53141784667969,240.59689331054688,94.3285903930664,15.411993980407715,294.0688171386719,435.6499938964844,165.2985076904297,58.140899658203125,45.99590301513672,80.78811645507812,124.58224487304688,56.17488098144531,51.84837341308594,169.91195678710938,145.96624755859375,150.9553985595703
2026-04-17,269.98126220703125,208.3800048828125,96.80999755859375,195.30165100097656,244.4499969482422,370.43536376953125,198.96051025390625,215.02723693847656,396.4471435546875,278.3900146484375,352.6370544433594,250.55999755859375,164.22999572753906,477.20001220703125,156.47000122070312,166.72999572753906,1456.6185302734375,85.52999877929688,405.8976135253906,402.8500061035156,330.7845153808594,223.3800048828125,139.72674560546875,53.631343841552734,26.999025344848633,38.810001373291016,191.52850341796875,1046.2442626953125,59.49836349487305,474.5799865722656,64.2300033569336,127.89493560791016,131.55767822265625,793.1400146484375,329.80096435546875,311.0299987792969,295.75048828125,35.25,85.27999877929688,396.010009765625,29.231714248657227,286.166259765625,206.3300018310547,115.18399047851562,998.4412231445312,160.69000244140625,181.67111206054688,105.98750305175781,85.92854309082031,182.32009887695312,588.9335327148438,194.3468017578125,105.48175048828125,126.9331283569336,100.51000213623047,63.3109245300293,102.69490814208984,75.90650177001953,321.7408142089844,128.42999267578125,1083.26220703125,405.09051513671875,42.340694427490234,89.70262145996094,12.709792137145996,81.83999633789062,100.33999633789062,303.7513732910156,1002.2379150390625,136.74131774902344,81.14411163330078,339.19586181640625,341.4760437011719,921.8870849609375,21.420000076293945,346.79876708984375,243.60092163085938,90.75,43.939998626708984,251.6180877685547,160.64337158203125,77.47761535644531,68.5,391.5157165527344,469.2099914550781,275.125732421875,232.84091186523438,308.8984375,22.06999969482422,178.91563415527344,75.25413513183594,69.96085357666016,17.400333404541016,490.6783752441406,894.0700073242188,925.4369506835938,588.3384399414062,250.51747131347656,267.41162109375,520.4276123046875,309.26251220703125,865.423095703125,263.3800048828125,85.41930389404297,663.7786865234375,1855.8299560546875,77.48623657226562,687.9124145507812,153.75482177734375,64.98999786376953,63.224483489990234,118.21985626220703,139.65554809570312,187.8107147216797,421.87628173828125,166.52000427246094,455.0000305175781,91.31119537353516,97.30999755859375,45.62177276611328,96.66000366210938,201.44520568847656,40.52000045776367,174.4530792236328,167.85000610351562,156.02841186523438,27.11246109008789,145.83187866210938,202.49008178710938,144.05450439453125,146.38999938964844,156.49258422851562,50.643062591552734,135.69879150390625,52.34000015258789,195.60520935058594,178.12355041503906,99.41728973388672,30.804662704467773,74.1500015258789,344.6563415527344,28.559999465942383,143.97999572753906,449.5799865722656,93.73390197753906,19.43000030517578,21.700000762939453,417.73150634765625,708.3152465820312,342.4059143066406,26.159725189208984,65.93060302734375,126.64346313476562,160.15542602539062,526.0726318359375,29.079999923706055,155.4062042236328,400.6199951171875,369.6343688964844,22.469999313354492,228.65818786621094,77.12000274658203,322.78643798828125,249.8419647216797,104.67550659179688,11.270000457763672,55.86000061035156,316.3641357421875,167.9499969482422,87.8731460571289,222.59242248535156,95.83531188964844,15.196028709411621,307.27606201171875,441.20001220703125,163.23141479492188,59.10974884033203,45.76975631713867,80.94721221923828,127.25714111328125,54.62604904174805,52.246978759765625,173.0841522216797,148.14663696289062,145.45274353027344
2026-04-20,272.79864501953125,203.7100067138672,96.0,192.74241638183594,248.6300048828125,380.00909423828125,200.8660430908203,214.0225067138672,391.1337585449219,274.95001220703125,347.5356140136719,248.27999877929688,166.85000610351562,490.9599914550781,158.6699981689453,175.10000610351562,1473.2821044921875,81.0,398.9985046386719,403.75,328.969482421875,225.0800018310547,138.89439392089844,53.671138763427734,27.45445442199707,39.630001068115234,191.5484619140625,1042.545166015625,58.469974517822266,472.0799865722656,60.9900016784668,127.80577087402344,132.423583984375,798.4000244140625,328.9635925292969,318.5,287.1139221191406,33.779998779296875,83.52999877929688,401.1199951171875,29.33036994934082,285.9673156738281,211.6300048828125,115.5909652709961,996.3942260742188,174.52999877929688,185.7904815673828,108.2874984741211,87.38310241699219,181.58680725097656,592.9830322265625,195.0952606201172,105.4916763305664,126.76458740234375,104.83999633789062,62.85330581665039,102.29129791259766,77.5501480102539,318.0657653808594,129.16000366210938,1098.53662109375,406.4468078613281,42.144630432128906,88.8472671508789,12.709792137145996,82.5999984741211,99.12999725341797,303.2220458984375,989.67431640625,134.9828643798828,80.36579895019531,335.1982727050781,337.2185974121094,937.6077880859375,21.65999984741211,348.376953125,239.626953125,91.2750015258789,43.25,251.85633850097656,160.0157012939453,76.92208099365234,65.69999694824219,403.04461669921875,465.6000061035156,276.6920166015625,229.37088012695312,315.5683898925781,21.814626693725586,180.3018798828125,74.99580383300781,70.22927856445312,17.370689392089844,496.5797119140625,895.1099853515625,918.3192138671875,577.4993896484375,252.0799560546875,262.9747619628906,515.785400390625,304.872314453125,858.0911865234375,264.1099853515625,84.23993682861328,667.91845703125,1870.0799560546875,77.10912322998047,670.2887573242188,150.6210174560547,68.41000366210938,63.65800476074219,116.26392364501953,147.80352783203125,189.68064880371094,417.1664733886719,170.80999755859375,448.3510437011719,91.34097290039062,94.83000183105469,46.06778335571289,99.72000122070312,201.82476806640625,40.459999084472656,176.96435546875,169.55999755859375,155.35549926757812,27.07311248779297,143.41012573242188,203.68954467773438,143.98500061035156,145.88999938964844,156.2545623779297,51.290924072265625,137.01394653320312,53.599998474121094,194.97781372070312,175.88250732421875,98.37340545654297,30.784822463989258,74.3499984741211,343.0405578613281,28.809999465942383,150.44000244140625,460.95001220703125,92.74211883544922,19.5,21.440000534057617,417.8919677734375,706.8988037109375,337.4391784667969,25.83408546447754,66.0393295288086,128.96156311035156,159.16867065429688,525.4932250976562,29.18000030517578,153.17257690429688,392.5,365.3843078613281,24.049999237060547,232.5185546875,77.48999786376953,321.6429748535156,250.8765869140625,105.33439636230469,11.09000015258789,56.04999923706055,313.29052734375,168.83999633789062,87.64623260498047,225.20999145507812,96.1822509765625,15.362910270690918,314.3446044921875,439.17999267578125,159.37681579589844,58.84006881713867,45.66160202026367,81.5040283203125,127.67633819580078,54.675689697265625,52.44628143310547,173.4731903076172,146.77268981933594,146.6843719482422
2026-04-21,265.9250183105469,205.1199951171875,92.72000122070312,192.1100311279297,247.17999267578125,374.2449035644531,201.34242248535156,215.20628356933594,393.8403625488281,284.489990234375,342.2752990722656,249.91000366210938,172.86000061035156,473.17999267578125,158.1300048828125,175.49000549316406,1455.790283203125,80.01000213623047,401.5345153808594,404.9200134277344,328.88970947265625,219.16000366210938,134.1479949951172,53.20356750488281,26.969322204589844,39.779998779296875,190.3813934326172,1037.0062255859375,58.72706985473633,468.5,59.52000045776367,127.32025909423828,131.06002807617188,800.4500122070312,328.2657775878906,325.8399963378906,277.26922607421875,32.689998626708984,81.80999755859375,403.0299987792969,28.659509658813477,282.9330139160156,195.9499969482422,119.37286376953125,1004.3526611328125,183.32000732421875,186.62831115722656,112.40249633789062,89.36568450927734,184.2920379638672,585.7816772460938,194.13723754882812,103.49696350097656,124.59334564208984,102.62999725341797,61.9281120300293,100.04680633544922,75.56781768798828,326.7803039550781,132.42999267578125,1088.9541015625,408.5709228515625,41.23291778564453,86.66909790039062,12.620912551879883,85.26000213623047,92.98999786376953,286.373046875,990.7937622070312,132.41970825195312,78.87902069091797,330.271240234375,332.0916442871094,922.4844360351562,22.149999618530273,341.3595886230469,231.7833251953125,86.43000030517578,42.5099983215332,253.8119354248047,158.04302978515625,75.83084869384766,66.26000213623047,403.0645446777344,451.2900085449219,273.8587646484375,224.8667755126953,311.5962829589844,21.588722229003906,178.30941772460938,74.2208023071289,69.22515106201172,17.094022750854492,493.2801513671875,836.9199829101562,901.4682006835938,568.2301025390625,249.99000549316406,258.1881103515625,510.4942626953125,299.8066711425781,841.3197631835938,261.42999267578125,81.26676177978516,663.96826171875,1854.1800537109375,76.89080047607422,668.220703125,147.7061004638672,67.86000061035156,63.69741439819336,111.75633239746094,151.27267456054688,188.29808044433594,423.2433166503906,163.97000122070312,449.3109130859375,89.94122314453125,92.58000183105469,45.978580474853516,100.13999938964844,199.64732360839844,39.41999816894531,180.54190063476562,174.9600067138672,153.30703735351562,26.866519927978516,141.25634765625,207.40789794921875,140.8974151611328,145.97000122070312,151.9899139404297,50.71282958984375,135.0611572265625,54.02000045776367,186.39358520507812,173.42523193359375,97.23011779785156,30.73521614074707,75.29000091552734,333.74462890625,28.43000030517578,150.83999633789062,467.5799865722656,91.16516876220703,18.829999923706055,20.780000686645508,419.7136535644531,702.2708129882812,326.4285583496094,25.538049697875977,64.34906005859375,130.8636016845703,158.7301025390625,524.044677734375,28.670000076293945,150.07144165039062,386.4200134277344,367.2200012207031,23.200000762939453,231.97132873535156,77.26000213623047,344.0450134277344,249.95140075683594,104.54766082763672,11.079999923706055,53.7400016784668,309.2987976074219,167.7899932861328,85.73230743408203,232.286376953125,94.47727966308594,14.911349296569824,312.375,436.5899963378906,154.69337463378906,58.13091278076172,45.49445343017578,81.08641815185547,129.3531494140625,55.46996307373047,52.117431640625,171.0192413330078,145.27928161621094,147.35980224609375
2026-04-22,272.9185791015625,200.5,91.69999694824219,187.8413543701172,255.94000244140625,380.37811279296875,200.1713104248047,213.03770446777344,402.9790344238281,303.4599914550781,343.327392578125,255.36000061035156,177.72999572753906,483.7099914550781,158.41000366210938,196.57000732421875,1440.513671875,84.66000366210938,421.98211669921875,403.1499938964844,331.9912109375,231.27999877929688,135.17852783203125,52.84542465209961,27.216838836669922,40.040000915527344,178.9501190185547,1056.516357421875,58.14365768432617,465.3999938964844,64.87000274658203,128.53897094726562,129.1192169189453,808.8699951171875,324.41778564453125,331.6099853515625,286.71453857421875,33.2599983215332,82.3499984741211,401.739990234375,28.975210189819336,284.23626708984375,206.24000549316406,121.69559478759766,1002.2457275390625,189.49000549316406,189.3114013671875,116.66999816894531,89.46531677246094,184.6289520263672,578.4906005859375,183.6589813232422,104.0229263305664,124.17694854736328,105.5199966430664,63.052268981933594,100.38151550292969,76.36473846435547,326.8699645996094,133.00999450683594,1096.85498046875,412.72943115234375,41.48780059814453,87.28575134277344,12.472780227661133,87.08999633789062,94.4800033569336,275.946044921875,1126.9842529296875,132.03225708007812,78.82913208007812,337.5268859863281,339.1174621582031,930.7380981445312,22.360000610351562,336.9725036621094,229.43649291992188,88.43000030517578,44.75,250.0198516845703,158.23233032226562,77.27921295166016,65.2699966430664,406.8776550292969,483.6199951171875,275.8240661621094,224.80712890625,311.6161804199219,21.500324249267578,180.97500610351562,74.15125274658203,68.84736633300781,17.103904724121094,493.0608215332031,873.5999755859375,919.8964233398438,551.8175048828125,245.19000244140625,265.3630676269531,509.3062438964844,298.048583984375,828.3141479492188,269.5400085449219,82.47586059570312,661.444580078125,1860.97998046875,76.38468170166016,674.09521484375,145.02993774414062,69.73999786376953,64.2196044921875,112.08397674560547,157.2812042236328,190.02879333496094,431.984375,179.36000061035156,487.4050598144531,89.34558868408203,93.23999786376953,45.274879455566406,103.06999969482422,202.26426696777344,39.150001525878906,186.84996032714844,181.1999969482422,152.1887969970703,26.364803314208984,141.78237915039062,202.62002563476562,140.40101623535156,152.6199951171875,162.6019287109375,51.05171203613281,135.5692901611328,55.2400016784668,180.15956115722656,171.0465850830078,98.9400863647461,30.76498031616211,74.98999786376953,334.28326416015625,29.18000030517578,155.57000732421875,477.260009765625,91.11558532714844,19.059999465942383,20.84000015258789,423.8572692871094,709.3825073242188,328.4731140136719,25.636728286743164,63.7065544128418,129.3776397705078,157.95265197753906,513.4652709960938,29.459999084472656,145.75376892089844,387.510009765625,386.5347900390625,23.559999465942383,235.1153564453125,75.58000183105469,351.5123596191406,248.1109619140625,103.55440521240234,11.34000015258789,57.72999954223633,310.64599609375,163.77999877929688,85.96907806396484,233.2517852783203,93.69417572021484,15.02914810180664,305.0765380859375,437.6700134277344,155.57212829589844,58.69024658203125,45.209312438964844,80.12193298339844,129.73240661621094,56.13516616821289,52.027748107910156,170.62020874023438,145.7372589111328,148.4921112060547
2026-04-23,273.1783142089844,200.9499969482422,92.4800033569336,176.1617889404297,238.97999572753906,402.7767639160156,197.0351104736328,215.4251251220703,403.40850830078125,305.3299865722656,346.00714111328125,255.0800018310547,172.5500030517578,454.1700134277344,152.3000030517578,204.61000061035156,1414.7100830078125,78.75,419.27642822265625,392.6400146484375,317.6803894042969,234.14999389648438,130.50148010253906,52.198787689208984,26.553495407104492,36.65999984741211,176.30677795410156,1047.5667724609375,58.361202239990234,470.54998779296875,65.69000244140625,121.2069091796875,127.90495300292969,835.239990234375,331.8446044921875,314.3299865722656,292.3158264160156,33.93000030517578,83.72000122070312,391.6000061035156,31.21469497680664,283.99749755859375,197.92999267578125,123.45254516601562,1012.9102172851562,185.5399932861328,172.85386657714844,111.34750366210938,88.25981903076172,185.8973388671875,590.419677734375,178.2003173828125,102.86183166503906,126.94303894042969,100.29000091552734,62.02759552001953,99.66288757324219,76.1057357788086,344.88665771484375,133.8699951171875,1109.801025390625,423.33013916015625,41.095664978027344,86.59947967529297,12.324646949768066,82.76000213623047,92.19000244140625,281.9884948730469,1148.9429931640625,132.76744079589844,78.35016632080078,337.5468444824219,338.6877136230469,927.2135620117188,20.65999984741211,337.6275939941406,223.56419372558594,83.54000091552734,44.04999923706055,229.3916778564453,156.89727783203125,75.95980834960938,66.77999877929688,381.6095886230469,478.82000732421875,274.8663330078125,229.3311004638672,310.29217529296875,21.578899383544922,181.31158447265625,75.7906723022461,69.59300231933594,17.281761169433594,506.4584655761719,846.8900146484375,916.0730590820312,526.34423828125,246.5399932861328,258.37799072265625,501.5392761230469,300.49200439453125,835.176513671875,258.1099853515625,83.04076385498047,661.36474609375,1809.199951171875,75.48159790039062,658.5396728515625,144.0947723388672,64.5999984741211,66.16057586669922,113.80162811279297,165.5191650390625,187.6416015625,414.8514709472656,172.47000122070312,481.64593505859375,95.55014038085938,92.81999969482422,44.38285827636719,84.77999877929688,199.4075927734375,38.52000045776367,175.66885375976562,173.2100067138672,154.07891845703125,26.236913681030273,144.62100219726562,205.23886108398438,141.3143768310547,141.57000732421875,167.79885864257812,49.58654022216797,133.4570770263672,51.029998779296875,178.5562286376953,160.46060180664062,98.95997619628906,31.171741485595703,72.55000305175781,336.7867736816406,26.75,146.39999389648438,456.8500061035156,93.13883209228516,18.31999969482422,20.489999771118164,414.3901672363281,706.6295776367188,328.7723083496094,26.258405685424805,61.49239730834961,128.95166015625,157.8330535888672,466.2326354980469,27.920000076293945,146.032958984375,373.7200012207031,381.7659606933594,22.6200008392334,280.80322265625,74.69999694824219,352.54644775390625,269.8580017089844,105.93428802490234,10.479999542236328,56.470001220703125,308.2409973144531,156.14999389648438,85.3080825805664,232.7242889404297,94.65570831298828,15.333460807800293,321.6830749511719,435.1000061035156,156.6306610107422,57.85124206542969,46.42852783203125,80.05233001708984,131.77850341796875,56.57201385498047,51.619178771972656,173.64279174804688,145.59788513183594,149.51516723632812
2026-04-24,270.81048583984375,198.7100067138672,91.12999725341797,176.2408447265625,245.44000244140625,398.4785461425781,195.0501708984375,211.76441955566406,416.5221862792969,347.80999755859375,341.9676208496094,263.989990234375,176.91000366210938,448.2900085449219,169.2899932861328,234.80999755859375,1454.52294921875,76.4000015258789,422.09197998046875,397.1199951171875,313.22259521484375,232.44000244140625,134.58399963378906,51.78095626831055,26.850515365600586,37.189998626708984,179.79800415039062,1039.1143798828125,58.05466079711914,469.32000732421875,62.06999969482422,120.53314971923828,127.37745666503906,830.7899780273438,325.1056213378906,332.8900146484375,313.04364013671875,34.59000015258789,84.6500015258789,410.2099914550781,27.189538955688477,283.5896301269531,199.77000427246094,120.8617935180664,1009.6849365234375,195.0399932861328,177.70135498046875,112.03250122070312,88.67826080322266,183.52902221679688,561.1854858398438,176.88304138183594,101.81980895996094,126.17964172363281,103.44999694824219,63.41040802001953,100.18462371826172,77.520263671875,343.36285400390625,133.1300048828125,1103.3031005859375,422.7517395019531,41.5172119140625,86.84812927246094,12.225892066955566,84.33999633789062,94.33999633789062,284.2456970214844,1148.60302734375,129.548583984375,77.88118743896484,342.1141052246094,344.19439697265625,922.8428344726562,21.510000228881836,333.3893737792969,222.34385681152344,84.70999908447266,44.02000045776367,230.28509521484375,157.8636932373047,77.54705810546875,82.54000091552734,394.2038269042969,482.2200012207031,275.99365234375,226.19911193847656,306.8974609375,21.549434661865234,193.2533416748047,76.138427734375,68.48945617675781,17.281761169433594,508.69140625,881.6400146484375,882.4409790039062,510.1105651855469,244.4499969482422,267.59149169921875,503.3262634277344,297.3433532714844,827.1953735351562,253.58999633789062,82.57495880126953,662.821044921875,1835.219970703125,77.10912322998047,674.4049682617188,145.23886108398438,67.79000091552734,65.8945541381836,111.1010513305664,164.26947021484375,187.06471252441406,423.7023010253906,171.02000427246094,496.64361572265625,94.58719635009766,92.44000244140625,44.29365539550781,90.16999816894531,208.0275421142578,41.16999816894531,172.67926025390625,178.5399932861328,153.82162475585938,26.561555862426758,148.17999267578125,200.8008270263672,141.0761260986328,143.08999633789062,162.84988403320312,50.314144134521484,148.30226135253906,52.279998779296875,173.53712463378906,172.265380859375,98.09503936767578,30.953479766845703,72.95999908447266,336.8266906738281,29.079999923706055,140.32000732421875,500.82000732421875,92.72227478027344,18.440000534057617,20.280000686645508,412.27587890625,712.10546875,326.6380310058594,25.853822708129883,61.858131408691406,128.0501708984375,156.51734924316406,469.2396240234375,29.040000915527344,145.4745635986328,376.29998779296875,401.5196838378906,23.969999313354492,275.7389831542969,74.63999938964844,352.9044189453125,267.31121826171875,105.24588775634766,10.630000114440918,55.310001373291016,308.7798767089844,161.1300048828125,85.88029479980469,234.7347412109375,94.46736907958984,15.343277931213379,323.3927001953125,430.2900085449219,164.12017822265625,58.9499397277832,45.60260772705078,78.96852111816406,129.6725311279297,56.46280288696289,51.24050521850586,172.0467071533203,143.5469207763672,147.90609741210938
2026-04-27,267.3636474609375,197.3800048828125,92.80000305175781,174.8673553466797,239.30999755859375,391.517578125,195.74488830566406,213.07749938964844,404.3572998046875,334.6300048828125,337.6304016113281,261.1199951171875,172.47000122070312,460.2900085449219,169.75,215.8800048828125,1432.43994140625,77.19999694824219,417.5391845703125,402.5899963378906,317.9696044921875,231.3300018310547,131.31402587890625,52.35795974731445,27.296043395996094,37.54999923706055,177.07484436035156,1050.937744140625,57.13504409790039,472.80999755859375,59.95000076293945,119.26490783691406,128.53199768066406,828.7899780273438,323.5903625488281,336.5400085449219,314.68109130859375,33.13999938964844,84.16999816894531,422.2099914550781,27.14021110534668,280.4857177734375,196.67999267578125,120.78238677978516,996.56396484375,180.5,179.71615600585938,113.65249633789062,87.9310531616211,183.10292053222656,566.222412109375,180.24606323242188,101.57170867919922,126.00118255615234,103.30000305175781,63.3109245300293,99.80070495605469,77.02218627929688,354.686767578125,133.22000122070312,1084.4862060546875,415.6214294433594,41.29173278808594,87.20618438720703,12.334522247314453,85.66999816894531,92.58999633789062,284.2057189941406,1119.6578369140625,126.9158935546875,77.79137420654297,348.31036376953125,350.130859375,933.6950073242188,21.450000762939453,329.8260803222656,221.1756591796875,83.94999694824219,43.560001373291016,226.38381958007812,156.36924743652344,77.39825439453125,84.98999786376953,388.2004089355469,470.989990234375,276.4825134277344,224.0514678955078,310.232421875,21.5297908782959,189.7578125,74.95606231689453,69.66259765625,17.321285247802734,509.1399841308594,859.6799926757812,866.7779541015625,510.01116943359375,242.5500030517578,259.287353515625,505.58245849609375,288.2550048828125,827.4051513671875,264.3800048828125,82.17853546142578,663.1502685546875,1839.280029296875,77.07935333251953,677.9916381835938,145.02000427246094,68.0199966430664,65.02751922607422,109.44297790527344,158.17098999023438,189.16342163085938,423.9018859863281,169.1999969482422,524.4793090820312,94.14047241210938,91.37000274658203,44.73966598510742,90.44999694824219,216.3578338623047,41.20000076293945,172.36036682128906,182.89999389648438,152.49559020996094,26.35496711730957,148.39999389648438,201.8903350830078,139.0111083984375,143.10000610351562,159.57701110839844,49.606475830078125,149.70706176757812,53.2599983215332,172.66079711914062,170.4764862060547,97.31958770751953,30.884031295776367,71.62000274658203,335.2308044433594,27.850000381469727,144.25,498.5400085449219,92.9999771118164,18.760000228881836,20.139999389648438,412.6817626953125,713.332275390625,328.134033203125,25.18280601501465,60.32600784301758,128.50587463378906,156.96588134765625,467.5713195800781,28.649999618530273,146.05291748046875,378.6700134277344,404.0338134765625,23.139999389648438,268.1375732421875,76.2699966430664,352.67572021484375,267.5201416015625,106.44566345214844,10.649999618530273,56.70000076293945,309.0093994140625,160.4499969482422,85.38700866699219,237.12339782714844,93.95191192626953,15.225479125976562,322.3629150390625,426.010009765625,166.3470458984375,58.660282135009766,46.31053924560547,80.10204315185547,127.34696197509766,56.363521575927734,51.629146575927734,172.08660888671875,142.83009338378906,147.19094848632812
2026-04-28,270.4608154296875,197.69000244140625,93.86000061035156,175.63809204101562,243.1999969482422,382.21307373046875,197.6702880859375,215.26596069335938,380.63677978515625,323.2099914550781,337.02496337890625,259.70001220703125,165.2899932861328,449.0299987792969,168.77999877929688,198.64999389648438,1384.56005859375,71.87999725341797,399.19818115234375,406.30999755859375,315.0376281738281,230.72000122070312,129.6592254638672,52.3878059387207,29.16726303100586,37.72999954223633,172.9452362060547,1043.8775634765625,57.609683990478516,478.1600036621094,58.45000076293945,120.40434265136719,127.92486572265625,817.8699951171875,329.3125,325.30999755859375,305.2357482910156,32.619998931884766,85.66999816894531,361.5400085449219,27.268463134765625,283.0623474121094,194.10000610351562,123.40290832519531,992.5597534179688,165.9199981689453,180.8532257080078,113.74749755859375,86.53627014160156,186.6504364013672,562.4022827148438,178.6094512939453,100.69840240478516,126.70510864257812,106.23999786376953,62.66428756713867,99.38724517822266,76.80303955078125,361.2699890136719,135.77999877929688,1071.1024169921875,411.931640625,41.06625747680664,87.08683013916016,12.24564266204834,85.72000122070312,88.54000091552734,288.8399658203125,1088.3739013671875,128.41603088378906,78.77923583984375,347.2909851074219,349.5711975097656,922.4844360351562,22.440000534057617,326.6101989746094,222.09352111816406,82.06999969482422,43.27000045776367,231.3373565673828,155.72164916992188,76.65422821044922,84.5199966430664,398.6142578125,466.6400146484375,273.2601623535156,226.48745727539062,310.0532531738281,22.06999969482422,180.66641235351562,77.8473892211914,69.96085357666016,17.331167221069336,508.68145751953125,791.3699951171875,872.498046875,508.95806884765625,240.32000732421875,251.0531463623047,506.7704772949219,290.42034912109375,834.0777587890625,258.20001220703125,81.16766357421875,656.5068359375,1791.989990234375,77.6847152709961,670.7183837890625,145.27865600585938,67.25,66.8010025024414,109.24440002441406,153.19219970703125,189.34246826171875,428.3222961425781,165.7100067138672,504.21246337890625,95.80825805664062,92.2699966430664,44.63064193725586,90.48999786376953,212.92184448242188,41.16999816894531,165.3846435546875,180.99000549316406,154.6627655029297,26.049999237060547,149.1699981689453,202.93988037109375,140.51022338867188,141.17999267578125,164.52598571777344,49.47690200805664,149.44801330566406,54.58000183105469,174.95123291015625,170.525634765625,96.71314239501953,31.06260871887207,70.73999786376953,323.431396484375,27.25,142.55999755859375,483.8900146484375,93.63472747802734,18.360000610351562,19.969999313354492,409.1422119140625,709.8612060546875,320.5741882324219,25.71567153930664,59.8416633605957,125.95001983642578,156.68679809570312,469.7491149902344,28.989999771118164,143.43038940429688,376.0199890136719,391.42333984375,23.229999542236328,263.66033935546875,74.11000061035156,364.6871032714844,266.3561706542969,102.21694946289062,10.380000114440918,54.22999954223633,308.66009521484375,158.49000549316406,85.00225067138672,239.13385009765625,94.8143081665039,15.205845832824707,304.966552734375,430.1400146484375,160.89468383789062,58.250770568847656,46.44819641113281,81.03669738769531,127.34696197509766,57.29678726196289,51.669002532958984,170.56036376953125,143.20840454101562,149.5449676513672
2026-04-29,269.92132568359375,203.88999938964844,91.33000183105469,178.11825561523438,243.57000732421875,388.2465515136719,213.44064331054688,211.21730041503906,382.1149597167969,337.1099853515625,335.486572265625,263.0400085449219,168.67999267578125,443.42999267578125,165.32000732421875,201.69000244140625,1394.0799560546875,69.8499984741211,404.809326171875,400.5400085449219,314.7882995605469,224.11000061035156,129.24302673339844,52.60667037963867,29.157363891601562,37.25,173.54371643066406,1033.5556640625,56.94716262817383,475.3800048828125,57.150001525878906,118.7298583984375,127.00920104980469,810.0499877929688,324.7367858886719,329.95001220703125,296.5392761230469,32.65999984741211,84.48999786376953,376.5400085449219,26.400293350219727,285.7882080078125,181.72999572753906,127.30391693115234,997.2229614257812,175.77000427246094,180.75347900390625,113.09500122070312,89.23616790771484,190.47540283203125,558.572265625,178.42982482910156,100.52970123291016,125.42615509033203,106.81999969482422,62.36583709716797,98.373291015625,75.39846801757812,375.10369873046875,139.1199951171875,1083.7099609375,409.6379699707031,40.52707290649414,86.34088134765625,12.087635040283203,86.11000061035156,86.22000122070312,283.21697998046875,1062.5670166015625,127.99877166748047,76.45427703857422,347.1011047363281,349.7311096191406,901.6263427734375,21.90999984741211,320.40673828125,219.350341796875,71.19999694824219,42.75,225.44076538085938,155.612060546875,76.35662841796875,94.75,393.3376159667969,453.8299865722656,271.4344787597656,226.0499725341797,307.86309814453125,22.020889282226562,181.38949584960938,78.36405944824219,68.6286392211914,17.024856567382812,503.1190185546875,858.3200073242188,849.7472534179688,506.4942321777344,233.5,248.57489013671875,524.3510131835938,288.1258850097656,821.721435546875,258.2900085449219,78.66028594970703,651.6987915039062,1767.02001953125,78.35954284667969,668.5004272460938,143.1297607421875,66.66000366210938,67.19510650634766,110.15782928466797,156.53138732910156,186.0800018310547,423.5426330566406,158.19000244140625,518.3803100585938,93.48526763916016,92.12000274658203,43.99631881713867,88.88999938964844,209.00640869140625,40.290000915527344,163.26202392578125,181.5399932861328,153.67318725585938,25.833572387695312,146.4600067138672,200.57093811035156,137.81976318359375,137.97000122070312,161.3721466064453,50.77263259887695,155.42593383789062,53.68000030517578,172.07322692871094,167.1935577392578,104.88524627685547,31.20150375366211,71.12999725341797,317.02801513671875,26.31999969482422,141.22000122070312,481.2200012207031,92.74211883544922,15.524999618530273,19.780000686645508,408.8779296875,709.7515258789062,314.2909851074219,25.409767150878906,59.57477569580078,126.67318725585938,155.56048583984375,465.7930908203125,28.6200008392334,141.19677734375,372.79998779296875,392.90985107421875,24.3700008392334,267.8590087890625,74.47000122070312,368.6345520019531,263.4114685058594,104.84268951416016,10.350000381469727,52.88999938964844,334.167236328125,158.22000122070312,83.99595642089844,250.1116943359375,94.07086181640625,15.058597564697266,306.1163024902344,423.239990234375,153.57492065429688,58.01105499267578,45.82875442504883,81.04664611816406,127.76616668701172,58.607337951660156,51.7387580871582,169.512939453125,142.21279907226562,153.62725830078125
2026-04-30,271.1002502441406,211.32000732421875,90.79000091552734,176.58668518066406,246.10000610351562,401.16119384765625,210.34413146972656,216.1214599609375,394.00018310546875,354.489990234375,343.6549072265625,265.05999755859375,172.7100067138672,446.3500061035156,167.08999633789062,210.32000732421875,1438.989990234375,73.9000015258789,416.7703857421875,401.760009765625,322.1680908203125,229.02999877929688,130.67984008789062,53.18367004394531,29.672195434570312,38.0,167.9378204345703,1059.6287841796875,59.91367721557617,473.6000061035156,57.61000061035156,124.42707061767578,127.37745666503906,890.1099853515625,325.98291015625,329.5899963378906,312.51446533203125,33.56999969482422,85.36000061035156,409.5899963378906,26.676528930664062,286.33538818359375,187.77000427246094,124.85214233398438,1013.06005859375,174.00999450683594,176.07554626464844,111.4375,91.15898132324219,191.55551147460938,588.3450317382812,178.5795135498047,102.96106719970703,128.4401092529297,110.0999984741211,63.65911865234375,100.72605895996094,76.41453552246094,374.8945617675781,140.57000732421875,1077.500732421875,431.8166809082031,41.42898178100586,88.6185073852539,11.92962646484375,84.30999755859375,88.29000091552734,289.56903076171875,1082.9066162109375,129.9857177734375,76.72369384765625,381.71026611328125,384.5702819824219,919.7166748046875,22.139999389648438,326.3521423339844,223.55377197265625,72.88999938964844,43.31999969482422,229.2924041748047,157.50502014160156,77.86450958251953,94.4800033569336,386.7866516113281,457.6099853515625,277.310546875,228.5356903076172,311.82525634765625,22.256616592407227,174.8118896484375,78.25476837158203,69.4438705444336,17.321285247802734,499.560302734375,902.3200073242188,932.993896484375,514.6011352539062,238.7899932861328,257.678466796875,502.078369140625,291.61224365234375,814.2996215820312,250.8300018310547,80.24597930908203,662.5218505859375,1792.6300048828125,79.49087524414062,611.3433837890625,145.76614379882812,65.87000274658203,71.57953643798828,108.40046691894531,165.10926818847656,190.58999633789062,406.8987121582031,165.4499969482422,517.0804443359375,97.16828918457031,93.61000061035156,43.96658706665039,88.30999755859375,199.33767700195312,42.220001220703125,160.83047485351562,179.32000732421875,156.83987426757812,26.266427993774414,147.08999633789062,201.19065856933594,140.9967041015625,139.11000061035156,163.71273803710938,49.97526168823242,178.91917419433594,53.18000030517578,175.33963012695312,166.59397888183594,104.71623992919922,31.816604614257812,81.8499984741211,320.77825927734375,27.399999618530273,136.47000122070312,482.6000061035156,95.90591430664062,16.100000381469727,20.09000015258789,407.0279235839844,716.8132934570312,314.2909851074219,25.784746170043945,60.316123962402344,128.5355987548828,156.23826599121094,478.4803466796875,28.520000457763672,144.62696838378906,381.6300048828125,395.1346435546875,23.59000015258789,279.6590270996094,74.61000061035156,368.37603759765625,268.0871887207031,106.99638366699219,10.350000381469727,56.41999816894531,329.1576232910156,155.97000122070312,85.96907806396484,251.38563537597656,95.48837280273438,15.510159492492676,328.4216613769531,427.3800048828125,157.6192626953125,58.86004638671875,47.22494888305664,81.7625503540039,131.67869567871094,59.222900390625,51.948028564453125,174.1515350341797,145.34898376464844,153.28955078125
2026-05-01,279.88214111328125,206.60000610351562,89.45999908447266,177.69337463378906,250.7100067138672,396.6036682128906,212.5970458984375,215.45497131347656,388.5968933105469,360.5400085449219,327.3480529785156,268.260009765625,172.6999969482422,460.0,173.10000610351562,211.17999267578125,1427.02001953125,70.88999938964844,420.6142883300781,402.30999755859375,318.80731201171875,227.3800048828125,130.3032989501953,52.96480941772461,29.543487548828125,39.06999969482422,169.2046356201172,1055.7308349609375,57.570133209228516,473.010009765625,56.5,125.19000244140625,126.84000396728516,889.6699829101562,325.205322265625,340.94000244140625,307.3324890136719,33.72999954223633,87.26000213623047,418.92999267578125,26.824512481689453,288.0465393066406,191.25,122.28125,1011.7000122070312,184.3800048828125,183.3468017578125,113.91000366210938,91.50767517089844,188.89984130859375,575.7676391601562,174.78738403320312,102.2961654663086,127.49825286865234,111.25,63.79838943481445,100.50949096679688,78.99456787109375,371.1697082519531,138.9499969482422,1079.68994140625,424.3772277832031,41.49760818481445,87.82283782958984,11.73211669921875,86.29000091552734,87.11000061035156,286.1533203125,1062.4071044921875,130.79042053222656,75.60610961914062,382.989501953125,385.45977783203125,919.6569213867188,24.049999237060547,321.4687805175781,221.64501953125,73.66000366210938,44.470001220703125,230.5034942626953,154.17738342285156,78.02323913574219,99.62000274658203,397.2801818847656,457.7799987792969,278.617431640625,225.89088439941406,311.06866455078125,22.089643478393555,172.4059600830078,78.07592010498047,69.41404724121094,17.222476959228516,506.31890869140625,949.9299926757812,961.674560546875,509.43499755859375,233.3300018310547,256.5392761230469,494.6308288574219,284.7090759277344,813.1209716796875,263.4599914550781,79.28465270996094,662.7013549804688,1850.050048828125,79.61988830566406,608.1863403320312,141.76681518554688,72.73999786376953,73.45154571533203,111.35919952392578,164.90931701660156,190.1699981689453,413.5443115234375,177.1699981689453,542.1266479492188,96.24504852294922,92.05999755859375,44.00623321533203,91.16000366210938,198.21897888183594,43.880001068115234,171.23428344726562,181.0800018310547,155.7711181640625,25.902435302734375,147.25999450683594,199.22152709960938,140.39109802246094,144.07000732421875,165.011962890625,50.27427291870117,176.35862731933594,55.06999969482422,173.2682647705078,167.84226989746094,105.28291320800781,31.608264923095703,81.19000244140625,317.1776123046875,27.09000015258789,141.0,489.0199890136719,95.91584014892578,16.43000030517578,19.780000686645508,402.1480712890625,718.7982177734375,293.9453125,25.774879455566406,60.494049072265625,127.68363952636719,156.31800842285156,468.7401123046875,29.110000610351562,142.3335418701172,390.82000732421875,396.74090576171875,24.239999771118164,279.5993347167969,75.12000274658203,366.6856994628906,264.9435119628906,105.78677368164062,10.489999771118164,55.84000015258789,327.35137939453125,171.60000610351562,85.97895050048828,245.70262145996094,95.2207260131836,15.853738784790039,328.24169921875,423.9200134277344,155.06285095214844,58.91997528076172,47.303611755371094,80.35061645507812,131.34933471679688,58.42862319946289,51.7387580871582,172.53550720214844,144.5226287841797,151.72019958496094
2026-05-04,276.5751647949219,208.16000366210938,87.54000091552734,177.97991943359375,253.9600067138672,395.93548583984375,209.7288055419922,218.7177734375,390.89404296875,341.5400085449219,321.42279052734375,272.04998779296875,172.6199951171875,475.0,173.6300048828125,203.25999450683594,1386.2099609375,68.43000030517578,415.84185791015625,393.75,318.3385925292969,221.3000030517578,132.05718994140625,51.92023468017578,29.404878616333008,39.720001220703125,165.164794921875,1046.3536376953125,56.73950958251953,468.5199890136719,56.849998474121094,123.08999633789062,125.62999725341797,874.780029296875,324.1087341308594,349.510009765625,320.55194091796875,33.56999969482422,85.37000274658203,420.7300109863281,26.706125259399414,288.79266357421875,202.99000549316406,123.98856353759766,1012.7899780273438,180.05999755859375,185.00250244140625,117.30999755859375,92.2847671508789,190.53485107421875,576.8947143554688,173.67967224121094,100.53961944580078,126.35810089111328,110.2300033569336,63.7685432434082,99.13129425048828,81.0167465209961,370.3928527832031,141.61000061035156,1077.868896484375,421.27581787109375,40.6643180847168,87.64380645751953,11.356846809387207,89.23999786376953,85.6500015258789,280.1707458496094,1073.4014892578125,131.82363891601562,75.53626251220703,379.41168212890625,383.0212097167969,899.3065795898438,24.59000015258789,310.0941162109375,218.6097869873047,76.55000305175781,45.400001525878906,227.80335998535156,155.8611297607422,77.95379638671875,95.77999877929688,405.1950988769531,452.3500061035156,277.22076416015625,222.91798400878906,306.270263671875,22.020889282226562,171.1136016845703,77.68842315673828,68.58887481689453,16.94580841064453,491.99420166015625,976.1799926757812,966.2666625976562,514.780029296875,223.72000122070312,258.38800048828125,503.8952941894531,282.1861877441406,806.9577026367188,264.69000244140625,77.599853515625,658.681396484375,1813.530029296875,78.34961700439453,609.8447875976562,140.83164978027344,77.31999969482422,72.3283462524414,112.30241394042969,163.61964416503906,188.00999450683594,412.72607421875,183.8000030517578,576.3613891601562,94.8155288696289,91.0199966430664,42.707847595214844,91.97000122070312,198.24893188476562,44.38999938964844,179.66494750976562,184.55999755859375,152.98046875,25.872920989990234,143.4199981689453,199.1515655517578,137.7601776123047,146.02999877929688,167.79885864257812,50.22443771362305,167.76039123535156,57.93000030517578,172.18276977539062,168.49099731445312,104.35833740234375,31.270950317382812,80.69000244140625,309.68701171875,27.920000076293945,144.2100067138672,497.5,95.20175170898438,16.200000762939453,19.639999389648438,400.91162109375,716.1649780273438,290.10552978515625,25.755144119262695,59.72304153442383,126.56421661376953,154.13514709472656,462.1367492675781,29.40999984741211,139.3420867919922,392.510009765625,400.6716613769531,24.100000381469727,279.4700012207031,73.93000030517578,368.6445007324219,262.0485534667969,94.71343231201172,10.520000457763672,54.77000045776367,326.173828125,170.22000122070312,84.3609848022461,250.44012451171875,94.62596893310547,15.755572319030762,330.9011535644531,429.8500061035156,160.62506103515625,58.660282135009766,46.77266311645508,78.72988891601562,130.08175659179688,58.964759826660156,51.39994812011719,170.56036376953125,144.09449768066406,152.65386962890625
2026-05-05,283.9184265136719,206.11000061035156,87.16999816894531,176.88311767578125,255.6199951171875,403.664306640625,209.0142364501953,217.36489868164062,410.3099365234375,355.260009765625,327.1197509765625,273.54998779296875,170.22000122070312,478.1099853515625,172.75999450683594,208.83999633789062,1442.9200439453125,63.869998931884766,426.6846923828125,380.6000061035156,315.0874938964844,224.3800048828125,131.05638122558594,52.84542465209961,30.157325744628906,38.31999969482422,167.20965576171875,1043.0323486328125,56.314308166503906,465.5199890136719,55.97999954223633,122.72000122070312,128.00999450683594,904.5900268554688,321.5666809082031,353.6300048828125,319.9229431152344,33.52000045776367,86.33000183105469,417.6600036621094,26.104324340820312,285.3405456542969,197.75,122.41028594970703,1016.4199829101562,193.57000732421875,186.50863647460938,119.13249969482422,93.94854736328125,190.89158630371094,574.3014526367188,174.26846313476562,99.71593475341797,126.48699188232422,104.02999877929688,65.06182861328125,100.45042419433594,82.53089141845703,367.5743408203125,140.82000732421875,1073.1522216796875,409.7276916503906,41.556427001953125,88.77764892578125,11.54448127746582,89.91999816894531,85.80999755859375,286.3230895996094,1094.650634765625,132.6084747314453,75.98529052734375,384.0388488769531,388.1981201171875,914.8580322265625,24.84000015258789,313.07177734375,218.05697631835938,77.02999877929688,46.279998779296875,227.35665893554688,154.70542907714844,79.51128387451172,108.1500015258789,396.5633544921875,451.3800048828125,281.8896484375,224.26026916503906,308.0124206542969,22.13875389099121,173.06910705566406,77.9765625,69.51346588134766,17.163190841674805,498.7129821777344,994.5599975585938,987.170654296875,505.61993408203125,225.22999572753906,275.6058349609375,496.24810791015625,283.2489929199219,800.1253051757812,266.67999267578125,77.09441375732422,667.1702880859375,1817.31005859375,79.29239654541016,604.3998413085938,142.08517456054688,75.94999694824219,71.71747589111328,112.34212493896484,168.7083740234375,189.25,410.4909362792969,186.89999389648438,640.1015625,95.57992553710938,87.88999938964844,42.67811584472656,92.01000213623047,196.271240234375,44.869998931884766,184.70741271972656,183.97999572753906,153.42578125,26.02048683166504,144.89999389648438,197.65223693847656,139.25930786132812,135.91000366210938,168.06663513183594,46.33725357055664,185.863525390625,57.130001068115234,172.15289306640625,172.38999938964844,104.32850646972656,31.439607620239258,78.75,311.65191650390625,27.829999923706055,141.7100067138672,502.510009765625,95.11248779296875,16.020000457763672,20.1200008392334,400.08099365234375,721.9102172851562,294.4638977050781,25.557785034179688,59.64396667480469,127.61430358886719,154.45411682128906,466.2926025390625,28.540000915527344,140.9873809814453,389.3699951171875,393.488525390625,24.610000610351562,281.0,72.94999694824219,361.8035583496094,262.64544677734375,96.44425964355469,10.3100004196167,54.20000076293945,321.36376953125,171.19000244140625,85.70271301269531,252.2515106201172,94.92334747314453,15.45125961303711,340.94903564453125,424.3599853515625,160.1557159423828,59.28953552246094,46.54651641845703,79.43585205078125,130.54086303710938,59.024330139160156,51.409912109375,171.9868621826172,144.66200256347656,153.83584594726562
2026-05-06,287.245361328125,205.02999877929688,86.30000305175781,172.49588012695312,250.1699981689453,414.4946594238281,205.6398162841797,216.7779998779297,428.0877990722656,421.3900146484375,328.62835693359375,274.989990234375,147.05999755859375,468.8299865722656,167.1699981689453,237.3000030517578,1544.739990234375,70.68000030517578,424.7677307128906,385.8599853515625,321.021240234375,229.92999267578125,140.15284729003906,53.32294464111328,30.850370407104492,37.06999969482422,167.89791870117188,1067.5540771484375,55.95832824707031,469.8299865722656,56.0,124.69000244140625,127.5999984741211,926.9299926757812,320.89874267578125,354.8999938964844,322.2792663574219,32.79999923706055,88.16000366210938,413.8699951171875,26.0845947265625,286.8526916503906,197.9600067138672,118.02289581298828,995.75,198.2899932861328,180.7235565185547,117.01750183105469,91.29845428466797,183.47947692871094,590.1104736328125,174.557861328125,107.23828887939453,124.46446228027344,105.0199966430664,67.1410140991211,103.1772689819336,86.33617401123047,373.19146728515625,134.69000244140625,1082.60546875,420.2287292480469,42.61518859863281,91.1845703125,12.018506050109863,89.94999694824219,92.44000244140625,305.4492492675781,1118.3885498046875,135.41006469726562,78.52977752685547,394.90234375,397.8023986816406,933.2369995117188,24.290000915527344,320.64495849609375,226.19265747070312,79.05000305175781,46.189998626708984,224.0906982421875,152.83238220214844,81.89215850830078,113.01000213623047,386.83642578125,451.7300109863281,286.11956787109375,223.33558654785156,313.4877624511719,22.659318923950195,181.39747619628906,78.72174835205078,70.29887390136719,17.469499588012695,500.2879638671875,944.280029296875,985.353759765625,510.915283203125,233.3699951171875,296.9608154296875,491.06683349609375,282.1861877441406,742.8486328125,265.260009765625,76.9061050415039,679.2103271484375,1841.1400146484375,79.55042266845703,612.3125,145.78602600097656,73.97000122070312,69.13607788085938,112.74919128417969,172.10752868652344,193.35000610351562,413.0653381347656,186.82000732421875,666.487548828125,94.69639587402344,88.2699966430664,43.490840911865234,89.05000305175781,207.5880584716797,45.7599983215332,193.35731506347656,183.67999267578125,154.33621215820312,26.09918785095215,147.89999389648438,196.712646484375,141.87034606933594,133.7899932861328,169.12783813476562,46.117977142333984,191.8613739013672,57.779998779296875,176.00685119628906,173.1300048828125,105.81977081298828,31.40984344482422,78.26000213623047,322.7930603027344,34.65999984741211,139.74000549316406,504.4200134277344,92.74211883544922,16.299999237060547,20.729999542236328,399.7978515625,731.9443359375,291.5516662597656,25.232145309448242,60.09865951538086,128.9714813232422,154.9425048828125,472.47637939453125,28.309999465942383,148.40618896484375,398.7300109863281,418.5198974609375,24.010000228881836,289.44000244140625,79.16999816894531,365.1942138671875,266.8436584472656,98.23408508300781,10.079999923706055,58.2599983215332,318.14044189453125,167.35000610351562,88.03099822998047,235.57077026367188,96.2417221069336,15.834104537963867,358.8453369140625,427.6499938964844,158.06863403320312,60.67788314819336,46.644840240478516,79.96283721923828,129.8322296142578,56.59187316894531,51.65903854370117,176.4359130859375,144.7615509033203,147.6875762939453
2026-05-07,287.1754150390625,202.7100067138672,87.01000213623047,178.04910278320312,256.510009765625,407.404052734375,212.47793579101562,212.55027770996094,410.1301574707031,408.4599914550781,326.6235046386719,271.1700134277344,141.75,498.8699951171875,170.2100067138672,213.30999755859375,1516.5999755859375,65.3499984741211,411.9080810546875,426.8900146484375,317.82000732421875,231.02999877929688,139.7168426513672,52.47734069824219,30.21673011779785,37.65999984741211,170.85049438476562,1061.7568359375,55.62211990356445,475.0799865722656,56.56999969482422,122.33000183105469,129.08999633789062,895.6900024414062,320.28070068359375,356.8999938964844,310.797119140625,34.2599983215332,87.36000061035156,385.2099914550781,25.88728141784668,285.3703918457031,192.9600067138672,114.03254699707031,1012.0599975585938,188.2899932861328,185.86029052734375,126.43000030517578,91.81652069091797,180.84361267089844,579.0391235351562,175.2963409423828,107.83373260498047,123.80020904541016,113.61000061035156,66.24566650390625,101.28718566894531,84.96149444580078,371.40875244140625,130.88999938964844,1061.5098876953125,398.04998779296875,41.66426086425781,90.498291015625,12.028382301330566,107.97000122070312,91.72000122070312,302.25323486328125,1045.0960693359375,133.1846923828125,78.24040985107422,395.0622253417969,397.7524108886719,921.8074340820312,25.920000076293945,320.238037109375,225.36866760253906,76.27999877929688,45.400001525878906,229.6199951171875,155.5323486328125,80.82076263427734,109.62000274658203,404.9860534667969,453.489990234375,281.5903625488281,221.23764038085938,304.8964538574219,23.21917152404785,176.10023498535156,77.9268798828125,69.54328918457031,17.509021759033203,492.29327392578125,892.5800170898438,973.2846069335938,509.0773010253906,230.8800048828125,286.31829833984375,500.1016845703125,281.78887939453125,753.9263916015625,293.4200134277344,77.26288604736328,670.7014770507812,1870.010009765625,78.22061157226562,616.2388305664062,143.01039123535156,76.38999938964844,68.0227279663086,111.49819946289062,159.9705352783203,190.1699981689453,419.8606262207031,179.83999633789062,646.5305786132812,92.64144897460938,88.25,44.01613998413086,93.58999633789062,211.2537841796875,45.79999923706055,193.91537475585938,196.52999877929688,154.6627655029297,26.049999237060547,146.05999755859375,195.66311645507812,141.26473999023438,137.0500030517578,169.70306396484375,46.06814193725586,201.8046417236328,61.4900016784668,176.0466766357422,174.7100067138672,103.65247344970703,31.290794372558594,81.01000213623047,319.38189697265625,33.619998931884766,153.72000122070312,505.19000244140625,91.67098236083984,16.0,19.889999389648438,404.6210632324219,729.7001342773438,293.4466247558594,24.92624282836914,59.920738220214844,124.70181274414062,153.97567749023438,473.98486328125,29.3799991607666,130.14833068847656,411.7900085449219,413.182373046875,23.489999771118164,285.239990234375,76.7300033569336,367.6402282714844,263.5209045410156,98.44060516357422,10.609999656677246,56.2599983215332,320.6153259277344,168.25,86.1072006225586,235.23239135742188,95.54784393310547,15.402176856994629,339.93927001953125,425.0,153.73471069335938,60.13852310180664,46.30070877075195,78.71000671386719,129.95199584960938,55.54939270019531,51.370052337646484,173.5729522705078,144.0845489501953,145.591796875
2026-05-08,293.0500183105469,201.5500030517578,84.31999969482422,178.2763671875,253.0399932861328,415.3822021484375,211.39614868164062,212.03298950195312,434.89935302734375,455.19000244140625,329.2139587402344,272.67999267578125,141.77000427246094,468.54998779296875,166.58999633789062,213.27000427246094,1592.02001953125,75.05000305175781,429.3205261230469,403.5400085449219,315.1672668457031,237.36000061035156,138.785400390625,51.04478454589844,30.74146270751953,41.83000183105469,165.51390075683594,1078.7509765625,55.53312683105469,475.94000244140625,53.93000030517578,123.7699966430664,125.55000305175781,897.4500122070312,318.64581298828125,362.70001220703125,303.15899658203125,32.290000915527344,87.55000305175781,375.54998779296875,25.05857276916504,279.7992858886719,201.16000366210938,113.02999877929688,1008.7899780273438,188.5050048828125,181.35194396972656,131.9425048828125,96.2100830078125,179.9716033935547,573.3539428710938,170.80564880371094,107.19859313964844,123.106201171875,107.98999786376953,67.58869171142578,102.34051513671875,85.86798095703125,376.5378723144531,130.02999877929688,1066.8035888671875,401.510009765625,41.81131362915039,91.72164916992188,12.166638374328613,114.06999969482422,94.58999633789062,296.7800598144531,1039.6187744140625,130.47251892089844,78.62956237792969,396.8111877441406,400.56072998046875,932.370849609375,25.979999542236328,315.086669921875,222.2917022705078,77.02999877929688,45.45000076293945,229.75999450683594,155.24343872070312,82.34849548339844,124.91999816894531,394.5622253417969,450.05999755859375,283.495849609375,220.05445861816406,300.74517822265625,23.53347396850586,186.6807403564453,77.91693878173828,69.4438705444336,17.380571365356445,491.6054382324219,903.7999877929688,946.8201293945312,503.2156982421875,229.1999969482422,293.8429870605469,494.65081787109375,273.8924255371094,735.2770385742188,299.4700012207031,75.46907806396484,673.5643920898438,1632.52001953125,77.48623657226562,609.0654907226562,142.55274963378906,72.06999969482422,67.11628723144531,110.58476257324219,170.08804321289062,193.08999633789062,414.22283935546875,187.58999633789062,746.6951293945312,92.42304992675781,87.48999786376953,43.74853515625,91.18000030517578,214.94947814941406,46.06999969482422,195.27066040039062,207.8800048828125,153.01016235351562,25.68000030517578,146.4199981689453,193.9138946533203,143.05177307128906,137.8000030517578,169.5840606689453,45.22093200683594,218.2837677001953,62.34000015258789,175.3595428466797,173.6999969482422,104.31856536865234,31.370161056518555,82.83000183105469,316.00067138671875,35.369998931884766,152.4499969482422,516.47998046875,91.04615783691406,15.75,20.149999618530273,396.54144287109375,735.724609375,284.7099304199219,24.82756233215332,59.129966735839844,124.07771301269531,152.8593292236328,464.5343322753906,25.049999237060547,133.0998992919922,428.3500061035156,410.7181396484375,23.079999923706055,287.79998779296875,75.44999694824219,377.8221130371094,263.2821350097656,99.10932922363281,8.819999694824219,55.18000030517578,318.1304931640625,166.33999633789062,86.9359130859375,239.92010498046875,95.77583312988281,15.902822494506836,339.8992919921875,429.82000732421875,147.513427734375,60.468135833740234,46.42852783203125,75.63999938964844,130.42999267578125,55.30118179321289,51.061134338378906,172.77491760253906,142.85995483398438,143.59535217285156
2026-05-11,292.67999267578125,202.77999877929688,82.55999755859375,170.30226135253906,246.14999389648438,421.5752868652344,210.076171875,212.67959594726562,443.0691833496094,458.7900085449219,327.1197509765625,268.989990234375,136.42999267578125,478.4200134277344,159.55999755859375,212.64999389648438,1565.81005859375,82.55000305175781,427.75299072265625,394.3599853515625,311.4674072265625,238.2100067138672,136.05052185058594,50.28871154785156,31.236494064331055,41.5,157.404296875,1075.2606201171875,55.0485954284668,479.54998779296875,53.369998931884766,121.4000015258789,125.8499984741211,926.7899780273438,319.26385498046875,364.20001220703125,299.22509765625,30.639999389648438,86.73999786376953,380.989990234375,24.69354820251465,281.1224060058594,216.60000610351562,115.55000305175781,999.469970703125,210.22000122070312,177.0330810546875,135.56500244140625,98.3520736694336,183.06329345703125,587.2179565429688,166.17526245117188,103.92369079589844,123.82994842529297,105.1500015258789,67.53894805908203,102.12393951416016,82.4312744140625,380.20294189453125,133.30999755859375,1080.8740234375,419.0,41.69367218017578,91.76143646240234,11.90000057220459,115.44000244140625,97.5999984741211,300.3955383300781,1072.531982421875,132.64822387695312,75.12715148925781,386.537353515625,388.40802001953125,940.7140502929688,25.639999389648438,309.0816955566406,228.53948974609375,80.77999877929688,46.470001220703125,223.5500030517578,157.2360382080078,82.3088150024414,129.44000244140625,391.5555419921875,420.05999755859375,284.6530456542969,220.163818359375,298.6545715332031,22.845937728881836,184.28378295898438,78.15541076660156,68.15143585205078,16.965572357177734,502.80999755859375,1053.0899658203125,965.3282470703125,508.9183654785156,226.05999755859375,295.8415832519531,496.9768981933594,272.75018310546875,724.3690795898438,294.6499938964844,73.87347412109375,671.9583740234375,1557.300048828125,77.38700103759766,598.3054809570312,142.6024932861328,76.91000366210938,67.59906768798828,110.4854736328125,170.79786682128906,191.10000610351562,411.7681579589844,195.94000244140625,795.2077026367188,94.150390625,85.44999694824219,42.01405715942383,91.48999786376953,219.18453979492188,46.400001525878906,193.16796875,213.66000366210938,147.8544158935547,25.809999465942383,143.36000061035156,196.82260131835938,143.0319366455078,136.88999938964844,180.6126251220703,44.92191696166992,236.65591430664062,62.16999816894531,177.8690948486328,170.10000610351562,105.12384033203125,31.499134063720703,81.58000183105469,311.8913269042969,33.52000045776367,151.5,516.1900024414062,92.33547973632812,16.260000228881836,21.290000915527344,397.3720703125,737.4002685546875,281.82763671875,24.54139518737793,58.793888092041016,117.33145141601562,148.42385864257812,452.1467590332031,24.190000534057617,132.96029663085938,445.0,403.5948486328125,21.520000457763672,297.760009765625,76.1500015258789,382.25677490234375,261.9888610839844,98.3422622680664,8.8100004196167,57.22999954223633,323.1899719238281,159.3300018310547,86.63994598388672,246.95668029785156,95.84522247314453,16.020620346069336,367.8434753417969,435.1700134277344,151.83737182617188,60.31830978393555,46.43836212158203,73.58000183105469,127.58999633789062,56.76065444946289,51.0013427734375,174.6103973388672,142.41192626953125,148.6708984375
2026-05-12,294.79998779296875,207.86000061035156,84.3499984741211,167.75291442871094,240.8300018310547,418.503662109375,212.20005798339844,214.34085083007812,430.66461181640625,448.2900085449219,333.7695617675781,265.82000732421875,142.5399932861328,490.69000244140625,155.3800048828125,207.9199981689453,1520.93994140625,72.95999908447266,418.6374206542969,393.6600036621094,313.45196533203125,236.8699951171875,133.55345153808594,50.517520904541016,31.365203857421875,41.22999954223633,160.15737915039062,1086.3780517578125,55.819889068603516,484.9599914550781,54.099998474121094,122.76000213623047,126.44000244140625,912.1400146484375,321.038330078125,358.0400085449219,293.1445617675781,29.610000610351562,87.44000244140625,374.07000732421875,24.56529426574707,284.27606201171875,207.63999938964844,117.87000274658203,1021.8800048828125,198.57000732421875,170.86898803710938,136.5449981689453,98.9199447631836,184.26229858398438,587.6668090820312,165.91578674316406,105.35274505615234,123.99848937988281,106.01000213623047,65.47965240478516,101.53328704833984,84.56303405761719,391.7061462402344,134.1300048828125,1075.3115234375,401.5299987792969,41.115272521972656,91.56250762939453,11.989999771118164,113.87000274658203,97.13999938964844,297.0797119140625,1071.4324951171875,134.05894470214844,76.27466583251953,383.5891418457031,387.1187744140625,941.7495727539062,23.079999923706055,308.148681640625,227.94496154785156,78.2699966430664,45.79999923706055,219.22000122070312,155.23345947265625,79.80889129638672,120.61000061035156,386.0299987792969,431.8699951171875,281.8996276855469,222.97763061523438,303.5126953125,22.9539794921875,180.9040985107422,79.51661682128906,67.83329772949219,17.261999130249023,502.28167724609375,992.3699951171875,988.1689453125,517.6114501953125,224.52000427246094,289.036376953125,498.9735412597656,272.9885559082031,733.8785400390625,308.7200012207031,76.13308715820312,667.3897094726562,1578.780029296875,78.63999938964844,602.441650390625,142.47317504882812,71.98999786376953,68.8602066040039,111.56769561767578,164.4594268798828,191.8800048828125,406.8887023925781,184.4199981689453,766.462158203125,93.90221405029297,87.66000366210938,41.97441101074219,89.0,220.52297973632812,47.0,186.18228149414062,215.60000610351562,150.26901245117188,25.8700008392334,143.91000366210938,198.33192443847656,142.72415161132812,136.0,185.39297485351562,45.29070281982422,209.5360870361328,60.470001220703125,178.14793395996094,167.27000427246094,105.95895385742188,31.50905418395996,86.88999938964844,310.7742004394531,32.790000915527344,151.97999572753906,513.2100219726562,92.70244598388672,15.899999618530273,22.15999984741211,400.3641662597656,736.2831420898438,293.6660461425781,24.896636962890625,57.627498626708984,120.66000366210938,149.76943969726562,458.84002685546875,23.260000228881836,131.35487365722656,433.45001220703125,396.351806640625,21.139999389648438,295.1700134277344,76.36000061035156,394.138916015625,264.22723388671875,96.8081283569336,8.350000381469727,54.349998474121094,326.4200134277344,159.4199981689453,85.93948364257812,245.95144653320312,95.84522247314453,14.82300090789795,367.0536193847656,448.2900085449219,146.66461181640625,59.31949996948242,47.12662887573242,75.18000030517578,130.35000610351562,57.15779113769531,51.39994812011719,173.92210388183594,145.2095947265625,149.614501953125
2026-05-13,298.8699951171875,208.5,83.83000183105469,157.74325561523438,236.07000732421875,431.2088928222656,207.05906677246094,214.41046142578125,436.06787109375,445.5,333.9283752441406,270.1300048828125,140.69000244140625,453.5299987792969,150.52999877929688,221.2100067138672,1581.5799560546875,74.80999755859375,416.13140869140625,376.82000732421875,308.7647705078125,240.60000610351562,144.4830780029297,49.58238220214844,31.721628189086914,39.959999084472656,154.6412353515625,1087.9691162109375,55.76055908203125,485.5199890136719,53.060001373291016,119.62000274658203,124.0999984741211,902.2999877929688,315.027099609375,354.54998779296875,274.4635925292969,27.860000610351562,87.87000274658203,372.54998779296875,24.60475730895996,295.5973815917969,201.8000030517578,117.4000015258789,1033.0799560546875,189.36000061035156,165.41307067871094,140.6425018310547,101.4903335571289,184.31185913085938,579.14892578125,165.6463623046875,104.10232543945312,122.83851623535156,104.9800033569336,66.86246490478516,102.21253967285156,81.81365966796875,398.0204772949219,134.92999267578125,1071.97802734375,406.94000244140625,41.33094787597656,92.58694458007812,13.569999694824219,117.69000244140625,96.2300033569336,294.34307861328125,1062.02734375,132.18128967285156,75.64602661132812,398.79998779296875,402.3796691894531,951.2277221679688,22.049999237060547,300.2975769042969,227.33999633789062,76.75,45.119998931884766,214.63999938964844,154.22720336914062,81.3961410522461,120.29000091552734,370.0707092285156,432.2699890136719,281.9993896484375,229.1024169921875,298.9034729003906,22.76736068725586,184.73521423339844,79.7451400756836,66.7496337890625,17.190000534057617,511.64208984375,1030.3699951171875,1014.0044555664062,516.558349609375,220.4499969482422,295.2320251464844,489.81890869140625,273.8427734375,736.3657836914062,303.0,75.52853393554688,665.7637939453125,1562.0,78.08000183105469,616.0590209960938,146.34315490722656,67.69999694824219,70.48589324951172,112.63997650146484,177.90611267089844,193.8300018310547,404.3342590332031,178.02999877929688,803.5064086914062,94.16032409667969,87.55999755859375,41.964500427246094,87.05000305175781,225.56710815429688,47.08000183105469,189.10211181640625,227.7899932861328,147.7158660888672,25.959999084472656,142.24000549316406,195.87303161621094,140.97683715820312,130.0500030517578,186.36492919921875,45.08139419555664,212.38555908203125,59.47999954223633,177.3711700439453,160.82000732421875,105.3326187133789,31.499134063720703,88.2699966430664,305.5477600097656,32.0,152.3699951171875,509.2799987792969,92.37515258789062,15.3100004196167,22.790000915527344,383.7330627441406,740.4025268554688,301.2856750488281,24.41311264038086,60.395198822021484,121.4800033569336,146.54998779296875,445.5833435058594,22.329999923706055,132.32211303710938,445.2699890136719,398.86590576171875,20.489999771118164,306.3399963378906,74.69999694824219,398.8818054199219,263.2821350097656,96.81795501708984,8.390000343322754,53.310001373291016,320.30999755859375,155.72999572753906,86.42289733886719,242.94573974609375,95.05220794677734,15.225479125976562,369.91302490234375,453.05999755859375,142.4105682373047,59.86884307861328,46.41869354248047,73.52999877929688,131.47000122070312,57.21736145019531,50.812007904052734,173.19387817382812,146.06581115722656,150.5481719970703
2026-05-14,298.2099914550781,210.77000427246094,84.9000015258789,162.0415802001953,237.00999450683594,425.6241760253906,206.80101013183594,215.31570434570312,440.01300048828125,449.70001220703125,333.71002197265625,267.2200012207031,147.80999755859375,485.1600036621094,150.24000549316406,228.5,1584.510009765625,83.01000213623047,439.0950622558594,388.19000244140625,311.9161682128906,229.2100067138672,139.83575439453125,49.59232711791992,32.02854537963867,39.4900016784668,154.09262084960938,1097.843505859375,56.13631820678711,484.05999755859375,53.54999923706055,122.45999908447266,124.81999969482422,920.219970703125,319.0943908691406,352.8399963378906,274.8330078125,29.010000228881836,88.83999633789062,381.5899963378906,24.8316650390625,296.1644287109375,212.00999450683594,118.97000122070312,1041.25,184.5399932861328,167.14859008789062,144.9875030517578,115.09941864013672,184.946044921875,573.1544189453125,164.1993408203125,104.61836242675781,123.24500274658203,109.15499877929688,67.03158569335938,101.84830474853516,80.51866912841797,395.1023254394531,135.99000549316406,1074.3663330078125,408.1000061035156,41.4191780090332,91.56250762939453,14.479999542236328,121.86000061035156,93.94999694824219,291.17706298828125,1089.97314453125,131.19775390625,77.58183288574219,396.9311218261719,400.8305969238281,964.7083740234375,22.600000381469727,302.08416748046875,227.0896759033203,80.69999694824219,46.16999816894531,218.3699951171875,155.143798828125,81.63423156738281,115.93000030517578,376.6217041015625,428.05999755859375,283.7751770019531,229.48025512695312,298.56500244140625,22.89504623413086,189.05271911621094,79.93392181396484,67.34613800048828,17.190000534057617,510.0371398925781,1001.8099975585938,1004.9700317382812,517.0252685546875,223.61000061035156,298.9394226074219,489.1200866699219,273.11767578125,746.4046630859375,303.0899963378906,76.28174591064453,668.5269165039062,1607.3699951171875,79.18000030517578,617.8573608398438,144.3733367919922,69.7300033569336,71.34307861328125,112.60027313232422,182.53497314453125,194.52999877929688,408.5451354980469,186.97000122070312,775.8906860351562,94.98429107666016,86.94000244140625,41.6473388671875,90.5,235.465576171875,45.79999923706055,194.9318389892578,238.2100067138672,147.1221160888672,25.75,142.7100067138672,196.79261779785156,141.632080078125,133.72999572753906,190.28245544433594,44.89201736450195,199.34373474121094,62.79999923706055,174.95123291015625,164.17999267578125,105.77999877929688,31.548738479614258,86.97000122070312,308.3804016113281,33.029998779296875,150.75999450683594,510.0199890136719,92.91072082519531,16.020000457763672,22.1200008392334,381.2506408691406,746.2474975585938,304.69659423828125,24.32430076599121,58.210693359375,123.08000183105469,147.35000610351562,447.7611389160156,23.06999969482422,129.86912536621094,443.29998779296875,416.7440490722656,20.40999984741211,308.1700134277344,74.69000244140625,396.82354736328125,267.9479064941406,96.7884521484375,8.079999923706055,52.5,322.5199890136719,156.25,86.29464721679688,243.61256408691406,94.48719024658203,15.196028709411621,376.1517333984375,450.4100036621094,141.70155334472656,59.88882064819336,46.27121353149414,73.79000091552734,132.4600067138672,57.654212951660156,51.1109619140625,174.08169555664062,145.9861602783203,151.75
2026-05-15,300.2300109863281,210.38999938964844,84.47000122070312,166.81419372558594,247.60000610351562,416.3495788574219,212.86500549316406,216.2308807373047,436.077880859375,424.1000061035156,326.30999755859375,264.1400146484375,141.97000122070312,501.0,151.6999969482422,209.16000366210938,1501.81005859375,83.66999816894531,424.51812744140625,391.8800048828125,312.6242370605469,220.49000549316406,131.3833770751953,49.51274490356445,31.513713836669922,40.06999969482422,153.74349975585938,1075.8375244140625,56.36375045776367,482.70001220703125,52.68000030517578,117.88999938964844,123.41999816894531,888.3099975585938,323.1417541503906,347.239990234375,267.20001220703125,30.15999984741211,88.12999725341797,358.54998779296875,24.42717742919922,297.31842041015625,195.42999267578125,122.41000366210938,1048.949951171875,172.1699981689453,173.06332397460938,148.52000427246094,117.76942443847656,189.36557006835938,560.3775634765625,161.57479858398438,101.93889617919922,120.94999694824219,112.05999755859375,64.73352813720703,100.13540649414062,79.97078704833984,391.0886535644531,140.25999450683594,1054.225830078125,399.44000244140625,40.55648422241211,90.57786560058594,13.399999618530273,122.77999877929688,87.3499984741211,281.17950439453125,1048.694091796875,128.73394775390625,74.69808197021484,393.08343505859375,396.54315185546875,944.3082275390625,23.65999984741211,295.29510498046875,223.63922119140625,77.13999938964844,44.81999969482422,219.3000030517578,153.78883361816406,78.85653686523438,108.7699966430664,391.2668151855469,421.1199951171875,276.94140625,225.41363525390625,296.4743957519531,22.51198959350586,180.20201110839844,80.30155181884766,66.58061981201172,17.110000610351562,504.51458740234375,970.7000122070312,1004.9199829101562,512.6539306640625,218.4199981689453,284.51959228515625,493.3729553222656,274.52813720703125,759.72998046875,312.1600036621094,75.46907806396484,657.6539306640625,1546.81005859375,79.77999877929688,613.6612548828125,145.46768188476562,71.97000122070312,72.01305389404297,110.58476257324219,176.84637451171875,192.50999450683594,421.0081481933594,177.4199981689453,724.5485229492188,92.68115997314453,87.0199966430664,41.50857925415039,95.06999969482422,225.05770874023438,44.7400016784668,192.2810516357422,242.8300018310547,147.5674285888672,25.329999923706055,141.57000732421875,199.64134216308594,139.51742553710938,133.99000549316406,188.0509490966797,44.26408767700195,200.74855041503906,63.77000045776367,170.46990966796875,169.47999572753906,106.81999969482422,31.469369888305664,85.51000213623047,299.32391357421875,31.040000915527344,157.47000122070312,502.4200134277344,91.79000091552734,15.609999656677246,22.309999465942383,380.52386474609375,737.2706298828125,305.9432678222656,23.712493896484375,58.01300048828125,121.54000091552734,147.42999267578125,437.9010314941406,23.049999237060547,128.95175170898438,422.239990234375,403.4053039550781,21.149999618530273,302.7300109863281,75.08999633789062,391.61334228515625,269.1615905761719,97.29000091552734,8.170000076293945,49.93000030517578,325.75,158.86000061035156,84.63722229003906,249.55433654785156,93.08951568603516,14.41070556640625,370.86285400390625,436.95001220703125,139.4846649169922,58.37062454223633,45.5927734375,73.41999816894531,131.4499969482422,59.014400482177734,50.92162322998047,170.9793243408203,144.462890625,157.9199981689453
2026-05-18,297.8399963378906,209.41000366210938,87.91000366210938,175.4404754638672,255.63999938964844,417.43658447265625,221.2613067626953,220.05076599121094,413.0565185546875,420.989990234375,324.3900146484375,264.8599853515625,141.7100067138672,492.3800048828125,157.91000366210938,215.1199951171875,1472.3900146484375,86.83000183105469,420.0451965332031,399.3699951171875,311.3876037597656,220.61000061035156,132.04727172851562,50.42798614501953,31.652320861816406,38.52000045776367,154.68115234375,1079.795166015625,56.670291900634766,488.3800048828125,55.91999816894531,117.04000091552734,122.41000366210938,863.9500122070312,329.3025207519531,345.989990234375,262.0,29.329999923706055,89.91999816894531,342.6700134277344,24.594892501831055,303.546142578125,189.44000244140625,124.54000091552734,1076.469970703125,156.27000427246094,179.01795959472656,154.70750427246094,118.43692779541016,194.33999633789062,563.0306396484375,163.52076721191406,103.1198501586914,122.83999633789062,113.23999786376953,64.63404846191406,101.0607681274414,79.70182800292969,392.4730224609375,142.99000549316406,1057.39013671875,381.8699951171875,41.507408142089844,90.42867279052734,13.029999732971191,126.5,87.13999938964844,285.6339416503906,1011.7330322265625,128.82334899902344,72.94188690185547,392.87353515625,396.70306396484375,942.20751953125,25.09000015258789,297.5779724121094,227.8238067626953,77.1500015258789,43.529998779296875,222.75,155.4127960205078,78.77718353271484,108.16999816894531,401.38201904296875,439.9200134277344,275.3152770996094,227.61099243164062,299.3813171386719,22.934335708618164,175.64500427246094,80.67910766601562,67.52509307861328,17.18000030517578,509.2496337890625,884.97998046875,988.0900268554688,524.8739013671875,218.02000427246094,277.7643127441406,504.9435729980469,280.5671691894531,775.1129150390625,330.0,76.62861633300781,656.7462158203125,1585.9100341796875,81.41000366210938,610.64404296875,151.74520874023438,78.04000091552734,72.63377380371094,111.75633239746094,168.88832092285156,192.69000244140625,422.6246643066406,166.6300048828125,681.4351806640625,88.39257049560547,89.6500015258789,42.19245910644531,103.41999816894531,222.0612030029297,44.279998779296875,185.96304321289062,247.5500030517578,147.508056640625,25.329999923706055,142.38999938964844,203.90945434570312,141.28460693359375,135.13999938964844,189.9254150390625,44.239166259765625,202.890625,64.9800033569336,175.22012329101562,174.6199951171875,106.5999984741211,31.786842346191406,88.38999938964844,301.9969787597656,30.850000381469727,164.24000549316406,498.42999267578125,93.70999908447266,15.710000038146973,22.709999084472656,393.9835510253906,736.751953125,312.38604736328125,24.107208251953125,57.43000030517578,123.4000015258789,150.25,441.557373046875,22.639999389648438,130.79647827148438,409.989990234375,395.0249328613281,22.270000457763672,300.6000061035156,75.08000183105469,388.9087829589844,273.7079772949219,95.52999877929688,8.75,48.68000030517578,332.6400146484375,163.85000610351562,85.93948364257812,257.29754638671875,94.17990112304688,14.724834442138672,339.6593322753906,436.5799865722656,136.5587615966797,58.410579681396484,45.97623825073242,74.37000274658203,133.33999633789062,60.146240234375,51.559391021728516,170.3309326171875,145.0801544189453,160.49000549316406
2026-05-19,298.9700012207031,213.75999450683594,88.81999969482422,174.6993865966797,254.99000549316406,413.1782531738281,218.78013610839844,223.40310668945312,406.40478515625,414.04998779296875,330.75,259.3399963378906,141.5800018310547,476.8999938964844,159.82000732421875,223.14999389648438,1459.43994140625,88.0999984741211,410.4204406738281,392.3399963378906,308.4656066894531,215.00999450683594,134.40562438964844,50.43793487548828,30.48404884338379,37.75,154.1524658203125,1030.4930419921875,57.65913009643555,480.4599914550781,56.810001373291016,114.26000213623047,119.97000122070312,860.1500244140625,329.1031799316406,338.1199951171875,260.6700134277344,29.1299991607666,90.0199966430664,339.1300048828125,24.466638565063477,300.8103332519531,193.4499969482422,125.11000061035156,1094.3199462890625,168.99000549316406,178.95811462402344,154.22000122070312,114.9499740600586,197.25,556.6272583007812,166.6941680908203,101.51216888427734,124.55999755859375,114.0999984741211,63.9277229309082,100.33229064941406,75.84673309326172,400.6397705078125,144.3000030517578,1043.2701416015625,371.8800048828125,41.21331024169922,89.80207824707031,13.0600004196167,127.63999938964844,83.77999877929688,284.9248352050781,1011.2832641601562,129.64793395996094,72.472900390625,384.6684875488281,387.4285888671875,924.664794921875,25.459999084472656,300.1883850097656,227.73989868164062,74.16000366210938,43.5,222.3300018310547,153.5397491455078,77.90419006347656,110.80000305175781,397.94720458984375,441.5799865722656,272.3523254394531,228.684814453125,294.3738708496094,22.865581512451172,174.05799865722656,81.39449310302734,67.16718292236328,17.149999618530273,504.4747619628906,890.0900268554688,1021.4099731445312,523.204833984375,218.3699951171875,273.18756103515625,498.86376953125,278.90838623046875,761.0485229492188,334.67999267578125,77.87734985351562,650.5017700195312,1594.8599853515625,81.06999969482422,602.052001953125,148.59152221679688,78.00499725341797,72.9096450805664,113.4243392944336,176.22653198242188,189.5800018310547,416.51788330078125,164.6300048828125,698.632568359375,89.4051513671875,89.33000183105469,42.04378890991211,101.83000183105469,220.35317993164062,44.279998779296875,180.83090209960938,240.1300048828125,148.80441284179688,25.65999984741211,141.3000030517578,202.7799530029297,141.41366577148438,135.25999450683594,189.99484252929688,43.68599319458008,194.8901824951172,64.33000183105469,173.7661895751953,178.8000030517578,106.37999725341797,31.84636688232422,90.0199966430664,298.276611328125,30.559999465942383,169.5500030517578,493.8699951171875,94.13999938964844,15.229999542236328,22.760000228881836,387.3669738769531,731.8446044921875,316.90399169921875,24.649940490722656,58.61000061035156,127.23999786376953,150.67999267578125,447.3615417480469,23.219999313354492,131.2551727294922,404.1099853515625,391.69268798828125,21.15999984741211,302.30999755859375,74.08999633789062,387.02947998046875,270.15643310546875,96.83000183105469,8.449999809265137,47.20000076293945,329.9100036621094,163.30999755859375,85.24889373779297,261.3781433105469,94.44754028320312,14.872082710266113,322.5628967285156,434.30999755859375,134.52162170410156,57.80130386352539,46.939815521240234,74.55000305175781,134.1999969482422,60.851158142089844,50.92162322998047,168.32586669921875,146.6731414794922,162.5500030517578
2026-05-20,302.25,212.3000030517578,88.37999725341797,177.0906219482422,253.3699951171875,396.9626770019531,219.02825927734375,220.8167266845703,426.32000732421875,447.5799865722656,331.57000732421875,265.010009765625,140.49000549316406,482.2799987792969,163.38999938964844,256.7300109863281,1550.1300048828125,89.58000183105469,417.0998840332031,398.44000244140625,308.9742431640625,222.1999969482422,133.24627685546875,50.96519470214844,30.88997459411621,38.34000015258789,156.55642700195312,1045.6773681640625,57.88656234741211,480.8999938964844,56.66999816894531,116.83000183105469,124.81999969482422,872.5599975585938,327.3586120605469,350.8900146484375,281.260009765625,28.6299991607666,90.3499984741211,346.4800109863281,24.545562744140625,288.6235046386719,191.2899932861328,122.36000061035156,1074.010009765625,182.97999572753906,179.63636779785156,162.52749633789062,113.92381286621094,191.3300018310547,559.0111083984375,170.76571655273438,103.28855895996094,123.80999755859375,106.81999969482422,65.12151336669922,102.00581359863281,77.89879608154297,394.6043395996094,141.6300048828125,1065.06005859375,379.69000244140625,42.03679275512695,90.71710968017578,13.220000267028809,130.0,86.36000061035156,299.79632568359375,1023.996826171875,129.83670043945312,75.97531127929688,384.6684875488281,388.6778564453125,977.8106079101562,26.700000762939453,308.2677917480469,227.99160766601562,75.76000213623047,43.9900016784668,225.0,151.1287078857422,79.3029556274414,118.95999908447266,382.23681640625,449.0299987792969,279.2060241699219,228.0087127685547,300.625732421875,23.11113166809082,182.94700622558594,81.02687072753906,68.76782989501953,17.31999969482422,505.0329895019531,868.0700073242188,1018.8699951171875,519.191162109375,221.0500030517578,291.8843994140625,497.20654296875,278.3819580078125,753.8464965820312,329.1400146484375,77.4511947631836,662.7811889648438,1651.199951171875,82.51000213623047,604.499755859375,149.0093536376953,79.1500015258789,72.24951934814453,112.19319915771484,186.75393676757812,197.77000427246094,420.1499938964844,165.80999755859375,731.87744140625,87.62816619873047,88.08999633789062,43.798091888427734,103.30000305175781,223.20985412597656,45.06999969482422,187.50767517089844,246.66000366210938,147.73565673828125,25.790000915527344,142.44000244140625,202.51007080078125,143.6375274658203,137.14999389648438,187.07901000976562,44.22920227050781,201.76478576660156,66.88999938964844,174.12469482421875,179.88999938964844,106.5,31.866209030151367,88.45999908447266,306.9042663574219,33.459999084472656,166.97000122070312,498.92999267578125,93.62000274658203,15.6899995803833,22.81999969482422,393.60601806640625,739.3452758789062,320.634033203125,24.600603103637695,58.650001525878906,122.33000183105469,159.2100067138672,451.33758544921875,23.31999969482422,135.4033203125,417.260009765625,400.6816711425781,21.020000457763672,304.8800048828125,74.5999984741211,381.12322998046875,264.4261779785156,98.87000274658203,8.65999984741211,48.040000915527344,330.75,164.9600067138672,87.0542984008789,252.57000732421875,95.64696502685547,14.960432052612305,315.6043395996094,430.44000244140625,143.7986297607422,58.6003532409668,47.018470764160156,75.80999755859375,130.85000610351562,59.371822357177734,51.47966766357422,170.31097412109375,146.48397827148438,156.27999877929688
2026-05-21,304.989990234375,214.5,87.7699966430664,175.75665283203125,244.10000610351562,383.16046142578125,218.4228515625,213.3162384033203,427.3599853515625,449.5899963378906,337.4200134277344,268.4599914550781,148.58999633789062,485.8900146484375,162.3699951171875,298.2300109863281,1592.0,96.2300033569336,413.9149169921875,389.8399963378906,308.85455322265625,219.61000061035156,130.27357482910156,51.223854064941406,30.55335235595703,36.45000076293945,159.27957153320312,1057.7891845703125,58.885284423828125,479.9800109863281,57.150001525878906,118.56999969482422,125.22000122070312,865.9500122070312,329.2327575683594,358.4599914550781,285.8299865722656,29.700000762939453,90.44000244140625,354.7699890136719,24.742874145507812,287.7978210449219,193.55999755859375,120.55000305175781,1050.449951171875,193.38999938964844,175.8561248779297,162.0574951171875,117.75946044921875,191.00999450683594,529.976318359375,172.97116088867188,102.7923583984375,124.66000366210938,105.63999938964844,65.68856811523438,102.56693267822266,78.60607147216797,388.2402648925781,139.97999572753906,1078.4200439453125,381.510009765625,42.20344543457031,90.8762435913086,13.670000076293945,129.4600067138672,85.98999786376953,301.38433837890625,1043.286865234375,129.64793395996094,77.04299926757812,383.2393493652344,387.4285888671875,983.8340454101562,25.6200008392334,311.4439697265625,234.71421813964844,75.91999816894531,44.0,252.97000122070312,150.92945861816406,79.93785858154297,118.5,305.7157897949219,439.79998779296875,281.8197937011719,230.40492248535156,301.6411437988281,23.120952606201172,184.21800231933594,80.64929962158203,68.8075942993164,17.459999084472656,512.8881225585938,964.5,1041.6500244140625,519.3897705078125,217.41000366210938,302.0272216796875,498.78387451171875,282.265625,765.6534423828125,317.5,77.4511947631836,663.5991821289062,1677.9000244140625,84.30000305175781,606.8175659179688,150.82000732421875,76.26000213623047,72.62391662597656,115.05262756347656,190.64297485351562,200.50999450683594,419.0899963378906,164.85000610351562,761.9827880859375,89.03784942626953,89.30000305175781,43.99631881713867,99.69000244140625,219.25445556640625,44.38999938964844,189.11209106445312,252.9199981689453,147.3002471923828,25.950000762939453,143.39999389648438,198.88168334960938,143.587890625,137.4149932861328,186.91041564941406,44.154449462890625,212.6246795654297,64.79000091552734,175.25,176.27999877929688,104.12999725341797,31.995182037353516,85.38999938964844,308.5400085449219,33.459999084472656,165.5399932861328,503.9800109863281,94.23999786376953,15.649999618530273,22.559999465942383,392.3978271484375,740.8114624023438,312.6653137207031,25.005184173583984,56.81999969482422,126.1500015258789,157.4600067138672,448.91998291015625,23.040000915527344,138.7138671875,417.8500061035156,406.19873046875,21.280000686645508,298.3900146484375,73.61000061035156,380.3078918457031,264.06805419921875,98.25,8.4399995803833,48.86000061035156,331.1199951171875,158.27000427246094,87.56731414794922,241.08999633789062,95.82539367675781,14.832817077636719,323.3327331542969,433.5400085449219,148.87152099609375,58.63031768798828,47.46092987060547,75.91999816894531,121.33999633789062,58.70662307739258,51.54942321777344,170.11146545410156,147.49948120117188,155.2899932861328
2026-05-22,308.82000732421875,215.6999969482422,87.41000366210938,177.1103973388672,244.75999450683594,395.9853515625,223.61346435546875,215.4649200439453,432.1600036621094,467.510009765625,339.29998779296875,266.32000732421875,154.02999877929688,481.67999267578125,164.9199981689453,306.510009765625,1632.9000244140625,105.86000061035156,413.485595703125,386.0,310.9288635253906,219.02000427246094,128.81695556640625,51.532249450683594,30.711763381958008,36.13999938964844,160.65611267089844,1066.9873046875,58.79629135131836,486.3800048828125,57.779998779296875,118.51000213623047,125.08999633789062,879.8900146484375,326.8701477050781,373.5899963378906,294.07000732421875,30.1200008392334,90.61000061035156,367.3699951171875,24.871126174926758,289.7278137207031,184.99000549316406,120.45999908447266,1028.239990234375,218.41000366210938,179.6064453125,165.86500549316406,119.96123504638672,191.42999267578125,527.7820434570312,171.64390563964844,102.21676635742188,125.66999816894531,106.61000061035156,65.53933715820312,102.3602066040039,87.97982025146484,393.09051513671875,141.22000122070312,1079.7900390625,391.3500061035156,42.066200256347656,91.11494445800781,14.930000305175781,133.92999267578125,85.0199966430664,302.4629821777344,1038.20947265625,133.4827423095703,78.61958312988281,379.1518249511719,382.74139404296875,992.3564453125,26.729999542236328,310.7392578125,239.03514099121094,73.63999938964844,42.959999084472656,253.83999633789062,152.4039764404297,79.92793273925781,119.83999633789062,318.5290222167969,438.1000061035156,284.4435729980469,233.0,305.0059814453125,23.36650276184082,188.83799743652344,80.95732116699219,68.96666717529297,17.530000686645508,515.948486328125,946.9000244140625,1065.0,529.7718505859375,215.02999877929688,305.13507080078125,497.7056884765625,280.3684997558594,765.23388671875,326.1300048828125,77.89716339111328,668.9857788085938,1664.4200439453125,84.05999755859375,609.6949462890625,152.44000244140625,79.05500030517578,72.81111907958984,121.5360107421875,196.28158569335938,201.02999877929688,418.57000732421875,159.88999938964844,750.884521484375,87.90613555908203,88.5999984741211,44.273834228515625,102.12999725341797,215.07933044433594,44.959999084472656,191.41407775878906,260.5799865722656,149.00233459472656,25.899999618530273,144.44000244140625,199.4214324951172,144.84872436523438,136.8800048828125,187.43605041503906,44.084678649902344,237.28359985351562,66.58999633789062,177.00999450683594,175.9499969482422,103.11000061035156,32.57060241699219,86.70999908447266,309.0799865722656,35.58000183105469,172.1999969482422,524.739990234375,94.55000305175781,15.619999885559082,22.139999389648438,394.16290283203125,743.7239990234375,315.63739013671875,24.92624282836914,56.06999969482422,125.5999984741211,158.27000427246094,447.8310852050781,23.15999984741211,138.09564208984375,426.010009765625,403.57489013671875,22.3799991607666,309.2099914550781,71.81999969482422,386.2638854980469,264.50579833984375,101.0199966430664,8.800000190734863,48.959999084472656,328.8800048828125,160.1699981689453,87.27134704589844,246.9600067138672,95.92452239990234,14.665935516357422,327.3918762207031,434.5199890136719,156.0514678955078,58.90998458862305,47.53958511352539,76.4000015258789,120.2699966430664,59.06404495239258,51.758689880371094,171.3484344482422,149.23184204101562,154.9199981689453
2026-05-26,308.3299865722656,213.1199951171875,86.66999816894531,174.89700317382812,240.49000549316406,418.7928771972656,216.70587158203125,211.70474243164062,454.8900146484375,503.8900146484375,335.94000244140625,265.2900085449219,158.00999450683594,514.239990234375,163.77000427246094,321.2200012207031,1632.030029296875,119.69999694824219,421.3431701660156,385.29998779296875,309.87176513671875,218.89999389648438,128.29177856445312,51.93018341064453,31.355302810668945,34.900001525878906,162.8905029296875,1071.3626708984375,57.38225173950195,483.6199951171875,57.63999938964844,118.12000274658203,126.86000061035156,908.5499877929688,324.437744140625,381.75,301.57000732421875,29.670000076293945,89.8499984741211,370.8399963378906,24.811933517456055,281.0826416015625,180.00999450683594,116.56999969482422,1002.9299926757812,221.63999938964844,178.61898803710938,167.8874969482422,117.88898468017578,184.7100067138672,527.7520751953125,172.4522247314453,102.49463653564453,124.97000122070312,106.4800033569336,68.04631042480469,103.4922866821289,86.26644897460938,386.2782287597656,136.1999969482422,1077.6300048828125,403.1300048828125,42.88968276977539,92.3979721069336,15.319999694824219,133.9600067138672,88.5,314.09844970703125,1069.92333984375,132.85684204101562,79.61742401123047,384.6085205078125,388.6478576660156,990.1561889648438,26.770000457763672,308.22808837890625,243.02044677734375,74.08999633789062,42.9900016784668,250.69000244140625,150.0825958251953,82.9040298461914,123.5199966430664,303.0077819824219,436.6400146484375,289.82080078125,230.17999267578125,305.3643493652344,23.425434112548828,201.13900756835938,79.94385528564453,69.8912582397461,17.489999771118164,513.3466796875,910.8099975585938,1064.739990234375,529.43408203125,212.0800018310547,322.4528503417969,492.1849365234375,277.3787841796875,753.5668334960938,307.3500061035156,76.9061050415039,679.3799438476562,1648.0400390625,83.2699966430664,611.7730102539062,154.02999877929688,76.83000183105469,71.30366516113281,118.86521911621094,208.20863342285156,201.75999450683594,416.0299987792969,159.92999267578125,895.7422485351562,87.01268005371094,87.68000030517578,44.541439056396484,99.91999816894531,214.60987854003906,44.189998626708984,192.3906707763672,256.75,144.16323852539062,25.850000381469727,142.9600067138672,198.6917724609375,145.88124084472656,136.60000610351562,180.03738403320312,44.01490783691406,247.90438842773438,68.30999755859375,178.97000122070312,175.14999389648438,101.41999816894531,32.411861419677734,85.62999725341797,311.25,37.099998474121094,177.60000610351562,534.5599975585938,94.08999633789062,15.979999542236328,22.15999984741211,389.3302307128906,748.6613159179688,312.1666564941406,24.68941307067871,56.13999938964844,125.43000030517578,158.97000122070312,447.7311706542969,23.31999969482422,140.2195587158203,433.5899963378906,411.3566589355469,22.18000030517578,324.8900146484375,70.12000274658203,374.71978759765625,269.6988220214844,101.97000122070312,8.59000015258789,50.86000061035156,326.4800109863281,158.5399932861328,88.27764129638672,241.4499969482422,96.37059020996094,14.567770004272461,323.8426208496094,435.92999267578125,164.32986450195312,60.15850067138672,47.677242279052734,77.5199966430664,118.56999969482422,57.43578338623047,51.669002532958984,173.87222290039062,147.85791015625,149.80999755859375
2026-05-27,310.8500061035156,215.39999389648438,85.68000030517578,174.2646026611328,238.24000549316406,415.7412414550781,216.01113891601562,207.7555389404297,448.25,495.5400085449219,336.05999755859375,271.8500061035156,154.30999755859375,567.8300170898438,163.02000427246094,302.7099914550781,1597.8699951171875,129.60000610351562,421.193359375,391.32000732421875,311.6867980957031,224.3000030517578,126.59733581542969,50.83586883544922,31.355302810668945,34.70000076293945,167.94778442382812,1064.3421630859375,56.87794494628906,479.9200134277344,50.459999084472656,118.0,125.38999938964844,909.9299926757812,319.6327209472656,374.04998779296875,288.67999267578125,31.649999618530273,91.29000091552734,357.70001220703125,24.880992889404297,277.6603698730469,173.77999877929688,115.12999725341797,1003.6900024414062,221.22999572753906,177.0530242919922,161.33999633789062,119.22398376464844,182.39999389648438,528.0214233398438,172.77157592773438,103.3877944946289,125.3499984741211,107.81999969482422,68.03636169433594,103.13789367675781,90.84872436523438,389.8835754394531,134.3000030517578,1070.219970703125,406.3699951171875,42.83086013793945,91.79127502441406,15.880000114440918,127.93000030517578,85.44000244140625,316.8150634765625,1031.363037109375,132.81710815429688,83.93805694580078,384.5985107421875,388.5978698730469,992.0975952148438,26.520000457763672,315.4836730957031,242.8421630859375,76.2300033569336,42.45000076293945,255.1999969482422,149.15603637695312,82.79490661621094,121.7699966430664,306.37286376953125,418.54998779296875,289.6811218261719,231.2899932861328,297.93780517578125,23.94599723815918,195.718994140625,81.09642028808594,69.17544555664062,17.690000534057617,506.2690734863281,902.3099975585938,1082.9200439453125,527.6854858398438,216.83999633789062,318.7054748535156,494.2115478515625,279.0276184082031,755.6344604492188,294.4599914550781,75.30059814453125,676.8761596679688,1696.1700439453125,83.19999694824219,634.6718139648438,155.1699981689453,76.41999816894531,71.04749298095703,119.38150024414062,198.65098571777344,201.61000061035156,412.6700134277344,154.1999969482422,928.2672119140625,87.01268005371094,87.3499984741211,45.57221603393555,102.12000274658203,212.35250854492188,44.54999923706055,190.2979736328125,248.47000122070312,146.20179748535156,26.209999084472656,147.49000549316406,196.82260131835938,145.4642791748047,132.50999450683594,180.54318237304688,43.6162223815918,232.54110717773438,65.80999755859375,176.58999633789062,174.13999938964844,102.0999984741211,32.29281234741211,88.69999694824219,309.9700012207031,38.189998626708984,175.25999450683594,525.9199829101562,93.73999786376953,16.170000076293945,21.860000610351562,392.4638977050781,748.5316162109375,305.1254577636719,24.56113052368164,55.56999969482422,128.3300018310547,157.00999450683594,455.7531433105469,24.5,138.43466186523438,440.3599853515625,421.7423400878906,22.290000915527344,317.45001220703125,70.7300033569336,381.8292236328125,277.94598388671875,104.47000122070312,8.640000343322754,50.15999984741211,327.6099853515625,158.49000549316406,88.11978912353516,240.33999633789062,96.07321166992188,14.58740234375,319.7134704589844,437.2200012207031,159.92604064941406,60.21843338012695,47.431434631347656,76.11000061035156,118.54000091552734,56.581947326660156,51.24050521850586,173.87222290039062,148.1366729736328,147.89999389648438
2026-05-28,312.510009765625,218.6300048828125,86.30000305175781,176.28036499023438,241.44000244140625,417.8654479980469,218.20449829101562,206.19375610351562,449.67999267578125,518.0900268554688,336.4800109863281,274.0,155.27000427246094,599.8900146484375,159.17999267578125,335.2699890136719,1605.77001953125,133.08999633789062,425.9059143066406,439.32000732421875,314.259765625,228.77999877929688,125.01190185546875,50.50757598876953,30.899873733520508,34.849998474121094,169.3941650390625,1040.6258544921875,56.27475357055664,477.4200134277344,49.11000061035156,116.13999938964844,124.68000030517578,887.6699829101562,315.2364196777344,373.8500061035156,286.30999755859375,33.220001220703125,91.66000366210938,351.0199890136719,24.821800231933594,275.9890441894531,182.25,114.98999786376953,995.2000122070312,222.35000610351562,175.7164764404297,167.75,118.19782257080078,183.02999877929688,537.6065673828125,180.25604248046875,102.94122314453125,123.76000213623047,108.66999816894531,68.2552261352539,103.05914306640625,90.52000427246094,391.15838623046875,134.5800018310547,1069.43994140625,401.94000244140625,42.634796142578125,92.19905090332031,16.649999618530273,129.6999969482422,87.18000030517578,320.42059326171875,995.4913330078125,135.33059692382812,84.16755676269531,385.88775634765625,389.8971252441406,1003.9454345703125,27.93000030517578,318.8186340332031,244.3628692626953,84.83999633789062,41.560001373291016,264.2200012207031,147.75125122070312,82.89410400390625,120.88999938964844,311.61962890625,423.6300048828125,291.3371887207031,230.8000030517578,295.3992614746094,24.034395217895508,192.76300048828125,79.89418029785156,69.14562225341797,17.639999389648438,500.39764404296875,860.6199951171875,1126.800048828125,533.716064453125,217.9199981689453,317.7761535644531,492.9237060546875,276.09747314453125,756.1439208984375,325.67999267578125,74.8942642211914,677.564453125,1695.530029296875,81.95999908447266,634.7017211914062,152.85000610351562,77.48999786376953,70.90956115722656,119.03400421142578,204.77947998046875,203.7899932861328,426.989990234375,151.63999938964844,923.3779907226562,86.61558532714844,86.36000061035156,46.94989013671875,108.7300033569336,214.00057983398438,45.5099983215332,202.99378967285156,257.7699890136719,144.7668914794922,26.139999389648438,145.91000366210938,194.4236602783203,144.59060668945312,143.33999633789062,177.1017303466797,44.31392288208008,242.39471435546875,70.31999969482422,178.9600067138672,175.4600067138672,100.75,32.3721809387207,86.69000244140625,305.1400146484375,41.29999923706055,239.1999969482422,480.6400146484375,92.5199966430664,16.969999313354492,21.719999313354492,394.2384033203125,752.6609497070312,306.8109436035156,24.55126190185547,54.619998931884766,128.64999389648438,154.88999938964844,486.7320861816406,24.959999084472656,144.97598266601562,442.1000061035156,423.8673400878906,21.149999618530273,315.95001220703125,70.91999816894531,380.35760498046875,265.6199951171875,106.66999816894531,8.59000015258789,50.75,324.95001220703125,164.3800048828125,87.83368682861328,244.85000610351562,95.70645141601562,14.656119346618652,314.1146240234375,447.9700012207031,160.0558624267578,59.828895568847656,47.205284118652344,76.6500015258789,118.9000015258789,56.542232513427734,51.09103012084961,173.37344360351562,150.21751403808594,146.9600067138672
2026-05-29,312.05999755859375,217.72000122070312,85.5999984741211,184.8473663330078,259.2099914550781,412.7195129394531,220.16958618164062,205.00999450683594,450.05999755859375,516.0999755859375,336.7900085449219,270.6400146484375,159.47000122070312,613.0900268554688,161.1699981689453,353.2900085449219,1612.760009765625,113.41000366210938,446.06402587890625,448.7200012207031,315.6060791015625,231.14999389648438,123.08955383300781,51.333282470703125,30.711763381958008,37.02000045776367,167.01014709472656,1041.013671875,56.54174041748047,474.4800109863281,48.310001373291016,116.97000122070312,125.9000015258789,875.8699951171875,310.7604064941406,374.92999267578125,287.75,33.27000045776367,90.12999725341797,385.3900146484375,24.53569793701172,272.1290588378906,189.02999877929688,113.9800033569336,956.3200073242188,236.02999877929688,190.60804748535156,182.75,119.97119140625,182.4600067138672,540.7783203125,182.29180908203125,101.05567169189453,122.7300033569336,111.36000061035156,68.24527740478516,103.16743469238281,88.94999694824219,391.5965881347656,133.3800048828125,1068.0400390625,400.6000061035156,42.57597351074219,92.45764923095703,17.440000534057617,137.97000122070312,89.48999786376953,323.35693359375,967.8255004882812,133.55227661132812,83.05995178222656,376.2035827636719,380.1129455566406,1021.06005859375,31.049999237060547,314.7789611816406,249.4598846435547,94.30000305175781,41.630001068115234,297.79998779296875,147.30291748046875,82.80482482910156,114.68000030517578,330.0679016113281,424.6400146484375,289.740966796875,225.3300018310547,297.9676818847656,23.58258628845215,192.17100524902344,78.50315856933594,69.20526885986328,17.280000686645508,496.12115478515625,854.9600219726562,1105.0,527.0,214.36000061035156,317.9560241699219,493.1533203125,277.3191833496094,741.6199951171875,335.54998779296875,73.14999389648438,678.9210205078125,1695.6500244140625,82.69000244140625,631.92431640625,153.1300048828125,83.62000274658203,68.55477142333984,117.87236022949219,204.94943237304688,208.0,450.239990234375,159.08999633789062,970.8507080078125,86.37733459472656,86.0199966430664,45.81999969482422,124.37000274658203,210.8942108154297,45.58000183105469,224.9972381591797,281.69000244140625,142.6887664794922,26.18000030517578,143.55999755859375,190.3154754638672,142.43624877929688,156.5399932861328,175.9215087890625,44.602970123291016,250.09628295898438,78.62999725341797,179.66000366210938,181.7899932861328,99.16000366210938,32.24320602416992,82.62000274658203,303.8399963378906,46.09000015258789,255.5500030517578,475.6199951171875,92.05000305175781,18.219999313354492,21.56999969482422,401.1352844238281,754.5361328125,304.2777099609375,24.472318649291992,54.599998474121094,127.06999969482422,154.75,492.0168151855469,26.030000686645508,145.04579162597656,435.7900085449219,417.47235107421875,21.559999465942383,305.67999267578125,70.4000015258789,378.15020751953125,262.6400146484375,106.69000244140625,8.819999694824219,50.7599983215332,326.3599853515625,174.33999633789062,87.81395721435547,244.82000732421875,94.8638687133789,14.685568809509277,315.6443176269531,447.5400085449219,160.00592041015625,59.80891799926758,47.00864028930664,77.54000091552734,115.75,55.886959075927734,51.39994812011719,172.70509338378906,148.81369018554688,145.25999450683594
2026-06-01,306.30999755859375,212.92999267578125,87.77999877929688,194.25424194335938,274.0299987792969,401.5899963378906,231.97999572753906,207.2100067138672,458.1700134277344,510.1300048828125,329.1300048828125,261.260009765625,170.67999267578125,613.7000122070312,179.3000030517578,408.8500061035156,1628.5699462890625,105.6500015258789,459.2431640625,476.8800048828125,312.68408203125,224.3000030517578,124.2588119506836,51.24374771118164,30.632556915283203,39.5099983215332,168.82557678222656,1015.0101928710938,54.336631774902344,470.2900085449219,47.97999954223633,116.94000244140625,129.08999633789062,865.3599853515625,308.81646728515625,414.1600036621094,265.70001220703125,30.8799991607666,88.43000030517578,426.54998779296875,24.71327781677246,256.4304504394531,182.61000061035156,115.58000183105469,946.1099853515625,226.10000610351562,209.0604248046875,195.54249572753906,120.87779998779297,185.8300018310547,541.0277099609375,179.4976043701172,102.06790924072266,119.88999938964844,117.97000122070312,69.7176284790039,102.81304168701172,85.58000183105469,401.0282287597656,136.6199951171875,1050.77001953125,400.0799865722656,42.62499237060547,92.42781066894531,16.6299991607666,147.13999938964844,86.68000030517578,324.1958923339844,950.0545654296875,130.24403381347656,82.50116729736328,372.35589599609375,376.14532470703125,1048.5799560546875,33.790000915527344,308.3769836425781,248.0755157470703,90.7300033569336,40.4900016784668,320.4200134277344,144.42361450195312,84.5011978149414,109.33000183105469,352.19989013671875,412.260009765625,288.29443359375,223.50999450683594,295.2499084472656,23.209348678588867,194.00399780273438,78.13553619384766,67.91282653808594,17.350000381469727,495.842041015625,905.0,1082.199951171875,516.5,207.6999969482422,316.8967590332031,494.42120361328125,274.2499694824219,734.8200073242188,403.8800048828125,73.3184814453125,678.33251953125,1730.97998046875,81.83999633789062,599.9139404296875,150.92999267578125,95.47000122070312,67.63848114013672,114.34770202636719,219.37586975097656,211.00999450683594,460.5199890136719,149.77999877929688,1035.3408203125,83.05168914794922,85.8499984741211,45.93000030517578,135.86000061035156,224.09881591796875,44.06999969482422,247.28968811035156,300.4800109863281,140.0465545654297,25.6299991607666,140.27999877929688,192.58447265625,138.018310546875,160.64999389648438,171.24032592773438,45.04152297973633,228.14735412597656,85.06999969482422,174.41000366210938,196.11000061035156,96.51000213623047,31.925735473632812,79.73999786376953,294.8599853515625,46.880001068115234,280.1600036621094,492.2900085449219,89.02999877929688,18.579999923706055,22.56999969482422,405.4493713378906,756.5908203125,298.6626892089844,24.225622177124023,55.29999923706055,123.70999908447266,152.75,493.5452575683594,27.739999771118164,138.4147186279297,415.8800048828125,434.6122131347656,23.219999313354492,293.20001220703125,73.7699966430664,377.7027587890625,263.5,109.0199966430664,9.369999885559082,50.540000915527344,322.7699890136719,188.66000366210938,87.33053588867188,252.52000427246094,93.26793670654297,14.695384979248047,323.32275390625,438.3999938964844,154.54356384277344,60.34827423095703,46.92998123168945,77.16999816894531,114.5999984741211,56.88972473144531,51.25047302246094,171.9768829345703,147.1908416748047,149.3800048828125
2026-06-02,315.20001220703125,215.39999389648438,86.97000122070312,184.00746154785156,262.1099853515625,423.20001220703125,229.4392547607422,210.4600067138672,490.04998779296875,521.5399780273438,328.260009765625,256.5199890136719,175.3300018310547,605.6300048828125,174.6300048828125,402.7099914550781,1705.3699951171875,118.16999816894531,480.8090515136719,490.1199951171875,310.12109375,217.6999969482422,129.62950134277344,52.208736419677734,30.81077003479004,38.470001220703125,166.79071044921875,1013.2501831054688,53.85210037231445,471.510009765625,47.68000030517578,114.91000366210938,131.25999450683594,909.8099975585938,311.2987060546875,416.3900146484375,272.6499938964844,30.540000915527344,88.2699966430664,472.3999938964844,24.515966415405273,249.23773193359375,173.99000549316406,116.87000274658203,954.27001953125,229.0,200.32296752929688,192.2375030517578,127.52294158935547,187.5500030517578,577.7525024414062,175.74539184570312,100.63886260986328,121.08999633789062,109.94999694824219,70.43390655517578,103.38399505615234,83.41000366210938,387.4534606933594,138.5800018310547,1071.800048828125,417.6199951171875,42.71322250366211,93.07430267333984,16.149999618530273,148.86000061035156,88.05000305175781,317.324462890625,969.1748046875,126.73706817626953,81.55323028564453,358.1744384765625,361.6340026855469,1064.5799560546875,31.81999969482422,309.2007751464844,246.70162963867188,88.16000366210938,38.04999923706055,329.2300109863281,141.85316467285156,85.30474090576172,107.93000030517578,320.7193298339844,402.29998779296875,290.9680480957031,222.88999938964844,299.6102600097656,22.914690017700195,204.52000427246094,77.90701293945312,69.13568115234375,17.31999969482422,494.3467712402344,1029.1500244140625,1064.1500244140625,513.4299926757812,206.63999938964844,334.1745910644531,476.8805847167969,276.3599853515625,736.780029296875,398.4599914550781,73.09053802490234,684.4473266601562,1672.8299560546875,82.81999969482422,597.0765991210938,152.89999389648438,91.51000213623047,68.21977996826172,114.82427978515625,290.7182922363281,214.97999572753906,441.30999755859375,136.0800018310547,1063.936279296875,85.05699920654297,83.33000183105469,43.72999954223633,127.6500015258789,222.56060791015625,42.91999816894531,243.73207092285156,297.17999267578125,140.5215606689453,25.549999237060547,140.82000732421875,196.73265075683594,139.39830017089844,152.1699981689453,172.2321014404297,44.383689880371094,239.9537353515625,82.33000183105469,174.25999450683594,190.82000732421875,95.51000213623047,32.114234924316406,78.05000305175781,293.0,50.16999816894531,261.1400146484375,508.3500061035156,90.51000213623047,17.739999771118164,22.790000915527344,394.9479675292969,757.6182250976562,292.5190734863281,24.31443214416504,60.33000183105469,123.18000030517578,153.69000244140625,481.59722900390625,26.350000381469727,138.2551727294922,423.739990234375,445.6463623046875,21.100000381469727,308.1199951171875,71.62000274658203,375.7738037109375,264.67999267578125,108.93000030517578,8.979999542236328,53.41999816894531,317.32000732421875,182.94000244140625,87.7646255493164,258.260009765625,93.69417572021484,14.842633247375488,334.42041015625,425.0899963378906,157.74908447265625,61.11735916137695,47.067630767822266,79.44000244140625,113.05999755859375,57.54499816894531,51.280364990234375,173.7624969482422,145.75717163085938,149.55999755859375
2026-06-03,310.260009765625,217.1300048828125,86.98999786376953,175.32188415527344,256.239990234375,437.6700134277344,226.03509521484375,209.33999633789062,500.7699890136719,542.52001953125,338.2200012207031,250.02000427246094,174.3699951171875,570.8300170898438,166.27000427246094,411.8299865722656,1726.3599853515625,107.7300033569336,478.4727478027344,481.4800109863281,299.7494812011719,210.5800018310547,126.05233764648438,52.129150390625,30.068222045898438,35.20000076293945,164.36679077148438,985.3175659179688,54.10919952392578,475.3699951171875,47.689998626708984,110.27999877929688,129.92999267578125,926.1799926757812,311.7772216796875,408.0,267.239990234375,30.010000228881836,84.87000274658203,458.1400146484375,23.203845977783203,251.33685302734375,163.22000122070312,119.05000305175781,961.8300170898438,214.60000610351562,190.1193084716797,186.90249633789062,126.02853393554688,189.7100067138672,586.7691040039062,177.71131896972656,98.63421630859375,121.04000091552734,107.4000015258789,69.5584487915039,102.4980239868164,82.05000305175781,389.6843566894531,141.5,1077.0,421.2099914550781,41.928955078125,93.43235778808594,15.710000038146973,146.47999572753906,85.0,314.248291015625,958.8700561523438,128.14779663085938,81.52328491210938,355.466064453125,358.77569580078125,1041.02001953125,30.93000030517578,310.6400146484375,234.1478729248047,82.8499984741211,37.0,305.6300048828125,137.9376983642578,84.16390228271484,112.70999908447266,310.0664978027344,407.2900085449219,286.9875183105469,223.24000549316406,299.50079345703125,22.35483741760254,212.51100158691406,78.25476837158203,67.4853286743164,16.829999923706055,505.97003173828125,938.0,1078.780029296875,512.030029296875,207.64999389648438,343.4680480957031,470.7608337402344,273.2900085449219,739.530029296875,368.32000732421875,77.25297546386719,683.7988891601562,1638.5400390625,80.95999908447266,622.4031372070312,151.64999389648438,85.94999694824219,69.26416778564453,113.88105773925781,301.5755920410156,210.13999938964844,427.3399963378906,126.55000305175781,1079.4039306640625,83.96500396728516,81.5199966430664,43.810001373291016,117.9000015258789,214.5,42.0,229.53146362304688,280.42999267578125,141.05592346191406,25.34000015258789,140.19000244140625,193.37413024902344,140.7981414794922,142.1999969482422,174.49334716796875,42.470001220703125,249.08999633789062,79.45999908447266,172.5500030517578,180.6699981689453,95.88999938964844,32.114234924316406,78.9800033569336,296.489990234375,47.41999816894531,241.27999877929688,498.0199890136719,90.48999786376953,16.68000030517578,22.200000762939453,390.0567626953125,752.3018798828125,294.2145690917969,23.238834381103516,58.130001068115234,124.80000305175781,157.89999389648438,473.47540283203125,25.06999969482422,139.2124481201172,423.70001220703125,435.66973876953125,20.559999465942383,308.5899963378906,71.69000244140625,374.8590087890625,262.1300048828125,108.66999816894531,8.5600004196167,50.38999938964844,312.3999938964844,178.72000122070312,86.7188720703125,261.45001220703125,93.58514404296875,14.773918151855469,331.3710632324219,428.3399963378906,153.5849151611328,60.258384704589844,45.86808395385742,78.68000030517578,116.88999938964844,58.28962707519531,50.69242477416992,173.62283325195312,146.90213012695312,152.52999877929688
2026-06-04,311.2300109863281,224.94000244140625,90.77999877929688,176.7349090576172,258.4200134277344,428.760009765625,229.5682830810547,210.83999633789062,501.70001220703125,523.2000122070312,345.6000061035156,253.7899932861328,166.00999450683594,558.8699951171875,163.64999389648438,393.44000244140625,1757.469970703125,107.29000091552734,418.248046875,513.2000122070312,311.67681884765625,217.4199981689453,124.80380249023438,53.88999938964844,31.652320861816406,35.959999084472656,167.07000732421875,1016.8299560546875,55.96821212768555,478.6300048828125,48.849998474121094,118.55000305175781,135.14999389648438,940.47998046875,313.52178955078125,411.67999267578125,264.5899963378906,27.75,85.0999984741211,425.3599853515625,23.016399383544922,254.7392120361328,164.1300048828125,119.2300033569336,972.3499755859375,217.5,188.26409912109375,179.7725067138672,129.51548767089844,188.35000610351562,590.22021484375,186.25360107421875,98.5845947265625,121.81999969482422,109.1500015258789,68.74269104003906,103.3150863647461,82.9000015258789,407.7807312011719,140.8800048828125,1089.1500244140625,418.6099853515625,42.223052978515625,93.62132263183594,15.34000015258789,149.6699981689453,86.4000015258789,327.2420959472656,962.8380737304688,128.3365478515625,83.04000091552734,369.0478820800781,371.96783447265625,1092.6099853515625,30.84000015258789,309.95001220703125,228.25379943847656,88.33000183105469,36.02000045776367,301.7699890136719,141.53433227539062,83.34052276611328,111.77999877929688,300.6482238769531,418.82000732421875,291.3172302246094,228.1699981689453,309.4957580566406,22.06999969482422,213.11000061035156,76.32720947265625,69.5731201171875,16.8799991607666,507.45001220703125,945.0800170898438,1125.27001953125,519.0499877929688,207.52999877929688,336.1731872558594,480.9537658691406,272.7200012207031,756.9500122070312,380.17999267578125,81.1973876953125,686.2727661132812,1634.780029296875,83.45999908447266,626.9888916015625,152.77000427246094,87.30999755859375,69.55974578857422,119.40135955810547,316.3519592285156,218.27000427246094,428.04998779296875,129.3699951171875,995.8468627929688,85.05699920654297,81.55999755859375,43.619998931884766,119.36000061035156,218.66000366210938,43.75,235.5206298828125,279.25,140.6699981689453,25.690000534057617,140.77999877929688,195.29327392578125,142.75393676757812,141.6999969482422,173.55116271972656,42.75,242.57000732421875,77.0,179.41000366210938,187.13999938964844,94.13999938964844,32.332496643066406,80.18000030517578,300.0899963378906,46.900001525878906,244.17999267578125,494.4800109863281,91.62000274658203,17.149999618530273,22.229999542236328,397.4645080566406,755.1445922851562,300.40802001953125,22.46914291381836,58.18000030517578,123.8499984741211,158.6300048828125,481.5472717285156,25.219999313354492,140.0699920654297,418.45001220703125,443.8805236816406,21.030000686645508,305.3699951171875,72.20999908447266,394.21844482421875,263.8999938964844,110.22000122070312,8.739999771118164,50.279998779296875,320.17999267578125,178.60000610351562,87.69556427001953,258.8500061035156,95.2603759765625,14.82300090789795,323.8526306152344,441.739990234375,153.4850616455078,60.238407135009766,44.117916107177734,81.62000274658203,117.73999786376953,58.329341888427734,52.007816314697266,175.7276611328125,151.4122314453125,152.0399932861328
2026-06-05,307.3399963378906,227.22999572753906,91.06999969482422,176.1321563720703,251.44000244140625,401.3900146484375,230.20346069335938,221.00999450683594,453.010009765625,466.3800048828125,349.5799865722656,246.02999877929688,154.27000427246094,557.2000122070312,166.94000244140625,342.92999267578125,1641.739990234375,93.5999984741211,385.1204833984375,486.1199951171875,309.8119201660156,215.4499969482422,119.95830535888672,53.83000183105469,31.0186824798584,35.970001220703125,165.83999633789062,995.5999755859375,56.6307373046875,488.1300048828125,48.54999923706055,115.3499984741211,132.47000122070312,904.280029296875,325.2551574707031,376.19000244140625,254.8300018310547,28.1299991607666,88.58000183105469,371.7099914550781,23.49981117248535,256.0722961425781,152.39999389648438,117.13999938964844,971.8699951171875,206.88999938964844,185.1820526123047,167.7550048828125,121.1866455078125,187.30999755859375,581.9317016601562,183.91844177246094,98.95178985595703,124.22000122070312,109.02999877929688,64.25601196289062,100.66699981689453,83.48999786376953,413.8460693359375,137.77999877929688,1080.949951171875,395.94000244140625,41.28193283081055,90.2297592163086,14.899999618530273,144.67999267578125,78.83999633789062,327.5916442871094,933.1331787109375,128.3166961669922,82.11000061035156,365.5400085449219,368.30999755859375,1038.6800537109375,31.1200008392334,310.7799987792969,224.4048309326172,82.47000122070312,34.13999938964844,284.8399963378906,140.97640991210938,78.0033950805664,99.16999816894531,295.4512634277344,422.05999755859375,280.9817810058594,232.77000427246094,310.9691162109375,22.579999923706055,192.9199981689453,78.97014617919922,69.76200866699219,17.709999084472656,507.8999938964844,863.6599731445312,1131.4200439453125,523.760009765625,210.74000549316406,303.0664978027344,490.2581481933594,279.8399963378906,775.6599731445312,350.739990234375,80.93971252441406,672.916015625,1607.800048828125,84.48999786376953,592.450927734375,153.75999450683594,85.73999786376953,71.1263198852539,119.92757415771484,263.405029296875,211.92999267578125,416.6700134277344,120.44000244140625,863.8771362304688,85.83999633789062,82.18000030517578,42.97999954223633,112.44999694824219,205.10000610351562,42.959999084472656,212.93917846679688,272.04998779296875,141.9199981689453,26.040000915527344,146.5399932861328,203.929443359375,143.49853515625,135.52999877929688,176.8240203857422,41.290000915527344,215.94000244140625,73.41000366210938,180.99000549316406,184.77000427246094,95.29000091552734,32.0447883605957,82.87000274658203,305.29998779296875,41.63999938964844,238.25999450683594,464.8500061035156,92.5999984741211,16.030000686645508,21.889999389648438,401.55157470703125,735.65478515625,304.84619140625,22.449405670166016,56.95000076293945,122.56999969482422,160.7100067138672,472.3265075683594,24.639999389648438,140.10000610351562,391.0,414.20001220703125,19.950000762939453,285.05999755859375,70.70999908447266,397.201416015625,272.32000732421875,108.54000091552734,8.760000228881836,45.310001373291016,323.57000732421875,172.61000061035156,85.95921325683594,255.82000732421875,95.94435119628906,14.699999809265137,300.447509765625,446.8299865722656,148.5519561767578,57.96111297607422,44.609535217285156,81.94000244140625,118.87999725341797,57.25707244873047,52.117431640625,173.75250244140625,152.33815002441406,149.9199981689453
2026-06-08,301.5400085449219,223.07000732421875,90.5,172.35752868652344,244.99000549316406,403.8900146484375,227.35507202148438,215.02000427246094,492.1700134277344,490.3299865722656,345.7300109863281,245.22000122070312,156.39999389648438,563.6900024414062,164.89999389648438,346.3900146484375,1749.0400390625,92.05999755859375,395.9732971191406,471.05999755859375,311.44744873046875,215.9199981689453,118.9773178100586,53.630001068115234,31.07808494567871,35.13999938964844,162.3000030517578,994.77001953125,54.949710845947266,487.0,48.70000076293945,114.19000244140625,133.27999877929688,915.6400146484375,320.8788146972656,394.239990234375,250.6699981689453,28.0,86.06999969482422,386.5,23.44061851501465,250.72999572753906,162.11000061035156,118.88999938964844,974.75,222.27000427246094,182.08006286621094,164.69749450683594,123.68729400634766,189.24000549316406,572.1769409179688,183.15003967285156,98.11817932128906,122.05000305175781,117.95999908447266,65.4100112915039,101.27733612060547,84.63999938964844,416.4554443359375,140.14999389648438,1062.739990234375,403.1400146484375,41.31134033203125,91.4531021118164,15.0,143.0399932861328,78.66999816894531,321.6390686035156,933.373046875,127.26361083984375,83.7699966430664,361.1700134277344,363.30999755859375,1045.0,31.079999923706055,309.7099914550781,222.12899780273438,85.04000091552734,35.88999938964844,280.82000732421875,138.5354766845703,79.33271789550781,110.2699966430664,304.16265869140625,418.6099853515625,283.4359436035156,232.16000366210938,309.7147521972656,23.350000381469727,210.80599975585938,79.0297622680664,69.95091247558594,17.549999237060547,501.9200134277344,895.4000244140625,1149.1500244140625,520.0700073242188,207.97000122070312,324.22161865234375,484.85723876953125,277.7799987792969,766.6400146484375,352.55999755859375,79.9684829711914,674.5718994140625,1611.989990234375,84.37999725341797,584.8479614257812,153.85000610351562,83.76000213623047,70.23957824707031,118.66664123535156,288.7787780761719,212.24000549316406,411.739990234375,127.19999694824219,949.134033203125,84.01000213623047,82.63999938964844,43.22999954223633,114.19000244140625,208.63999938964844,41.02000045776367,211.0856475830078,266.3299865722656,140.67999267578125,25.6200008392334,145.10000610351562,200.1710968017578,141.751220703125,136.47000122070312,174.61236572265625,41.2599983215332,217.77000427246094,71.7300033569336,178.66000366210938,181.9199981689453,94.81999969482422,32.03486633300781,86.68000030517578,299.54998779296875,43.9900016784668,240.4499969482422,473.4800109863281,91.27999877929688,16.5,22.149999618530273,394.5979309082031,737.3204345703125,300.7271728515625,22.202709197998047,56.650001525878906,123.97000122070312,159.75,469.1596984863281,24.100000381469727,140.89999389648438,408.95001220703125,425.8028259277344,19.43000030517578,290.8999938964844,70.05999755859375,404.2610778808594,268.6700134277344,107.69999694824219,8.869999885559082,45.91999816894531,319.6700134277344,167.24000549316406,86.3439712524414,258.3900146484375,94.63587951660156,14.8100004196167,300.5074768066406,442.9599914550781,146.69456481933594,58.26075744628906,44.67836380004883,80.95999908447266,119.83000183105469,57.912349700927734,51.7885856628418,173.20387268066406,151.97972106933594,151.75
2026-06-09,290.54998779296875,225.4199981689453,91.25,171.408935546875,237.8800048828125,404.6199951171875,229.42933654785156,217.17999267578125,499.2099914550781,475.510009765625,344.57000732421875,244.19000244140625,152.16000366210938,520.8400268554688,169.2899932861328,324.8599853515625,1777.77001953125,88.70999908447266,391.5403137207031,452.510009765625,317.5108642578125,214.50999450683594,118.61067962646484,54.41999816894531,31.484010696411133,34.09000015258789,163.99000549316406,1011.9600219726562,55.849552154541016,487.7699890136719,48.959999084472656,120.29000091552734,134.72999572753906,914.7000122070312,324.11871337890625,390.8999938964844,251.64999389648438,28.190000534057617,87.80000305175781,371.8599853515625,23.529409408569336,255.94000244140625,155.5,116.79000091552734,968.5900268554688,234.32000732421875,174.8986053466797,161.2324981689453,119.91141510009766,186.75999450683594,575.8374633789062,188.0199432373047,98.57467651367188,123.81999969482422,117.86000061035156,65.47965240478516,101.29702758789062,86.55999755859375,422.7099914550781,137.3300018310547,1059.8399658203125,401.7200012207031,41.21331024169922,90.45851135253906,14.949999809265137,138.38999938964844,77.58999633789062,330.02862548828125,919.6801147460938,124.68058013916016,83.76000213623047,362.2900085449219,364.260009765625,1032.010009765625,30.299999237060547,321.3299865722656,226.2191925048828,83.7699966430664,35.13999938964844,277.489990234375,141.03619384765625,79.40216064453125,107.91999816894531,292.484375,426.6099853515625,284.3437805175781,237.0,311.2976379394531,23.43000030517578,213.93699645996094,80.81820678710938,70.82579040527344,17.920000076293945,515.5900268554688,821.760009765625,1144.6800537109375,530.1300048828125,217.3699951171875,326.9297180175781,494.41119384765625,282.25,784.22998046875,340.2799987792969,81.2469482421875,679.9884033203125,1641.1600341796875,85.56999969482422,584.0487060546875,156.38999938964844,83.2300033569336,70.50559997558594,118.7460708618164,266.8141784667969,210.25,403.4100036621094,117.0199966430664,935.74609375,84.83000183105469,81.41000366210938,44.650001525878906,106.97000122070312,208.19000244140625,42.189998626708984,205.0964813232422,260.5199890136719,142.77999877929688,25.700000762939453,148.6699981689453,200.04116821289062,146.45706176757812,132.07000732421875,177.0223846435547,41.459999084472656,205.4199981689453,71.73999786376953,181.55999755859375,178.9199981689453,97.41000366210938,32.13407516479492,84.73999786376953,310.54998779296875,40.63999938964844,239.66000366210938,465.2699890136719,92.94999694824219,16.469999313354492,21.309999465942383,401.91107177734375,735.1560668945312,313.1739501953125,22.40993309020996,57.630001068115234,126.61000061035156,164.8699951171875,493.5752258300781,25.0,145.6199951171875,396.67999267578125,426.92022705078125,19.889999389648438,288.6300048828125,70.37999725341797,410.6545715332031,271.2799987792969,107.87000274658203,8.819999694824219,44.119998931884766,325.04998779296875,167.67999267578125,86.69913482666016,253.77999877929688,96.81665802001953,14.670000076293945,289.45977783203125,445.7699890136719,146.01551818847656,58.380615234375,45.012664794921875,82.0,118.87999725341797,56.97908020019531,52.27687454223633,175.16903686523438,153.8913116455078,148.91000366210938
2026-06-10,291.5799865722656,224.9499969482422,89.16999816894531,168.47422790527344,233.3800048828125,392.6700134277344,229.35986328125,223.33999633789062,497.010009765625,452.3999938964844,337.7300109863281,238.0,151.75999450683594,492.9800109863281,168.32000732421875,307.42999267578125,1734.18994140625,87.31999969482422,371.51202392578125,447.5899963378906,312.484619140625,209.0,114.32999420166016,54.540000915527344,30.830568313598633,32.38999938964844,160.63999938964844,1010.6799926757812,54.979373931884766,483.67999267578125,48.34000015258789,118.4800033569336,133.3800048828125,856.1599731445312,329.5517578125,385.1300048828125,242.3000030517578,28.3700008392334,89.94999694824219,362.9200134277344,23.647794723510742,263.79998779296875,153.97000122070312,119.91999816894531,983.3699951171875,237.67999267578125,170.47999572753906,161.93499755859375,118.35723114013672,189.8000030517578,558.6021118164062,183.2498321533203,97.86015319824219,125.04000091552734,121.91999816894531,64.32565307617188,99.98774719238281,85.38999938964844,404.55999755859375,140.27999877929688,1038.3299560546875,375.4599914550781,40.45845031738281,88.80747985839844,14.300000190734863,138.8800048828125,73.80999755859375,318.3132019042969,866.647216796875,120.68683624267578,79.4000015258789,353.32000732421875,356.3800048828125,1001.2899780273438,28.510000228881836,318.9200134277344,215.9202880859375,86.36000061035156,35.08000183105469,272.3599853515625,139.82070922851562,77.99347686767578,107.04000091552734,282.966552734375,412.0199890136719,281.3808288574219,238.49000549316406,307.75360107421875,24.049999237060547,213.56399536132812,83.05377197265625,71.22346496582031,18.049999237060547,509.1600036621094,853.260009765625,1136.3699951171875,525.02001953125,216.19000244140625,321.5734558105469,488.2615051269531,282.5199890136719,790.4400024414062,348.2799987792969,79.53240966796875,670.1728515625,1588.2900390625,86.12999725341797,570.4512939453125,156.85000610351562,81.69999694824219,72.05245971679688,118.23970794677734,252.52769470214844,206.66000366210938,397.3599853515625,115.3499984741211,891.7428588867188,85.12000274658203,82.0,43.959999084472656,106.05999755859375,200.4199981689453,42.810001373291016,200.56224060058594,263.2200012207031,144.32000732421875,25.600000381469727,149.0500030517578,204.10935974121094,144.7196807861328,130.2100067138672,181.44570922851562,40.70000076293945,191.1999969482422,71.31999969482422,177.41000366210938,170.3000030517578,98.76000213623047,32.00510025024414,86.81999969482422,303.9100036621094,29.270000457763672,239.89999389648438,460.5400085449219,94.0199966430664,15.869999885559082,20.760000228881836,403.3869323730469,723.56591796875,308.0177307128906,22.90332794189453,59.18000030517578,127.9800033569336,167.66000366210938,481.5572814941406,24.299999237060547,140.9199981689453,381.5899963378906,407.7950134277344,19.290000915527344,282.010009765625,68.61000061035156,405.1460266113281,267.0299987792969,103.26000213623047,8.569999694824219,42.349998474121094,322.9599914550781,163.75999450683594,85.52513122558594,257.989990234375,96.82657623291016,15.050000190734863,280.92156982421875,435.7099914550781,138.34625244140625,57.65148162841797,46.163055419921875,81.97000122070312,120.58999633789062,57.832923889160156,52.04767608642578,169.2436065673828,152.17886352539062,150.6199951171875
2026-06-11,295.6300048828125,224.77000427246094,89.6500015258789,165.52964782714844,218.8000030517578,412.1300048828125,224.07000732421875,219.57000732421875,552.6400146484375,488.45001220703125,354.05999755859375,241.50999450683594,156.39999389648438,478.57000732421875,159.67999267578125,342.2300109863281,1899.47998046875,97.55999755859375,384.9607238769531,446.20001220703125,317.62054443359375,221.6300048828125,112.69000244140625,55.15999984741211,31.493911743164062,32.130001068115234,163.58999633789062,1016.5800170898438,56.26486587524414,485.7900085449219,47.16999816894531,120.87999725341797,138.07000732421875,897.6300048828125,326.9100036621094,383.739990234375,246.7100067138672,28.399999618530273,89.38999938964844,385.8599853515625,23.647794723510742,262.17999267578125,160.42999267578125,115.36000061035156,975.6900024414062,264.760009765625,166.4499969482422,172.88250732421875,121.37593841552734,185.82000732421875,567.169921875,180.4156951904297,99.57699584960938,124.19000244140625,123.84500122070312,67.15096282958984,103.09852600097656,88.0199966430664,399.17999267578125,136.52999877929688,1043.1800537109375,393.6400146484375,41.438785552978516,91.6818618774414,14.710000038146973,145.05999755859375,77.72000122070312,332.3457336425781,906.326904296875,125.04817199707031,80.8499984741211,356.55999755859375,357.7699890136719,1035.6400146484375,28.399999618530273,326.010009765625,229.8059844970703,92.2300033569336,36.04999923706055,274.8500061035156,138.46572875976562,81.41598510742188,116.95999908447266,275.68878173828125,412.8999938964844,289.72100830078125,238.3300018310547,312.0840759277344,24.219999313354492,241.16400146484375,82.00057983398438,71.92933654785156,18.06999969482422,515.4400024414062,889.5900268554688,1160.949951171875,548.6799926757812,221.0500030517578,362.2648010253906,485.6958312988281,284.7699890136719,787.1900024414062,354.4100036621094,79.61170196533203,687.1405639648438,1610.0,87.58000183105469,567.9036254882812,157.91000366210938,79.58000183105469,70.3578109741211,119.89778900146484,280.6407470703125,212.66000366210938,390.3399963378906,120.1500015258789,995.7168579101562,84.83999633789062,81.2699966430664,45.959999084472656,103.08000183105469,204.8699951171875,43.959999084472656,183.4617462158203,279.5299987792969,143.72999572753906,26.170000076293945,148.33999633789062,202.1702117919922,146.1294403076172,131.0800018310547,179.2836456298828,41.2400016784668,202.9600067138672,71.44999694824219,184.2100067138672,163.63999938964844,102.27999877929688,32.27296829223633,88.12000274658203,316.8900146484375,31.969999313354492,240.38999938964844,456.2900085449219,93.2699966430664,16.670000076293945,21.149999618530273,391.0501403808594,735.8642578125,304.8262634277344,22.696102142333984,59.18000030517578,132.63999938964844,168.33999633789062,475.18365478515625,24.690000534057617,145.38999938964844,399.1499938964844,421.07000732421875,18.899999618530273,297.1000061035156,69.55000305175781,403.2468566894531,268.2799987792969,108.6500015258789,8.460000038146973,44.83000183105469,319.04998779296875,161.5500030517578,88.25790405273438,255.60000610351562,96.75718688964844,15.260000228881836,297.81805419921875,445.0400085449219,146.17530822753906,59.029842376708984,46.153221130371094,82.4000015258789,120.5,56.71101379394531,52.436317443847656,174.72012329101562,153.4134063720703,146.60000610351562
2026-06-12,291.1300048828125,227.72999572753906,88.18000030517578,168.2568359375,204.02000427246094,417.7900085449219,226.2100067138672,221.6300048828125,567.25,511.57000732421875,355.20001220703125,238.5500030517578,163.24000549316406,496.7699890136719,161.2100067138672,380.80999755859375,1863.550048828125,82.41000366210938,381.4662780761719,441.7300109863281,324.55157470703125,219.0500030517578,112.81999969482422,56.02000045776367,31.810733795166016,33.18000030517578,164.94000244140625,1032.0,56.4922981262207,489.25,46.90999984741211,122.79000091552734,139.8300018310547,910.5700073242188,328.1400146484375,384.9599914550781,253.75999450683594,29.18000030517578,89.44999694824219,393.1199951171875,24.170671463012695,269.5299987792969,159.77999877929688,116.9800033569336,982.3499755859375,250.80999755859375,165.88999938964844,170.6999969482422,120.6486587524414,187.22000122070312,575.987060546875,179.72714233398438,99.27928161621094,124.97000122070312,122.62999725341797,67.52899932861328,103.38399505615234,89.68000030517578,404.07000732421875,136.64999389648438,1055.8499755859375,391.3900146484375,41.47800064086914,92.20899963378906,14.84000015258789,146.3000030517578,80.02999877929688,334.8825378417969,940.1795654296875,124.76998901367188,81.5,358.1600036621094,359.67999267578125,1062.75,27.790000915527344,328.3900146484375,231.05401611328125,93.19000244140625,36.040000915527344,272.239990234375,140.00999450683594,81.91199493408203,124.56999969482422,275.50958251953125,411.05999755859375,292.2550048828125,240.8699951171875,319.28167724609375,24.389999389648438,254.5399932861328,82.09000396728516,72.9831771850586,18.139999389648438,523.5700073242188,921.5599975585938,1133.0,540.3300170898438,220.77999877929688,366.5517883300781,489.1600341796875,284.80999755859375,784.0499877929688,342.79998779296875,79.48285675048828,692.0184326171875,1589.5999755859375,88.83999633789062,566.4549560546875,158.32000732421875,77.56999969482422,70.8800048828125,118.20000457763672,279.6310119628906,214.0399932861328,390.739990234375,123.97000122070312,981.4590454101562,85.98999786376953,80.33999633789062,44.93000030517578,102.1500015258789,205.19000244140625,43.880001068115234,183.49163818359375,279.6199951171875,144.27000427246094,26.209999084472656,149.61000061035156,203.0198516845703,147.66827392578125,127.98999786376953,182.78460693359375,41.529998779296875,211.72000122070312,68.19000244140625,183.52999877929688,164.17999267578125,103.04000091552734,32.5606803894043,86.33000183105469,317.29998779296875,30.459999084472656,232.77999877929688,453.8900146484375,94.0,16.579999923706055,20.530000686645508,396.31976318359375,739.843994140625,311.3687744140625,23.2684383392334,59.060001373291016,135.22999572753906,168.41000366210938,468.8699951171875,24.81999969482422,147.4199981689453,406.42999267578125,423.92999267578125,19.280000686645508,301.1199951171875,68.8499984741211,406.20001220703125,272.70001220703125,108.0999984741211,8.489999771118164,45.52000045776367,322.3900146484375,159.5399932861328,88.41575622558594,258.6700134277344,97.64932250976562,15.529999732971191,302.8070068359375,444.92999267578125,147.81300354003906,59.47930908203125,47.303611755371094,83.7300033569336,121.04000091552734,57.137935638427734,53.153804779052734,175.7476043701172,153.13462829589844,147.00999450683594
2026-06-15,296.4200134277344,221.58999633789062,88.66999816894531,163.39529418945312,206.36000061035156,427.5799865722656,223.22000122070312,221.80999755859375,585.780029296875,547.260009765625,350.5299987792969,246.02000427246094,169.08999633789062,520.8599853515625,158.2100067138672,412.54998779296875,1892.6600341796875,87.56999969482422,393.3175048828125,443.2099914550781,334.4644470214844,228.9499969482422,112.55000305175781,55.869998931884766,32.186954498291016,33.540000915527344,174.63999938964844,1042.8699951171875,55.61223602294922,495.5199890136719,46.7599983215332,124.62999725341797,141.2100067138672,933.9299926757812,326.95001220703125,394.5,262.3500061035156,28.739999771118164,90.58000183105469,403.45001220703125,23.647794723510742,266.0799865722656,169.6199951171875,112.26000213623047,979.4500122070312,259.4100036621094,164.5500030517578,173.2274932861328,119.72212219238281,180.39999389648438,573.9822387695312,180.72506713867188,100.91673278808594,125.27999877929688,127.05999755859375,69.75,104.08000183105469,90.0,401.8900146484375,131.97999572753906,1064.3800048828125,407.05999755859375,41.84000015258789,94.05999755859375,14.770000457763672,149.49000549316406,85.2699966430664,341.83392333984375,978.5700073242188,124.30000305175781,84.06999969482422,367.1099853515625,369.3500061035156,1076.1700439453125,28.309999465942383,329.82000732421875,238.50025939941406,98.12000274658203,37.7400016784668,268.7099914550781,140.10000610351562,84.41000366210938,127.86000061035156,280.52734375,416.54998779296875,294.6400146484375,235.66000366210938,317.96759033203125,23.989999771118164,256.4200134277344,80.91000366210938,71.81004333496094,18.25,521.47998046875,957.239990234375,1129.3499755859375,530.3599853515625,220.19000244140625,388.646240234375,489.81890869140625,286.1199951171875,779.780029296875,354.17999267578125,79.66124725341797,694.6818237304688,1646.3599853515625,87.66000366210938,593.47998046875,158.22999572753906,77.26000213623047,69.58999633789062,114.9000015258789,308.8038330078125,217.97999572753906,399.760009765625,131.13999938964844,1087.8226318359375,86.12000274658203,81.66999816894531,45.20000076293945,104.1500015258789,212.4499969482422,43.91999816894531,191.97213745117188,284.5400085449219,146.25,26.0,150.4600067138672,203.40966796875,147.4300079345703,134.7100067138672,180.31507873535156,42.4900016784668,220.80999755859375,69.79000091552734,183.63999938964844,164.3300018310547,101.58999633789062,32.3721809387207,85.38999938964844,320.239990234375,30.850000381469727,240.77999877929688,454.3800048828125,93.81999969482422,17.1299991607666,20.399999618530273,401.2015075683594,752.890380859375,307.1201171875,22.982271194458008,58.79999923706055,133.1699981689453,167.3300018310547,473.7200012207031,25.049999237060547,150.99000549316406,411.1499938964844,441.3999938964844,19.270000457763672,313.3399963378906,72.8499984741211,411.0400085449219,267.32000732421875,108.83000183105469,8.479999542236328,48.060001373291016,323.82000732421875,162.1699981689453,88.66239929199219,247.16000366210938,96.96534729003906,15.0,311.92999267578125,450.4599914550781,153.30531311035156,60.76777648925781,46.281044006347656,83.13999938964844,120.81999969482422,55.15225601196289,53.3730354309082,178.241455078125,152.2186737060547,140.9199981689453
2026-06-16,299.239990234375,222.47000122070312,90.62000274658203,163.55340576171875,207.32000732421875,416.0,222.0,223.08999633789062,568.22998046875,507.2900085449219,347.8399963378906,246.0,168.00999450683594,515.2000122070312,157.88999938964844,396.3399963378906,1803.8900146484375,82.25,376.1147155761719,435.3900146484375,339.809814453125,227.49000549316406,110.97000122070312,56.84000015258789,32.85029983520508,33.68000030517578,175.72000122070312,1052.22998046875,55.29580307006836,494.95001220703125,46.91999816894531,127.87000274658203,142.99000549316406,945.4600219726562,328.8900146484375,387.8500061035156,268.0,30.010000228881836,90.66000366210938,382.010009765625,23.341962814331055,261.6000061035156,169.27000427246094,111.33999633789062,986.6799926757812,239.17999267578125,161.7100067138672,169.87249755859375,119.12435913085938,180.11000061035156,583.77685546875,180.97454833984375,100.50984954833984,126.05999755859375,128.07000732421875,68.63999938964844,104.30999755859375,87.58000183105469,397.79998779296875,132.0500030517578,1094.6800537109375,407.7099914550781,41.77000045776367,94.12000274658203,14.40999984741211,147.02000427246094,87.23999786376953,351.2921142578125,982.3499755859375,127.2300033569336,82.51000213623047,371.1000061035156,373.25,1090.6700439453125,27.809999465942383,337.0899963378906,240.68170166015625,96.70999908447266,37.16999816894531,270.80999755859375,141.27999877929688,83.1500015258789,117.05000305175781,279.75079345703125,417.07000732421875,292.0799865722656,235.17999267578125,329.6549377441406,23.799999237060547,237.3300018310547,80.27999877929688,72.06851959228516,18.43000030517578,518.1699829101562,875.3599853515625,1122.5,535.9500122070312,224.02000427246094,369.08001708984375,500.4909973144531,287.92999267578125,785.4299926757812,348.80999755859375,80.59284210205078,692.5970458984375,1674.0799560546875,87.4000015258789,600.2100219726562,161.6300048828125,75.55999755859375,70.19000244140625,115.16999816894531,278.6012878417969,220.8300018310547,393.8299865722656,122.80999755859375,1020.60302734375,86.2300033569336,78.72000122070312,45.040000915527344,101.33000183105469,207.41000366210938,43.54999923706055,187.6770782470703,279.8999938964844,146.1199951171875,26.040000915527344,152.49000549316406,204.56915283203125,146.1199951171875,133.25,182.5465850830078,43.650001525878906,214.07000732421875,69.18000030517578,186.77000427246094,165.41000366210938,101.68000030517578,32.27296829223633,83.61000061035156,322.44000244140625,29.219999313354492,238.32000732421875,448.3800048828125,94.30999755859375,17.709999084472656,20.3799991607666,409.886474609375,748.4019775390625,309.7530822753906,22.853988647460938,57.220001220703125,133.39999389648438,166.32000732421875,472.6300048828125,25.06999969482422,149.38999938964844,404.6600036621094,425.8299865722656,18.959999084472656,305.7099914550781,73.25,407.6499938964844,267.45001220703125,110.0199966430664,8.430000305175781,47.869998931884766,333.1199951171875,163.3800048828125,88.80052185058594,244.1300048828125,97.2032470703125,14.890000343322754,299.6000061035156,453.1700134277344,158.38819885253906,60.088584899902344,45.946739196777344,85.05000305175781,121.02999877929688,54.96361541748047,54.1602783203125,179.40859985351562,152.26846313476562,141.86000061035156
2026-06-17,295.95001220703125,221.22999572753906,88.5,154.15638732910156,196.27999877929688,414.45001220703125,218.75999450683594,221.66000366210938,592.9199829101562,512.47998046875,341.6600036621094,237.5,164.92999267578125,479.489990234375,148.58999633789062,418.8800048828125,1867.8299560546875,85.43000030517578,392.2791442871094,423.010009765625,339.6103820800781,225.6300048828125,107.44000244140625,56.529998779296875,32.959205627441406,32.189998626708984,171.6300048828125,1057.3800048828125,54.66294860839844,491.2799987792969,44.95000076293945,125.01000213623047,143.77999877929688,955.9199829101562,327.9599914550781,389.6000061035156,267.1700134277344,30.3799991607666,90.58000183105469,380.3699951171875,22.38500213623047,252.5399932861328,164.9199981689453,111.20999908447266,965.5900268554688,249.3300018310547,155.02000427246094,170.74000549316406,116.89270782470703,177.5800018310547,586.9486694335938,177.39198303222656,100.0930404663086,123.7300033569336,123.38999938964844,68.55999755859375,103.77999877929688,82.45999908447266,391.2699890136719,133.25,1088.52001953125,409.6400146484375,41.36000061035156,94.44999694824219,13.960000038146973,144.13999938964844,84.36000061035156,356.58551025390625,1048.8599853515625,125.44999694824219,79.58000183105469,362.1000061035156,363.7900085449219,1099.1400146484375,26.469999313354492,327.4800109863281,239.7587890625,105.19999694824219,36.36000061035156,262.3500061035156,134.58999633789062,83.0199966430664,121.0999984741211,267.893310546875,402.17999267578125,289.8800048828125,234.1999969482422,331.9645080566406,23.200000762939453,238.72999572753906,79.93000030517578,70.73632049560547,18.010000228881836,515.8499755859375,869.97998046875,1112.0,532.3200073242188,217.27000427246094,374.17999267578125,492.1649475097656,283.82000732421875,779.7999877929688,334.69000244140625,77.44127655029297,684.16796875,1631.8199462890625,85.8499984741211,567.5800170898438,159.22999572753906,73.37999725341797,68.94999694824219,115.44000244140625,289.4685974121094,224.9600067138672,378.9100036621094,116.55999755859375,1043.029541015625,85.7300033569336,76.95999908447266,44.189998626708984,95.4800033569336,204.64999389648438,43.52000045776367,182.8937225341797,282.1300048828125,141.58999633789062,25.920000076293945,150.55999755859375,204.32925415039062,140.94000244140625,130.6300048828125,177.96456909179688,42.08000183105469,212.97000122070312,69.23999786376953,192.5800018310547,158.7899932861328,99.81999969482422,31.677711486816406,79.66000366210938,313.79998779296875,27.780000686645508,234.52000427246094,461.739990234375,92.52999877929688,17.420000076293945,20.239999771118164,395.4777526855469,739.0560302734375,300.3382263183594,22.143503189086914,55.72999954223633,127.80999755859375,164.1300048828125,461.69000244140625,24.40999984741211,145.8699951171875,396.3800048828125,432.1499938964844,18.15999984741211,301.8800048828125,70.91000366210938,399.5299987792969,258.04998779296875,105.12999725341797,8.069999694824219,47.099998474121094,330.3800048828125,154.85000610351562,88.03099822998047,239.77000427246094,94.774658203125,14.529999732971191,317.5799865722656,458.989990234375,158.60787963867188,59.7390022277832,45.071659088134766,83.80999755859375,118.12999725341797,54.2785530090332,53.861324310302734,179.15921020507812,150.04824829101562,140.74000549316406
2026-06-18,298.010009765625,216.49000549316406,88.41000366210938,126.45942687988281,195.16000366210938,434.4599914550781,218.41000366210938,221.1699981689453,617.1099853515625,537.3699951171875,337.6000061035156,244.38999938964844,169.6699981689453,469.7099914550781,151.5,439.4599914550781,1929.6800537109375,80.66000366210938,410.70001220703125,423.3999938964844,337.0773010253906,222.72000122070312,107.0999984741211,56.20000076293945,32.721588134765625,32.470001220703125,171.77999877929688,1050.0899658203125,53.39723587036133,489.4599914550781,45.290000915527344,123.79000091552734,143.05999755859375,985.8200073242188,323.3999938964844,387.3900146484375,274.05999755859375,30.799999237060547,89.4800033569336,372.54998779296875,22.128496170043945,246.3800048828125,163.25999450683594,107.73999786376953,951.4500122070312,271.8299865722656,151.77999877929688,171.21499633789062,119.09447479248047,173.6300048828125,587.7166748046875,176.80320739746094,103.0999984741211,123.86000061035156,125.55999755859375,70.79000091552734,104.41000366210938,84.80999755859375,388.5,129.97999572753906,1092.18994140625,421.7699890136719,41.52000045776367,96.26000213623047,14.0600004196167,144.72999572753906,82.51000213623047,357.19476318359375,1109.72998046875,123.76000213623047,79.29000091552734,367.4599914550781,368.0299987792969,1096.56005859375,26.559999465942383,334.2799987792969,240.17828369140625,108.1500015258789,35.619998931884766,249.10000610351562,133.8800048828125,85.62999725341797,133.99000549316406,265.8224792480469,406.7799987792969,295.5899963378906,228.38999938964844,323.761474609375,22.81999969482422,259.55999755859375,79.38999938964844,71.3030014038086,18.1200008392334,512.1500244140625,850.0,1098.5699462890625,510.95001220703125,222.1999969482422,389.0400085449219,488.9703369140625,278.6099853515625,750.6300048828125,332.75,78.63054656982422,691.0,1635.1500244140625,85.58000183105469,577.219970703125,160.60000610351562,71.52999877929688,69.12000274658203,113.87000274658203,310.5033874511719,223.1699981689453,379.3999938964844,112.52999877929688,1133.8155517578125,86.75,77.37999725341797,45.20000076293945,95.04000091552734,210.69000244140625,43.189998626708984,183.6510772705078,287.7799987792969,142.02000427246094,25.209999084472656,150.3800048828125,204.779052734375,140.5399932861328,128.47000122070312,176.93312072753906,42.5099983215332,226.11000061035156,70.22000122070312,185.60000610351562,155.22000122070312,100.6500015258789,31.608264923095703,80.48999786376953,320.7900085449219,30.65999984741211,232.2899932861328,455.510009765625,93.08999633789062,17.90999984741211,20.329999923706055,388.7606506347656,746.739990234375,306.98046875,21.71918296813965,56.099998474121094,130.74000549316406,163.80999755859375,464.6099853515625,24.65999984741211,143.5,400.489990234375,462.1199951171875,18.510000228881836,322.8599853515625,71.63999938964844,400.9599914550781,256.8800048828125,104.86000061035156,8.050000190734863,47.779998779296875,327.239990234375,153.3000030517578,88.2699966430664,236.3000030517578,94.72509002685547,14.300000190734863,333.04998779296875,451.6300048828125,163.52101135253906,60.77000045776367,44.609535217285156,82.19999694824219,117.18000030517578,53.38500213623047,53.382999420166016,180.46600341796875,148.74398803710938,137.80999755859375
2026-06-22,297.010009765625,230.00999450683594,87.83000183105469,123.34685516357422,194.89999389648438,445.4800109863281,214.60000610351562,222.55999755859375,640.1799926757812,551.6300048828125,344.7200012207031,232.7899932861328,174.55999755859375,469.3900146484375,144.3800048828125,407.7200012207031,1929.25,73.19000244140625,392.1300048828125,410.0299987792969,337.1471252441406,220.8300018310547,104.97000122070312,57.369998931884766,33.59284591674805,31.959999084472656,167.77000427246094,1051.739990234375,54.08942413330078,488.69000244140625,44.33000183105469,123.26000213623047,145.6699981689453,1022.280029296875,325.20001220703125,389.0400085449219,275.5299987792969,29.1200008392334,88.66999816894531,376.8399963378906,22.019973754882812,245.1999969482422,164.83999633789062,109.69999694824219,951.3499755859375,302.5199890136719,150.1199951171875,168.86000061035156,121.07705688476562,175.05999755859375,597.0425415039062,177.8210906982422,101.67095184326172,123.5199966430664,127.25,71.20999908447266,104.58000183105469,84.52999877929688,394.82000732421875,132.8300018310547,1115.93994140625,435.7799987792969,41.540000915527344,96.97000122070312,14.109999656677246,145.38999938964844,81.44000244140625,354.6778869628906,1127.5899658203125,124.87000274658203,80.43000030517578,348.7799987792969,349.67999267578125,1106.3699951171875,25.829999923706055,326.6199951171875,239.23440551757812,105.70999908447266,36.5,252.22000122070312,131.33999633789062,86.0,140.94000244140625,256.6331787109375,402.95001220703125,298.17999267578125,231.2899932861328,329.993408203125,22.030000686645508,269.1600036621094,79.52999877929688,71.98999786376953,17.860000610351562,516.7100219726562,893.9299926757812,1102.0799560546875,493.6000061035156,214.39999389648438,409.5400085449219,483.2798767089844,270.1000061035156,744.8499755859375,319.1600036621094,78.56117248535156,693.8300170898438,1589.449951171875,87.55999755859375,563.8499755859375,163.22000122070312,70.36000061035156,69.51000213623047,115.4800033569336,307.7840576171875,227.08999633789062,367.3399963378906,109.45999908447266,1211.1937255859375,86.08000183105469,72.87999725341797,43.189998626708984,93.01000213623047,208.64999389648438,45.880001068115234,174.4630584716797,286.3999938964844,140.7100067138672,25.079999923706055,147.67999267578125,207.28794860839844,143.8300018310547,119.5,171.74612426757812,42.34000015258789,221.89999389648438,70.52999877929688,181.8300018310547,149.50999450683594,100.1500015258789,31.63802719116211,80.83999633789062,316.8999938964844,35.459999084472656,226.58999633789062,464.5799865722656,93.43000030517578,17.100000381469727,19.510000228881836,385.4209899902344,744.3900146484375,303.8787841796875,21.807994842529297,55.310001373291016,129.72999572753906,164.1699981689453,464.010009765625,24.260000228881836,149.1999969482422,405.04998779296875,467.6700134277344,18.020000457763672,332.2799987792969,71.43000030517578,406.67999267578125,259.9100036621094,107.23999786376953,7.840000152587891,46.79999923706055,326.6000061035156,153.16000366210938,88.25,243.77999877929688,95.74609375,14.119999885559082,357.9599914550781,466.7900085449219,167.25999450683594,61.2400016784668,44.59970474243164,83.83999633789062,117.18000030517578,54.060001373291016,53.70000076293945,181.8000030517578,150.05999755859375,138.47000122070312
2026-06-23,294.29998779296875,234.75999450683594,90.52999877929688,125.5009536743164,197.42999267578125,407.260009765625,220.5,231.5500030517578,585.8800048828125,519.8499755859375,347.010009765625,234.11000061035156,162.1999969482422,467.0199890136719,146.55999755859375,366.3900146484375,1778.4599609375,72.87000274658203,380.1499938964844,433.0400085449219,336.85791015625,216.7100067138672,102.5999984741211,57.90999984741211,33.45423889160156,32.290000915527344,168.94000244140625,1015.3300170898438,54.91015625,492.80999755859375,45.599998474121094,120.06999969482422,144.97000122070312,984.239990234375,332.1099853515625,379.05999755859375,270.260009765625,28.15999984741211,91.43000030517578,351.20001220703125,22.49352264404297,242.25999450683594,158.17999267578125,109.97000122070312,957.6799926757812,272.0050048828125,153.4199981689453,170.22999572753906,120.69847106933594,175.97999572753906,590.4097290039062,178.59947204589844,102.74273681640625,125.05000305175781,132.17999267578125,67.16999816894531,102.45999908447266,83.76000213623047,395.1000061035156,134.89999389648438,1115.9300537109375,405.2799987792969,40.97999954223633,92.75,14.0,148.0,77.66000366210938,356.0262145996094,1034.97998046875,125.05000305175781,78.94999694824219,346.0799865722656,346.1300048828125,1094.43994140625,27.0,324.45001220703125,233.2144775390625,103.25,35.310001373291016,264.94000244140625,133.0,81.31999969482422,132.27999877929688,256.9119567871094,403.17999267578125,295.32000732421875,239.0800018310547,332.6414794921875,22.469999313354492,244.49000549316406,80.30999755859375,73.12000274658203,18.40999984741211,512.260009765625,827.9199829101562,1107.0799560546875,503.6700134277344,213.5399932861328,371.3299865722656,487.2532043457031,271.6600036621094,763.9099731445312,320.9700012207031,79.90901184082031,686.8200073242188,1583.6600341796875,88.02999877929688,562.2000122070312,161.83999633789062,70.01000213623047,71.61000061035156,119.5999984741211,278.97119140625,226.02999877929688,373.94000244140625,103.83999633789062,1051.6082763671875,86.43000030517578,72.81999969482422,42.380001068115234,95.94000244140625,200.0399932861328,47.41999816894531,164.58740234375,290.9200134277344,142.0500030517578,24.719999313354492,150.86000061035156,215.59426879882812,145.25,116.69999694824219,177.2207489013672,41.70000076293945,204.1300048828125,74.23999786376953,186.38999938964844,153.3800048828125,101.05000305175781,31.767000198364258,84.51000213623047,322.8999938964844,33.31999969482422,230.41000366210938,461.5,94.93000030517578,17.290000915527344,19.639999389648438,378.5809020996094,733.5800170898438,309.17462158203125,22.50861358642578,53.619998931884766,134.11000061035156,164.35000610351562,469.3500061035156,24.510000228881836,150.52999877929688,381.6099853515625,436.3900146484375,17.93000030517578,304.3599853515625,69.66999816894531,409.25,258.6099853515625,105.83000183105469,8.210000038146973,45.58000183105469,328.4800109863281,159.7100067138672,87.16000366210938,243.67999267578125,97.00499725341797,14.050000190734863,318.32000732421875,468.4200134277344,162.38999938964844,59.36000061035156,45.946739196777344,84.12999725341797,119.41999816894531,54.459999084472656,53.880001068115234,178.14999389648438,152.17999267578125,139.72999572753906
2026-06-24,293.0799865722656,234.88999938964844,90.48999786376953,127.61551666259766,196.57000732421875,413.1600036621094,219.86000061035156,233.5399932861328,588.969970703125,519.739990234375,351.42999267578125,234.27000427246094,161.74000549316406,464.9599914550781,148.80999755859375,359.0799865722656,1762.77001953125,68.01000213623047,382.07000732421875,456.7300109863281,341.6248474121094,220.25,99.80000305175781,57.72999954223633,32.14735412597656,33.459999084472656,181.25,982.5999755859375,54.38607406616211,494.80999755859375,44.459999084472656,112.98999786376953,143.58999633789062,994.4500122070312,335.1499938964844,372.3999938964844,267.9700012207031,28.520000457763672,91.87999725341797,362.239990234375,22.33567237854004,231.67999267578125,150.11000061035156,106.91999816894531,961.0900268554688,268.989990234375,152.75999450683594,168.2550048828125,119.28376770019531,171.4499969482422,599.1968994140625,188.47897338867188,100.35106658935547,126.52999877929688,132.14999389648438,67.25,102.26000213623047,83.2699966430664,384.0,134.4499969482422,1095.0,404.5899963378906,40.54999923706055,92.61000061035156,13.84000015258789,145.27999877929688,74.58999633789062,365.42449951171875,1057.6500244140625,125.16000366210938,78.94999694824219,345.0400085449219,345.2900085449219,1076.9100341796875,28.270000457763672,342.8599853515625,238.51075744628906,97.19000244140625,33.869998931884766,262.9599914550781,130.02000427246094,81.44999694824219,131.64999389648438,261.0834655761719,401.8299865722656,296.69000244140625,241.0,331.95458984375,22.940000534057617,240.47999572753906,80.5999984741211,73.97000122070312,18.799999237060547,515.72998046875,842.530029296875,1117.260009765625,491.6400146484375,221.4499969482422,374.79998779296875,493.5826110839844,273.8800048828125,766.5499877929688,302.44000244140625,79.41348266601562,691.0499877929688,1659.5699462890625,84.5999984741211,557.6699829101562,165.91000366210938,70.91999816894531,72.06999969482422,120.5999984741211,276.63177490234375,219.86000061035156,365.4599914550781,94.12999725341797,1048.3487548828125,87.62000274658203,71.83999633789062,41.81999969482422,93.80000305175781,199.0,47.40999984741211,156.98385620117188,285.260009765625,142.27000427246094,24.040000915527344,152.0399932861328,220.40213012695312,140.8699951171875,113.5,177.30999755859375,42.47999954223633,197.41000366210938,74.5199966430664,185.05999755859375,152.75,103.52999877929688,31.719999313354492,85.38999938964844,333.1300048828125,32.45000076293945,225.9499969482422,463.92999267578125,95.77999877929688,17.309999465942383,20.010000228881836,380.6528015136719,733.239990234375,312.8448181152344,22.07442855834961,55.0,141.1999969482422,165.1699981689453,492.20001220703125,26.020000457763672,149.75,375.5299987792969,440.8299865722656,17.700000762939453,303.1099853515625,73.8499984741211,405.79998779296875,259.9599914550781,106.13999938964844,8.220000267028809,44.720001220703125,332.2300109863281,161.35000610351562,86.94999694824219,242.42999267578125,97.01000213623047,13.8100004196167,316.42999267578125,475.20001220703125,162.8699951171875,58.970001220703125,44.91434097290039,84.30000305175781,119.0,53.56999969482422,53.720001220703125,180.2100067138672,153.35000610351562,136.89999389648438
2026-06-25,275.1499938964844,243.13999938964844,93.23999786376953,124.32508850097656,193.41000366210938,417.92999267578125,216.30999755859375,231.60000610351562,668.0,532.5700073242188,352.82000732421875,227.00999450683594,165.4499969482422,445.92999267578125,144.77999877929688,347.7099914550781,1841.1800537109375,65.62000274658203,378.9100036621094,444.7300109863281,341.5251159667969,218.1199951171875,95.06999969482422,58.189998626708984,32.325565338134766,33.380001068115234,177.0500030517578,971.9199829101562,54.77172088623047,487.80999755859375,44.20000076293945,114.18000030517578,144.97999572753906,1057.010009765625,330.82000732421875,368.2300109863281,268.69000244140625,28.219999313354492,91.05999755859375,361.3999938964844,22.38500213623047,225.0,142.52000427246094,106.41000366210938,942.239990234375,268.0299987792969,150.19000244140625,169.66250610351562,118.52659606933594,172.24000549316406,629.1293334960938,192.80999755859375,97.30441284179688,127.11000061035156,119.94000244140625,67.95999908447266,103.1500015258789,81.5,387.32000732421875,133.58999633789062,1087.6099853515625,419.8699951171875,41.06999969482422,93.38999938964844,14.109999656677246,149.92999267578125,75.66999816894531,370.89764404296875,1085.469970703125,123.83999633789062,78.52999877929688,342.19000244140625,343.7099914550781,1065.0899658203125,27.489999771118164,345.0,242.5170440673828,93.47000122070312,33.52000045776367,258.2699890136719,124.48999786376953,82.16999816894531,132.8699951171875,253.9451141357422,399.69000244140625,298.9100036621094,244.8800048828125,333.6170654296875,23.469999313354492,258.79998779296875,80.41999816894531,74.7699966430664,18.959999084472656,522.280029296875,861.969970703125,1127.68994140625,505.0199890136719,221.92999267578125,401.82000732421875,488.101806640625,264.5400085449219,763.8099975585938,294.1000061035156,79.79999542236328,697.3800048828125,1619.25,84.62999725341797,542.8699951171875,167.97000122070312,67.08999633789062,73.20999908447266,125.44999694824219,281.1906433105469,221.0399932861328,352.8299865722656,85.33000183105469,1213.3734130859375,87.69999694824219,70.9000015258789,40.900001525878906,89.5199966430664,195.74000549316406,47.63999938964844,151.9314422607422,293.0899963378906,139.52000427246094,23.670000076293945,148.5,215.44432067871094,140.52999877929688,107.2699966430664,178.92999267578125,42.380001068115234,204.89999389648438,71.0199966430664,186.58999633789062,148.05999755859375,103.16000366210938,31.959999084472656,82.05000305175781,339.0799865722656,31.68000030517578,227.05999755859375,455.0199890136719,95.91000366210938,17.299999237060547,19.31999969482422,373.83160400390625,734.2999877929688,315.2683410644531,22.12376594543457,53.40999984741211,139.57000732421875,155.19000244140625,505.75,25.770000457763672,146.0,375.1199951171875,434.989990234375,17.329999923706055,311.80999755859375,72.25,415.5299987792969,267.7300109863281,109.30999755859375,7.860000133514404,43.91999816894531,330.5199890136719,158.0800018310547,87.83000183105469,255.05999755859375,97.19000244140625,13.859999656677246,325.57000732421875,480.17999267578125,167.77000427246094,58.79999923706055,45.29780197143555,84.73999786376953,115.77999877929688,54.09000015258789,53.45000076293945,184.1199951171875,155.6300048828125,137.5500030517578
2026-06-26,283.7799987792969,253.35000610351562,94.12000274658203,127.44754028320312,202.72999572753906,386.9100036621094,223.5500030517578,239.61000061035156,626.8400268554688,521.5800170898438,358.3299865722656,232.69000244140625,157.60000610351562,477.0799865722656,155.63999938964844,334.2699890136719,1794.6199951171875,71.44999694824219,365.0199890136719,464.8299865722656,339.43084716796875,217.25,94.80999755859375,57.880001068115234,32.880001068115234,35.52000045776367,181.4600067138672,964.7100219726562,56.87794494628906,498.6600036621094,44.22999954223633,115.4000015258789,141.75999450683594,997.469970703125,341.44000244140625,377.2699890136719,264.0199890136719,29.850000381469727,92.06999969482422,337.5299987792969,22.858549118041992,221.0,149.05999755859375,105.95999908447266,952.5399780273438,238.0,158.3699951171875,175.2725067138672,113.3459701538086,171.05999755859375,611.6546020507812,196.19000244140625,98.03878021240234,128.39999389648438,121.48999786376953,67.19000244140625,102.54000091552734,80.54000091552734,395.17999267578125,132.60000610351562,1091.300048828125,402.67999267578125,40.630001068115234,92.80000305175781,14.130000114440918,151.35000610351562,77.0,368.5406188964844,1045.1700439453125,127.87999725341797,78.0999984741211,334.69000244140625,337.3900146484375,1019.6099853515625,29.06999969482422,348.8599853515625,243.5343475341797,98.69000244140625,33.849998474121094,271.6300048828125,123.86000061035156,81.30000305175781,128.32000732421875,266.539306640625,404.70001220703125,299.8299865722656,254.66000366210938,327.57427978515625,23.700000762939453,248.63999938964844,82.62999725341797,75.16999816894531,19.1299991607666,519.6199951171875,816.97998046875,1208.1199951171875,507.3999938964844,222.47999572753906,379.0899963378906,498.18487548828125,269.760009765625,763.510009765625,314.010009765625,80.9800033569336,695.2899780273438,1675.0999755859375,85.94999694824219,550.25,164.00999450683594,73.0199966430664,73.79000091552734,128.66000366210938,266.7041931152344,212.02999877929688,372.9700012207031,82.30999755859375,1132.1558837890625,88.55999755859375,73.80999755859375,40.75,98.33999633789062,192.52999877929688,48.06999969482422,148.0150604248047,304.20001220703125,141.38999938964844,24.290000915527344,149.02000427246094,224.24041748046875,139.97000122070312,112.93000030517578,180.77000427246094,44.290000915527344,189.38999938964844,72.33000183105469,187.99000549316406,155.08999633789062,104.5999984741211,32.09000015258789,82.13999938964844,344.07000732421875,30.6299991607666,248.9600067138672,454.3399963378906,97.16000366210938,17.8799991607666,19.709999084472656,386.14947509765625,728.989990234375,331.82415771484375,22.419801712036133,53.31999969482422,140.38999938964844,155.42999267578125,513.030029296875,27.079999923706055,146.0,379.7099914550781,432.3500061035156,18.3700008392334,285.42999267578125,76.19999694824219,427.8900146484375,268.3500061035156,108.13999938964844,8.329999923706055,43.59000015258789,336.2300109863281,171.36000061035156,87.12999725341797,259.3699951171875,98.66999816894531,13.890000343322754,303.95001220703125,491.3399963378906,163.49000549316406,58.58000183105469,45.759925842285156,83.86000061035156,115.69000244140625,53.84000015258789,53.56999969482422,181.1999969482422,160.33999633789062,136.5399932861328
2026-06-29,281.739990234375,254.30999755859375,92.70999908447266,123.25791931152344,206.42999267578125,391.7799987792969,224.97000122070312,241.3800048828125,694.6400146484375,539.489990234375,360.54998779296875,240.13999938964844,164.10000610351562,498.760009765625,156.57000732421875,343.5799865722656,1883.1099853515625,86.7699966430664,372.45001220703125,510.6000061035156,339.9494323730469,214.69000244140625,95.51000213623047,57.880001068115234,33.16999816894531,35.93000030517578,182.41000366210938,950.1699829101562,57.90633773803711,496.0,43.47999954223633,114.87999725341797,142.49000549316406,1033.18994140625,343.2900085449219,372.7200012207031,259.32000732421875,29.790000915527344,92.4000015258789,343.25,23.894433975219727,218.5800018310547,151.64999389648438,104.19999694824219,946.6799926757812,245.67999267578125,157.92999267578125,185.7274932861328,117.2613296508789,168.47000122070312,625.010009765625,192.77999877929688,97.87999725341797,128.3300018310547,116.02999877929688,67.43000030517578,103.44999694824219,79.37000274658203,388.0299987792969,131.92999267578125,1085.1700439453125,408.260009765625,40.93000030517578,93.20999908447266,14.020000457763672,155.4199981689453,75.68000030517578,373.2447509765625,1102.510009765625,126.33000183105469,77.33999633789062,351.2799987792969,353.6499938964844,1020.2100219726562,29.850000381469727,350.80999755859375,227.8000030517578,101.83000183105469,34.18000030517578,278.0,122.91000366210938,81.72000122070312,131.72000122070312,265.2251281738281,405.9700012207031,298.9700012207031,258.510009765625,327.91278076171875,24.190000534057617,278.3900146484375,82.6500015258789,74.75,19.06999969482422,511.05999755859375,851.4000244140625,1229.9300537109375,502.07000732421875,219.64999389648438,410.9100036621094,508.787109375,267.17999267578125,747.530029296875,338.17999267578125,80.93000030517578,697.9199829101562,1683.1300048828125,85.98999786376953,562.5999755859375,162.42999267578125,73.5999984741211,74.05000305175781,129.3800048828125,277.6814880371094,211.72000122070312,368.57000732421875,92.68000030517578,1145.1038818359375,88.66000366210938,73.77999877929688,41.47999954223633,99.97000122070312,194.97000122070312,48.34000015258789,147.2477264404297,332.0,138.67999267578125,24.3700008392334,148.4499969482422,219.7624053955078,138.88999938964844,115.69999694824219,182.8699951171875,44.380001068115234,188.72000122070312,76.5199966430664,187.3300018310547,154.89999389648438,104.05999755859375,31.93000030517578,81.8499984741211,344.29998779296875,28.149999618530273,251.64999389648438,447.260009765625,96.75,18.190000534057617,20.43000030517578,386.5279235839844,741.0,329.6399841308594,21.531694412231445,53.63999938964844,133.9199981689453,151.22999572753906,506.4200134277344,28.15999984741211,146.55999755859375,411.8399963378906,455.1000061035156,18.649999618530273,285.4800109863281,75.5,419.82000732421875,272.70001220703125,108.01000213623047,8.3100004196167,43.93000030517578,341.6499938964844,176.22000122070312,88.06999969482422,266.32000732421875,98.1500015258789,13.6899995803833,306.9700012207031,499.6499938964844,162.3800048828125,59.18000030517578,43.36082077026367,83.51000213623047,114.5999984741211,53.58000183105469,53.720001220703125,182.75999450683594,160.74000549316406,136.05999755859375
2026-06-30,289.3599853515625,251.63999938964844,90.73999786376953,122.96148681640625,205.02000427246094,397.1700134277344,223.9499969482422,237.94000244140625,723.0,580.9099731445312,362.1199951171875,238.33999633789062,169.8800048828125,515.22998046875,160.35000610351562,354.57000732421875,1989.43994140625,88.86000061035156,377.75,560.6099853515625,337.32659912109375,216.47000122070312,95.9800033569336,56.97999954223633,33.27000045776367,36.15999984741211,178.24000549316406,961.5599975585938,56.976829528808594,500.3900146484375,42.68000030517578,117.66999816894531,139.9600067138672,1064.9000244140625,340.739990234375,375.32000732421875,248.3699951171875,29.280000686645508,91.68000030517578,364.79998779296875,24.219999313354492,220.8300018310547,146.19000244140625,103.95999908447266,935.469970703125,271.95001220703125,156.66000366210938,190.78500366210938,117.02222442626953,165.75999450683594,634.3300170898438,190.47999572753906,96.25,126.58000183105469,115.0199966430664,68.41000366210938,103.87999725341797,78.94999694824219,386.7300109863281,129.72999572753906,1042.3900146484375,426.1199951171875,41.369998931884766,93.2699966430664,13.899999618530273,153.6199951171875,75.44999694824219,373.2647399902344,1174.8599853515625,126.33999633789062,77.08000183105469,353.3299865722656,357.3699951171875,1011.3699951171875,30.530000686645508,352.67999267578125,223.89999389648438,100.27999877929688,33.290000915527344,281.2099914550781,123.11000061035156,82.83999633789062,139.6300048828125,259.84893798828125,397.67999267578125,300.45001220703125,253.97000122070312,325.86199951171875,23.6200008392334,301.7099914550781,81.2699966430664,74.8499984741211,19.110000610351562,518.9400024414062,858.0599975585938,1199.4300537109375,509.4599914550781,220.49000549316406,433.3299865722656,512.740478515625,270.30999755859375,755.5999755859375,335.8999938964844,78.2300033569336,703.3400268554688,1697.3900146484375,84.61000061035156,563.2899780273438,161.91000366210938,72.38999938964844,71.94999694824219,128.5,297.8165283203125,209.0399932861328,373.0199890136719,86.93000030517578,1154.112548828125,87.7699966430664,71.4000015258789,41.04999923706055,99.27999877929688,200.08999633789062,47.939998626708984,146.04193115234375,341.0199890136719,135.39999389648438,24.079999923706055,146.63999938964844,218.35302734375,135.47000122070312,116.66999816894531,180.91000366210938,43.18000030517578,184.7899932861328,80.27999877929688,189.72999572753906,154.11000061035156,102.19000244140625,31.709999084472656,84.58000183105469,344.32000732421875,29.329999923706055,254.5,446.07000732421875,95.70999908447266,17.93000030517578,20.059999465942383,385.2980041503906,746.77001953125,314.8399963378906,20.42649269104004,55.220001220703125,130.61000061035156,151.5,501.3599853515625,27.81999969482422,146.3800048828125,420.6000061035156,477.57000732421875,18.079999923706055,298.07000732421875,72.16000366210938,415.6300048828125,272.0,107.5,8.359999656677246,43.70000076293945,343.0899963378906,177.47000122070312,88.54000091552734,260.44000244140625,96.43000030517578,13.229999542236328,334.82000732421875,496.7300109863281,158.6300048828125,59.689998626708984,41.63032531738281,82.63999938964844,113.26000213623047,53.11000061035156,53.61000061035156,185.22999572753906,158.66000366210938,136.72000122070312
2026-07-01,294.3800048828125,251.05999755859375,92.18000030517578,129.57200622558594,210.97999572753906,388.9800109863281,235.72999572753906,243.1199951171875,650.9099731445312,540.8800048828125,361.3299865722656,241.6999969482422,166.6199951171875,564.6099853515625,164.82000732421875,337.4700012207031,1843.0400390625,86.0999984741211,369.3399963378906,593.9600219726562,347.04998779296875,218.5800018310547,97.98999786376953,58.36000061035156,34.060001373291016,38.779998779296875,182.63999938964844,980.3800048828125,55.810001373291016,499.739990234375,43.060001373291016,119.55000305175781,140.1300048828125,991.4099731445312,351.7300109863281,377.7300109863281,236.5,31.8700008392334,92.76000213623047,361.6199951171875,23.729999542236328,231.0,159.24000549316406,103.22000122070312,924.6699829101562,259.0899963378906,163.22999572753906,193.18499755859375,116.57390594482422,165.69000244140625,627.6300048828125,193.72000122070312,95.70999908447266,125.7699966430664,121.21499633789062,66.4800033569336,103.0199966430664,82.47000122070312,416.19000244140625,128.58999633789062,1013.6199951171875,412.30999755859375,41.209999084472656,93.05000305175781,13.640000343322754,158.97999572753906,75.06999969482422,374.47320556640625,1134.3499755859375,125.97000122070312,75.5199966430664,357.8900146484375,361.2099914550781,1019.6099853515625,31.530000686645508,350.8399963378906,221.75,108.6500015258789,34.0,286.25,126.7300033569336,80.62999725341797,127.0199966430664,265.9021301269531,402.3800048828125,299.32000732421875,253.97999572753906,332.5718078613281,25.010000228881836,266.19000244140625,81.29000091552734,76.18000030517578,19.329999923706055,533.5499877929688,801.1599731445312,1191.739990234375,521.8200073242188,221.9199981689453,391.260009765625,521.565673828125,269.42999267578125,768.0599975585938,359.3800048828125,79.19999694824219,697.0700073242188,1742.18994140625,87.19999694824219,612.9099731445312,159.9600067138672,76.26000213623047,71.54000091552734,125.37000274658203,271.9828796386719,211.86000061035156,384.2799987792969,93.38999938964844,1032.121337890625,86.37000274658203,74.19000244140625,43.060001373291016,105.80000305175781,197.5800018310547,48.77000045776367,142.00596618652344,352.0400085449219,141.16000366210938,23.8799991607666,147.42999267578125,225.1999969482422,136.8000030517578,125.7300033569336,177.69000244140625,44.06999969482422,181.9199981689453,82.01000213623047,191.77999877929688,159.14999389648438,103.38999938964844,31.850000381469727,86.69999694824219,346.04998779296875,27.649999618530273,261.19000244140625,454.5299987792969,95.12000274658203,18.440000534057617,20.209999084472656,414.9700012207031,745.760009765625,313.3900146484375,20.20939826965332,56.20000076293945,130.2899932861328,151.35000610351562,513.3300170898438,28.709999084472656,143.99000549316406,425.29998779296875,444.2300109863281,19.149999618530273,298.4100036621094,72.66000366210938,426.5400085449219,277.7300109863281,109.54000091552734,9.020000457763672,43.18000030517578,351.0799865722656,184.22000122070312,87.7699966430664,269.44000244140625,96.81999969482422,13.010000228881836,311.4200134277344,498.010009765625,153.16000366210938,59.220001220703125,41.28619384765625,85.94000244140625,108.81999969482422,52.810001373291016,54.779998779296875,183.36000061035156,159.5399932861328,136.27999877929688
2026-07-02,308.6300048828125,261.07000732421875,95.4000015258789,135.71810913085938,219.72000122070312,377.1600036621094,242.27000427246094,250.3300018310547,603.0399780273438,517.8200073242188,374.1499938964844,242.6699981689453,159.99000549316406,527.0599975585938,170.89999389648438,315.2799987792969,1769.3199462890625,85.12999725341797,360.45001220703125,597.0399780273438,351.9599914550781,226.49000549316406,96.13999938964844,58.72999954223633,34.11000061035156,40.47999954223633,184.55999755859375,995.72998046875,58.130001068115234,507.7799987792969,45.13999938964844,122.77999877929688,139.97000122070312,963.530029296875,361.1700134277344,373.1400146484375,239.25,33.15999984741211,95.12999725341797,336.2099914550781,23.790000915527344,236.60000610351562,165.47999572753906,104.7300033569336,951.6699829101562,241.91000366210938,166.11000061035156,193.97999572753906,112.27000427246094,169.1999969482422,621.27001953125,197.92999267578125,99.5,129.60000610351562,125.76000213623047,65.69999694824219,104.37000274658203,83.70999908447266,417.8900146484375,130.77999877929688,1002.02001953125,398.5199890136719,42.310001373291016,93.13999938964844,13.359999656677246,156.25,78.43000030517578,377.04998779296875,1113.1099853515625,131.27000427246094,76.0,356.17999267578125,359.9100036621094,1021.0,32.06999969482422,357.8999938964844,229.86000061035156,112.7300033569336,34.869998931884766,289.5199890136719,132.99000549316406,79.83999633789062,120.3499984741211,274.13568115234375,426.010009765625,297.5799865722656,263.0400085449219,332.9700012207031,25.3700008392334,235.5500030517578,84.13999938964844,75.0199966430664,19.829999923706055,546.6400146484375,728.3200073242188,1213.9100341796875,545.9099731445312,227.5,351.4100036621094,538.4873046875,280.6300048828125,786.2999877929688,354.8800048828125,83.19000244140625,693.7000122070312,1763.3599853515625,90.05999755859375,582.9000244140625,160.44000244140625,79.7699966430664,72.70999908447266,129.55999755859375,245.2294921875,213.92999267578125,390.489990234375,100.7699966430664,975.4099731445312,88.33999633789062,77.6500015258789,44.09000015258789,106.31999969482422,194.8300018310547,50.43000030517578,139.78370666503906,348.05999755859375,144.22000122070312,24.31999969482422,151.41000366210938,232.22000122070312,139.42999267578125,129.3000030517578,182.27000427246094,45.470001220703125,176.25,83.63999938964844,199.25,162.58999633789062,104.2699966430664,32.38999938964844,89.94000244140625,352.4800109863281,27.219999313354492,260.1499938964844,437.1600036621094,97.9800033569336,18.239999771118164,20.790000915527344,439.8900146484375,744.780029296875,326.5400085449219,20.30807876586914,55.349998474121094,130.2100067138672,154.25999450683594,523.4400024414062,28.81999969482422,144.2100067138672,393.45001220703125,434.1600036621094,19.100000381469727,293.0799865722656,74.43000030517578,425.3599853515625,282.25,110.66000366210938,9.15999984741211,43.22999954223633,362.1300048828125,192.74000549316406,89.3499984741211,267.760009765625,98.0199966430664,13.149999618530273,300.5299987792969,528.0399780273438,151.0500030517578,59.040000915527344,41.84663772583008,85.51000213623047,111.83999633789062,53.220001220703125,55.619998931884766,183.91000366210938,163.74000549316406,137.08999633789062
2026-07-06,312.6600036621094,254.75999450683594,95.62999725341797,135.33273315429688,218.07000732421875,388.8299865722656,239.49000549316406,248.3699951171875,592.7899780273438,552.0499877929688,366.44000244140625,244.16000366210938,173.27999877929688,543.7899780273438,176.05999755859375,322.239990234375,1825.0699462890625,80.63999938964844,373.8999938964844,622.3499755859375,356.0299987792969,234.5399932861328,97.91000366210938,59.900001525878906,34.439998626708984,40.22999954223633,181.02999877929688,1011.2100219726562,56.70000076293945,506.5799865722656,44.599998474121094,123.41999816894531,143.86000061035156,969.9199829101562,356.5299987792969,375.7699890136719,245.8699951171875,33.040000915527344,93.38999938964844,350.20001220703125,23.3799991607666,234.75999450683594,168.8699951171875,103.58000183105469,950.25,265.54998779296875,165.64999389648438,199.3800048828125,113.9800033569336,168.10000610351562,635.239990234375,193.6199951171875,97.41000366210938,125.97000122070312,129.72000122070312,67.56999969482422,105.45999908447266,84.9000015258789,408.1700134277344,129.38999938964844,998.8400268554688,413.4200134277344,42.65999984741211,95.2699966430664,13.829999923706055,162.35000610351562,78.73999786376953,378.67999267578125,1152.0400390625,129.61000061035156,77.8499984741211,364.8999938964844,366.4599914550781,1055.2900390625,32.849998474121094,350.6499938964844,231.17999267578125,117.55000305175781,36.119998931884766,299.5199890136719,134.91000366210938,82.0,122.19999694824219,270.9398498535156,432.8299865722656,298.8999938964844,259.3299865722656,337.7200012207031,24.81999969482422,233.30999755859375,82.95999908447266,75.55999755859375,19.559999465942383,540.52001953125,731.25,1200.06005859375,538.0,223.77999877929688,350.20001220703125,532.2078247070312,279.5,784.22998046875,357.9100036621094,83.05999755859375,696.6599731445312,1805.6800537109375,90.45999908447266,600.2899780273438,159.14999389648438,82.5,71.87999725341797,126.77999877929688,249.20852661132812,222.10000610351562,386.739990234375,100.7699966430664,984.75,87.44000244140625,76.0199966430664,43.34000015258789,107.93000030517578,195.5500030517578,49.2599983215332,143.2615966796875,357.5299987792969,143.2899932861328,23.719999313354492,149.30999755859375,231.6699981689453,140.1999969482422,132.5399932861328,184.75999450683594,45.09000015258789,186.47999572753906,87.36000061035156,201.3699951171875,160.49000549316406,102.11000061035156,32.2400016784668,86.56999969482422,349.1300048828125,27.190000534057617,262.0899963378906,442.2699890136719,95.98999786376953,18.610000610351562,21.15999984741211,447.2200012207031,751.280029296875,324.7300109863281,20.30807876586914,57.72999954223633,126.0999984741211,151.30999755859375,517.5999755859375,29.479999542236328,145.49000549316406,419.7699890136719,451.7900085449219,19.309999465942383,303.5,72.41999816894531,417.989990234375,282.5899963378906,110.0199966430664,8.859999656677246,43.880001068115234,357.25,192.00999450683594,89.97000122070312,270.32000732421875,97.23999786376953,13.079999923706055,318.4700012207031,529.5900268554688,157.22000122070312,60.06999969482422,41.36484909057617,87.44999694824219,110.6500015258789,53.130001068115234,56.13999938964844,185.55999755859375,161.9600067138672,136.44000244140625
2026-07-07,310.6600036621094,254.64999389648438,95.83999633789062,140.45118713378906,221.5399932861328,379.0299987792969,245.60000610351562,251.4600067138672,554.5,516.1099853515625,368.1000061035156,245.97999572753906,166.4600067138672,527.97998046875,179.4199981689453,300.42999267578125,1747.280029296875,74.20999908447266,370.7799987792969,640.4600219726562,349.5799865722656,231.67999267578125,98.13999938964844,59.86000061035156,34.36000061035156,40.68000030517578,181.9499969482422,1009.4299926757812,57.970001220703125,504.0,45.29999923706055,120.88999938964844,140.77000427246094,940.1199951171875,359.29998779296875,371.05999755859375,239.7100067138672,31.700000762939453,95.02999877929688,345.05999755859375,23.40999984741211,240.75,163.50999450683594,108.44000244140625,947.5,246.39999389648438,169.52000427246094,194.6199951171875,111.79000091552734,174.00999450683594,603.6099853515625,194.19000244140625,97.4800033569336,128.22000122070312,131.9499969482422,65.72000122070312,104.16000366210938,84.44000244140625,418.8500061035156,134.5399932861328,1022.9299926757812,395.67999267578125,42.04999923706055,93.06999969482422,13.5600004196167,158.6699981689453,75.76000213623047,366.9800109863281,1077.0799560546875,136.36000061035156,76.02999877929688,363.6199951171875,367.0299987792969,1042.97998046875,32.59000015258789,345.2099914550781,225.0500030517578,112.9000015258789,36.150001525878906,306.1300048828125,136.4499969482422,79.79000091552734,110.38999938964844,279.9300231933594,427.29998779296875,296.19000244140625,267.239990234375,339.2200012207031,25.299999237060547,216.47000122070312,84.05000305175781,75.06999969482422,19.780000686645508,538.22998046875,698.9099731445312,1235.56005859375,535.3800048828125,220.89999389648438,326.1300048828125,530.7303466796875,282.2099914550781,807.3300170898438,361.32000732421875,83.83000183105469,688.1199951171875,1813.6099853515625,91.66999816894531,615.5800170898438,158.00999450683594,84.0999984741211,72.95999908447266,128.86000061035156,230.64309692382812,222.0399932861328,388.8399963378906,97.36000061035156,938.3800048828125,88.47000122070312,76.18000030517578,43.209999084472656,110.7300033569336,196.92999267578125,49.63999938964844,141.1090850830078,337.0400085449219,144.97999572753906,24.06999969482422,152.75,234.39999389648438,143.61000061035156,134.3699951171875,187.7899932861328,45.650001525878906,182.97000122070312,87.04000091552734,200.85000610351562,162.77000427246094,103.61000061035156,32.540000915527344,84.08999633789062,342.260009765625,26.25,262.739990234375,436.6300048828125,97.29000091552734,17.75,21.399999618530273,443.4599914550781,747.7100219726562,329.739990234375,20.81134033203125,58.900001525878906,127.55000305175781,154.11000061035156,516.6199951171875,29.610000610351562,146.3000030517578,402.8999938964844,432.57000732421875,19.18000030517578,293.29998779296875,74.33000183105469,428.19000244140625,283.1199951171875,111.95999908447266,8.869999885559082,41.75,352.20001220703125,192.3000030517578,89.04000091552734,266.2200012207031,98.4000015258789,13.050000190734863,305.5799865722656,522.25,155.72999572753906,58.880001068115234,41.87613296508789,87.18000030517578,111.54000091552734,54.63999938964844,56.04999923706055,182.3800048828125,164.44000244140625,141.69000244140625
2026-07-08,313.3900146484375,252.74000549316406,95.18000030517578,135.55999755859375,220.94000244140625,385.3999938964844,241.3699951171875,251.1699981689453,570.5,517.4099731445312,367.989990234375,243.6199951171875,181.0500030517578,522.1799926757812,176.47999572753906,300.239990234375,1768.6500244140625,74.94999694824219,388.69000244140625,599.7999877929688,336.3900146484375,224.9499969482422,108.9800033569336,58.29999923706055,33.5,39.29999923706055,174.2899932861328,990.3400268554688,57.540000915527344,494.7900085449219,44.810001373291016,118.62000274658203,137.38999938964844,948.0800170898438,355.0899963378906,374.05999755859375,244.52000427246094,30.600000381469727,93.04000091552734,360.739990234375,23.190000534057617,243.07000732421875,159.36000061035156,110.72000122070312,953.1300048828125,258.69000244140625,166.5800018310547,191.1199951171875,113.81999969482422,175.97000122070312,596.739990234375,190.77000427246094,96.69999694824219,126.79000091552734,127.56999969482422,66.2300033569336,103.36000061035156,81.80000305175781,416.0799865722656,137.58999633789062,1015.969970703125,399.55999755859375,41.310001373291016,92.54000091552734,13.5,156.7100067138672,73.52999877929688,356.0299987792969,1070.989990234375,135.82000732421875,76.23999786376953,358.7099914550781,361.9200134277344,1029.6400146484375,31.739999771118164,336.2099914550781,220.36000061035156,113.52999877929688,35.22999954223633,302.04998779296875,137.1699981689453,80.30000305175781,110.23999786376953,270.8999938964844,415.1000061035156,293.4800109863281,263.3999938964844,330.6199951171875,24.920000076293945,221.17999267578125,83.4000015258789,73.33999633789062,19.290000915527344,527.6699829101562,707.0999755859375,1215.8299560546875,527.9600219726562,212.85000610351562,333.1499938964844,518.989990234375,278.25,818.6599731445312,359.3999938964844,82.01000213623047,681.469970703125,1809.3800048828125,90.0999984741211,603.1199951171875,154.6999969482422,81.0199966430664,72.80999755859375,125.98999786376953,231.65286254882812,218.07000732421875,383.3399963378906,93.87000274658203,948.7999877929688,87.44000244140625,75.58999633789062,42.88999938964844,107.77999877929688,204.1199951171875,48.88999938964844,140.00294494628906,320.5899963378906,142.50999450683594,24.049999237060547,148.39999389648438,232.89999389648438,141.0,132.22000122070312,187.07000732421875,44.529998779296875,186.55999755859375,84.4000015258789,194.91000366210938,157.4199981689453,103.87000274658203,32.34000015258789,80.26000213623047,330.57000732421875,28.170000076293945,261.30999755859375,434.5,96.37999725341797,17.729999542236328,21.149999618530273,430.7900085449219,745.4000244140625,326.8500061035156,20.840944290161133,60.93000030517578,132.4199981689453,152.7899932861328,510.1300048828125,28.56999969482422,140.13999938964844,394.05999755859375,436.9800109863281,19.06999969482422,301.32000732421875,73.5999984741211,425.6000061035156,280.94000244140625,109.94000244140625,8.5600004196167,41.65999984741211,347.5299987792969,188.1699981689453,88.18000030517578,282.8800048828125,96.80000305175781,13.09000015258789,317.80999755859375,498.42999267578125,154.82000732421875,59.16999816894531,41.73847961425781,85.55999755859375,113.0999984741211,55.599998474121094,54.970001220703125,180.4199981689453,162.3000030517578,141.1300048828125
2026-07-09,316.2200012207031,249.91000366210938,94.4000015258789,139.05999755859375,222.64999389648438,393.6400146484375,241.27999877929688,248.63999938964844,588.6599731445312,546.719970703125,363.6199951171875,247.0399932861328,184.69000244140625,520.4299926757812,175.30999755859375,327.8699951171875,1804.25,73.87999725341797,401.1099853515625,582.0,346.7200012207031,223.11000061035156,111.13999938964844,59.25,33.68000030517578,40.52000045776367,175.52000427246094,1019.6799926757812,57.939998626708984,495.45001220703125,44.9900016784668,122.1500015258789,139.57000732421875,938.3900146484375,347.79998779296875,385.95001220703125,250.74000549316406,30.520000457763672,91.01000213623047,354.7799987792969,23.350000381469727,239.7100067138672,158.44000244140625,108.0199966430664,912.969970703125,265.6499938964844,162.5,198.39999389648438,118.30999755859375,174.0500030517578,592.9000244140625,195.97999572753906,96.16999816894531,125.26000213623047,129.9499969482422,66.77999877929688,103.91999816894531,81.98999786376953,420.3900146484375,133.5399932861328,1034.8699951171875,405.8299865722656,41.540000915527344,93.5199966430664,13.609999656677246,163.72999572753906,75.77999877929688,359.0400085449219,1075.260009765625,134.83999633789062,76.6500015258789,356.239990234375,358.8900146484375,1055.969970703125,33.86000061035156,338.7300109863281,223.4199981689453,115.11000061035156,35.810001373291016,295.29998779296875,135.11000061035156,81.0199966430664,112.54000091552734,273.3800048828125,411.54998779296875,297.239990234375,259.1000061035156,335.4700012207031,24.68000030517578,229.52000427246094,82.62999725341797,74.6500015258789,19.18000030517578,525.5599975585938,785.77001953125,1216.949951171875,518.260009765625,213.0,353.1700134277344,523.2000122070312,276.489990234375,792.8099975585938,362.8699951171875,82.38999938964844,690.219970703125,1807.8299560546875,91.1500015258789,631.47998046875,155.33999633789062,83.6500015258789,71.58999633789062,125.06999969482422,243.2100067138672,222.1300048828125,384.3599853515625,93.88999938964844,991.6400146484375,87.0999984741211,75.47000122070312,42.779998779296875,108.83999633789062,202.77999877929688,48.880001068115234,143.72000122070312,338.30999755859375,137.86000061035156,24.25,146.85000610351562,229.52000427246094,141.36000061035156,129.0399932861328,181.1699981689453,45.31999969482422,191.11000061035156,88.75,195.1999969482422,158.4600067138672,106.41000366210938,32.2599983215332,80.37999725341797,332.0299987792969,28.239999771118164,267.489990234375,443.3699951171875,95.16999816894531,18.6200008392334,20.93000030517578,432.9599914550781,751.7100219726562,327.1099853515625,20.762001037597656,59.75,132.27000427246094,150.89999389648438,524.7100219726562,28.850000381469727,139.92999267578125,406.54998779296875,436.9599914550781,19.75,308.5299987792969,74.3499984741211,431.67999267578125,285.0400085449219,110.73999786376953,8.680000305175781,42.349998474121094,348.20001220703125,189.6999969482422,88.41000366210938,281.25,97.08999633789062,13.079999923706055,323.9200134277344,496.5,157.97999572753906,59.4900016784668,41.53200149536133,86.91000366210938,112.20999908447266,54.81999969482422,55.540000915527344,181.11000061035156,162.1699981689453,137.4600067138672
2026-07-10,315.32000732421875,248.0800018310547,93.93000030517578,135.22999572753906,223.63999938964844,395.6499938964844,241.9199981689453,251.61000061035156,602.5,557.8900146484375,363.3900146484375,245.33999633789062,186.9600067138672,506.9800109863281,175.5800018310547,323.3900146484375,1797.3199462890625,73.31999969482422,399.9700012207031,565.7999877929688,350.5799865722656,222.27999877929688,112.33000183105469,59.66999816894531,33.5,41.36000061035156,178.38999938964844,1036.1099853515625,57.58000183105469,493.7099914550781,44.77000045776367,123.08999633789062,140.7899932861328,952.4099731445312,347.8299865722656,384.1700134277344,251.3800048828125,30.600000381469727,92.23999786376953,359.8500061035156,23.56999969482422,240.27000427246094,159.07000732421875,109.04000091552734,916.25,257.7900085449219,163.32000732421875,187.17999267578125,121.30999755859375,176.39999389648438,586.8599853515625,199.0500030517578,95.62000274658203,125.4800033569336,124.76000213623047,66.9000015258789,104.33000183105469,82.66000366210938,416.2300109863281,134.10000610351562,1051.2099609375,407.2799987792969,41.4900016784668,94.55000305175781,14.0,157.50999450683594,75.52999877929688,359.2699890136719,1091.5699462890625,129.8300018310547,77.8499984741211,355.0299987792969,357.17999267578125,1055.1800537109375,32.41999816894531,343.29998779296875,226.4199981689453,111.97000122070312,36.22999954223633,287.55999755859375,135.25999450683594,81.31999969482422,109.83999633789062,274.9599914550781,406.7799987792969,295.989990234375,256.9800109863281,336.4700012207031,24.850000381469727,231.52000427246094,83.48999786376953,75.0199966430664,19.479999542236328,529.7899780273438,802.010009765625,1188.5799560546875,523.219970703125,211.6300048828125,350.3299865722656,526.739990234375,274.6000061035156,805.9600219726562,342.0799865722656,83.87000274658203,689.8200073242188,1852.219970703125,91.6500015258789,669.2100219726562,157.52000427246094,82.47000122070312,71.79000091552734,123.54000091552734,235.80999755859375,222.27999877929688,385.1000061035156,94.63999938964844,979.2999877929688,87.95999908447266,73.37000274658203,44.369998931884766,107.70999908447266,210.9600067138672,49.47999954223633,140.63999938964844,325.9100036621094,137.3800048828125,24.170000076293945,147.0399932861328,230.72000122070312,140.8699951171875,126.79000091552734,181.6199951171875,46.31999969482422,189.16000366210938,84.37999725341797,195.92999267578125,157.86000061035156,106.01000213623047,32.400001525878906,80.86000061035156,333.989990234375,28.309999465942383,261.45001220703125,445.5,95.61000061035156,18.780000686645508,20.850000381469727,430.5,754.9500122070312,329.7799987792969,21.1299991607666,59.310001373291016,135.13999938964844,151.33999633789062,527.0499877929688,29.31999969482422,140.72999572753906,407.760009765625,434.1099853515625,19.530000686645508,311.4599914550781,74.54000091552734,424.6199951171875,286.9599914550781,112.47000122070312,8.819999694824219,42.970001220703125,348.9700012207031,190.1199951171875,88.56999969482422,280.69000244140625,97.31999969482422,14.720000267028809,318.8599853515625,485.3900146484375,158.86000061035156,59.88999938964844,42.119998931884766,87.16000366210938,113.9000015258789,55.08000183105469,55.709999084472656,181.9199981689453,160.83999633789062,138.8800048828125
2026-07-13,317.30999755859375,248.0,92.11000061035156,138.52000427246094,230.61000061035156,386.010009765625,251.0500030517578,256.45001220703125,575.3900146484375,534.3900146484375,360.45001220703125,247.30999755859375,181.14999389648438,442.8500061035156,179.89999389648438,298.989990234375,1726.0400390625,67.58000183105469,384.04998779296875,547.030029296875,354.42999267578125,215.50999450683594,112.3499984741211,59.5,32.83000183105469,42.86000061035156,175.8000030517578,1031.56005859375,59.34000015258789,496.8500061035156,44.650001525878906,122.04000091552734,140.7100067138672,931.469970703125,354.739990234375,377.9200134277344,257.57000732421875,29.829999923706055,93.20999908447266,345.17999267578125,23.969999313354492,245.10000610351562,157.3699951171875,112.8499984741211,926.4299926757812,236.8800048828125,171.22000122070312,187.91000366210938,119.25,182.1999969482422,585.6400146484375,200.16000366210938,96.0,126.86000061035156,132.33999633789062,64.5,103.23999786376953,81.1500015258789,425.1700134277344,139.61000061035156,1039.530029296875,402.8500061035156,41.22999954223633,92.72000122070312,13.850000381469727,160.6199951171875,73.37000274658203,353.4200134277344,1042.5999755859375,131.39999389648438,76.72000122070312,350.6700134277344,352.510009765625,1045.9100341796875,33.470001220703125,337.1099853515625,222.25,109.86000061035156,35.220001220703125,290.2300109863281,137.6699981689453,78.48999786376953,103.12000274658203,289.760009765625,407.1199951171875,293.4800109863281,257.7699890136719,334.5299987792969,25.229999542236328,222.25,84.25,75.12000274658203,19.229999542236328,524.0599975585938,768.1500244140625,1181.8699951171875,520.6799926757812,207.6999969482422,329.9200134277344,537.7000122070312,272.6099853515625,812.280029296875,337.9700012207031,83.56999969482422,685.97998046875,1867.300048828125,93.02999877929688,656.72998046875,157.6999969482422,86.83999633789062,71.87000274658203,124.02999877929688,217.52999877929688,221.08999633789062,390.989990234375,92.0999984741211,937.0,88.37999725341797,73.83000183105469,43.7599983215332,111.26000213623047,203.52999877929688,49.279998779296875,131.5399932861328,330.29998779296875,138.49000549316406,24.479999542236328,148.3699951171875,234.47999572753906,142.16000366210938,130.0399932861328,180.19000244140625,47.650001525878906,183.97999572753906,83.83999633789062,196.38999938964844,159.97000122070312,107.33999633789062,32.560001373291016,79.66999816894531,328.9700012207031,27.65999984741211,268.6499938964844,433.82000732421875,96.47000122070312,18.1299991607666,20.68000030517578,437.8399963378906,749.1699829101562,331.45001220703125,21.549999237060547,58.0099983215332,134.77000427246094,150.52999877929688,528.510009765625,29.959999084472656,136.1300048828125,394.760009765625,421.5799865722656,19.790000915527344,298.57000732421875,74.26000213623047,429.0899963378906,289.1300048828125,112.88999938964844,9.119999885559082,40.720001220703125,357.75,196.80999755859375,87.86000061035156,295.7900085449219,97.83000183105469,15.470000267028809,305.8699951171875,480.25,158.1199951171875,58.790000915527344,42.68000030517578,87.66999816894531,114.77999877929688,56.7400016784668,56.06999969482422,180.3699951171875,161.41000366210938,144.50999450683594
2026-07-14,314.8599853515625,244.77999877929688,88.95999908447266,134.55999755859375,220.77999877929688,392.75,246.44000244140625,250.35000610351562,595.7000122070312,548.1300048828125,355.25,247.49000549316406,182.57000732421875,448.9800109863281,174.4600067138672,281.1700134277344,1775.6400146484375,68.81999969482422,389.1099853515625,547.260009765625,355.05999755859375,217.11000061035156,112.31999969482422,60.619998931884766,33.13999938964844,41.369998931884766,174.85000610351562,1025.43994140625,56.95000076293945,491.0899963378906,42.630001068115234,124.55999755859375,133.27000427246094,933.3400268554688,346.2200012207031,376.79998779296875,256.42999267578125,30.139999389648438,91.02999877929688,345.0299987792969,23.190000534057617,243.61000061035156,161.5,111.87000274658203,921.75,236.17999267578125,167.55999755859375,210.72999572753906,117.08999633789062,181.75999450683594,584.4000244140625,199.0500030517578,95.87000274658203,126.37000274658203,128.35000610351562,65.66999816894531,103.95999908447266,80.86000061035156,426.7900085449219,138.00999450683594,1023.5399780273438,415.5199890136719,41.38999938964844,93.88999938964844,13.9399995803833,166.8300018310547,74.87999725341797,353.7300109863281,1066.010009765625,130.0399932861328,76.87000274658203,357.3299865722656,359.510009765625,1140.0,32.97999954223633,337.739990234375,222.67999267578125,113.44999694824219,36.58000183105469,217.07000732421875,137.61000061035156,79.72000122070312,107.76000213623047,282.42999267578125,379.5,294.510009765625,253.85000610351562,342.8900146484375,25.079999923706055,230.3699951171875,83.08000183105469,75.0,18.760000228881836,522.5399780273438,814.7999877929688,1152.5400390625,514.989990234375,207.67999267578125,346.1000061035156,538.02001953125,268.94000244140625,803.3699951171875,344.6700134277344,79.30000305175781,689.1900024414062,1873.8800048828125,92.54000091552734,661.0399780273438,156.5800018310547,81.83999633789062,70.16000366210938,120.77999877929688,222.44000244140625,227.6699981689453,384.92999267578125,97.58000183105469,983.1199951171875,89.54000091552734,73.52999877929688,42.86000061035156,104.8499984741211,211.8000030517578,49.06999969482422,127.94000244140625,352.8900146484375,135.4499969482422,24.25,146.0800018310547,226.5800018310547,142.49000549316406,133.72000122070312,175.9499969482422,47.369998931884766,178.10000610351562,88.05000305175781,193.38999938964844,154.80999755859375,106.16999816894531,32.20000076293945,75.3499984741211,328.5,27.649999618530273,275.94000244140625,425.8999938964844,95.95999908447266,18.549999237060547,20.799999237060547,438.8699951171875,751.8300170898438,311.07000732421875,21.280000686645508,58.34000015258789,134.0,150.33999633789062,534.0700073242188,30.0,135.36000061035156,396.17999267578125,420.3900146484375,18.940000534057617,305.54998779296875,72.08000183105469,425.19000244140625,288.29998779296875,113.66999816894531,9.029999732971191,41.54999923706055,356.0199890136719,193.08999633789062,88.30000305175781,301.42999267578125,97.56999969482422,15.5600004196167,303.5799865722656,476.30999755859375,158.42999267578125,59.08000183105469,42.470001220703125,85.29000091552734,113.69999694824219,56.95000076293945,56.18000030517578,180.4499969482422,158.2899932861328,145.08999633789062
2026-07-15,327.5,244.11000061035156,89.2699966430664,137.02000427246094,224.55999755859375,390.9599914550781,247.47000122070312,239.47999572753906,579.4299926757812,529.1400146484375,358.32000732421875,254.9600067138672,171.9199981689453,452.7300109863281,175.39999389648438,277.010009765625,1815.27001953125,66.30999755859375,394.2799987792969,541.1199951171875,358.44000244140625,218.1199951171875,117.69000244140625,61.59000015258789,33.630001068115234,44.630001068115234,182.8000030517578,1093.4000244140625,58.720001220703125,488.3500061035156,43.040000915527344,127.05000305175781,134.88999938964844,914.2999877929688,337.44000244140625,371.5,258.114990234375,30.209999084472656,91.47000122070312,334.7699890136719,23.489999771118164,245.17999267578125,167.2100067138672,111.45999908447266,916.5399780273438,226.74000549316406,167.0,206.77000427246094,111.7699966430664,181.60000610351562,589.47998046875,200.7899932861328,97.1500015258789,124.33999633789062,131.22000122070312,65.56999969482422,104.6500015258789,82.30999755859375,390.3299865722656,137.47000122070312,1022.5999755859375,412.8599853515625,41.5,93.5,14.180000305175781,164.50999450683594,74.0,360.3500061035156,1055.280029296875,131.6999969482422,77.63999938964844,370.2099914550781,370.9200134277344,1152.0699462890625,32.83000183105469,341.44000244140625,222.83999633789062,115.54000091552734,36.810001373291016,211.1999969482422,139.83999633789062,79.68000030517578,102.98999786376953,279.70001220703125,388.9700012207031,295.7699890136719,247.02000427246094,346.9100036621094,25.450000762939453,224.5,82.44999694824219,75.77999877929688,18.700000762939453,514.1500244140625,752.0,1156.6300048828125,514.4600219726562,209.66000366210938,335.42999267578125,535.2100219726562,264.95001220703125,796.3499755859375,333.0400085449219,80.47000122070312,689.489990234375,1843.18994140625,92.19999694824219,681.3099975585938,160.52999877929688,80.70999908447266,70.5199966430664,123.61000061035156,206.25999450683594,228.5500030517578,395.6300048828125,97.47000122070312,904.280029296875,89.0999984741211,73.68000030517578,42.77000045776367,104.7300033569336,212.5,50.560001373291016,132.49000549316406,354.0199890136719,135.39999389648438,24.81999969482422,148.0500030517578,205.22000122070312,143.4199981689453,133.75999450683594,180.8800048828125,55.52000045776367,177.97999572753906,80.37999725341797,195.88999938964844,155.91000366210938,105.11000061035156,32.34000015258789,73.30000305175781,332.2900085449219,26.889999389648438,271.8699951171875,425.2749938964844,94.5999984741211,17.8700008392334,20.709999084472656,444.4800109863281,754.8099975585938,316.44000244140625,21.43000030517578,61.25,138.2899932861328,150.97000122070312,535.2899780273438,30.389999389648438,140.25999450683594,394.4599914550781,419.4800109863281,19.3700008392334,301.19000244140625,72.66999816894531,418.5199890136719,288.3599853515625,112.94000244140625,9.239999771118164,40.900001525878906,355.1400146484375,193.6699981689453,89.12000274658203,292.6600036621094,97.86000061035156,15.079999923706055,304.57000732421875,477.0799865722656,160.22999572753906,59.47999954223633,42.83000183105469,87.51000213623047,112.52999877929688,56.5,56.560001373291016,180.05999755859375,158.2899932861328,144.50999450683594
